{
  "data_path": "data/surrogate_v2/boptest_v2_tsupply.csv",
  "model_path": "outputs/surrogate_v2/rc_node_v3_tsupply.pt",
  "target_mode": "clean",
  "inject_artifacts": true,
  "policy_filter": "mixed",
  "season_filter": null,
  "rows": 600,
  "epochs_ran": 5,
  "best_epoch": 1,
  "baseline_rmse_c": 0.6875942945480347,
  "baseline_mae_c": 0.5219566822052002,
  "baseline_bias_c": 0.15032745897769928,
  "baseline_power_mae_w": 45.305423736572266,
  "calibrated_rmse_c": 0.647577166557312,
  "calibrated_mae_c": 0.4847627282142639,
  "calibrated_bias_c": 0.10368279367685318,
  "calibrated_power_mae_w": 46.26137161254883,
  "improvement_rmse_pct": 5.819874933230281,
  "scale_dT": 1.0011423826217651,
  "scale_dT_abs": 1.0011423826217651,
  "bias_T_c": 0.0018586298683658242,
  "scale_P": 0.9816911816596985,
  "bias_P_w": -0.01844913698732853,
  "czon_est_j_per_k": 529395.228091383,
  "czon_error_pct": 26.04648287890072,
  "backbone_lr": 0.0001,
  "head_lr": 0.005,
  "preprocess_summary": {
    "latency_est_steps": 2.0,
    "latency_search_rmse_c": 0.6372329516323201,
    "temp_bias_est_c": 0.3676559768676757,
    "power_scale_est": 1.0268072019889112,
    "power_bias_est_w": 34.944623188534855,
    "postprocess_rmse_c": 1.3652985503678963,
    "postprocess_power_mae_w": 46.1503551217423
  }
}