step,sim_time_sec,t_zone_c,t_amb_c,p_total_w,a0,a1,t_supply_cmd_c,fan_cmd_u,controller_source,prev_t_zone_c
0,261000.0,26.861723502186976,-22.75,5211.253409605777,1.0,1.0,35.0,1.0,emergency,16.117025771219744
1,261900.0,21.7912877319701,-23.025000000000006,2522.5432408464194,-0.107267826795578,1.0,25.588223472237587,1.0,winter,26.861723502186976
2,262800.0,23.277944180787244,-23.30000000000001,3388.5475282537705,0.23282182216644287,1.0,28.478985488414764,1.0,winter,21.7912877319701
3,263700.0,22.81962523577789,-23.57499999999999,3241.7470314107027,0.15132872760295868,1.0,27.78629418462515,1.0,winter,23.277944180787244
4,264600.0,22.91309185738305,-23.849999999999994,3372.8385598375216,0.18763849139213562,1.0,28.094927176833153,1.0,winter,22.81962523577789
5,265500.0,22.854872696375935,-24.125,3410.4983681443855,0.1882735788822174,1.0,28.100325420498848,1.0,winter,22.91309185738305
6,266400.0,22.849130158173693,-24.400000000000006,3467.951300334699,0.19882875680923462,1.0,28.190044432878494,1.0,winter,22.854872696375935
7,267300.0,22.772500365848543,-24.3828125,3478.7681491361786,0.19212216138839722,1.0,28.133038371801376,1.0,winter,22.849130158173693
8,268200.0,22.793996890950268,-23.98750000000001,3519.1285198334763,0.2025722861289978,1.0,28.22186443209648,1.0,winter,22.772500365848543
9,269100.0,22.790573713561002,-23.5234375,3533.9402345931985,0.20519208908081055,1.0,28.24413275718689,1.0,winter,22.793996890950268
10,270000.0,22.78936421747295,-23.30000000000001,3551.846818949766,0.20864251255989075,1.0,28.27346135675907,1.0,winter,22.790573713561002
11,270900.0,22.803789776668168,-23.30000000000001,3589.680453811618,0.2177208960056305,1.0,28.35062761604786,1.0,winter,22.78936421747295
12,271800.0,22.772818044459086,-23.30000000000001,3620.0231472684745,0.22001096606254578,1.0,28.37009321153164,1.0,winter,22.803789776668168
13,272700.0,22.74293926721964,-23.30000000000001,3659.453221704385,0.22414922714233398,1.0,28.40526843070984,1.0,winter,22.772818044459086
14,273600.0,22.710542017657872,-23.30000000000001,3694.801908451766,0.22719645500183105,1.0,28.431169867515564,1.0,winter,22.74293926721964
15,274500.0,22.809253060430876,-23.30000000000001,3787.6130129584844,0.2566402852535248,1.0,28.68144242465496,1.0,winter,22.710542017657872
16,275400.0,22.74371681754434,-23.30000000000001,3789.018226100746,0.24928182363510132,1.0,28.61889550089836,1.0,winter,22.809253060430876
17,276300.0,22.718570875965327,-23.30000000000001,3813.2747840348993,0.25103577971458435,1.0,28.633804127573967,1.0,winter,22.74371681754434
18,277200.0,22.678667161967496,-23.30000000000001,3828.3418489952287,0.24929013848304749,1.0,28.618966177105904,1.0,winter,22.718570875965327
19,278100.0,22.589064495499372,-23.30000000000001,3816.906721692134,0.23662331700325012,1.0,28.511298194527626,1.0,winter,22.678667161967496
20,279000.0,22.563199470380596,-23.30000000000001,3836.6852027311393,0.23741698265075684,1.0,28.518044352531433,1.0,winter,22.589064495499372
21,279900.0,22.519974927092903,-23.30000000000001,3843.6454834508054,0.23371151089668274,1.0,28.486547842621803,1.0,winter,22.563199470380596
22,280800.0,22.478909797950678,-23.30000000000001,3851.5071101518033,0.23042723536491394,1.0,28.45863150060177,1.0,winter,22.519974927092903
23,281700.0,22.460267571481893,-23.30000000000001,3873.528615402478,0.23248443007469177,1.0,28.47611765563488,1.0,winter,22.478909797950678
24,282600.0,22.40180545019325,-23.30000000000001,3879.5864702788344,0.2267993688583374,1.0,28.427794635295868,1.0,winter,22.460267571481893
25,283500.0,22.34887125838702,-23.30000000000001,3891.4417970397276,0.22286945581436157,1.0,28.394390374422073,1.0,winter,22.40180545019325
26,284400.0,22.29760976934631,-23.30000000000001,3898.64198455988,0.2182421088218689,1.0,28.355057924985886,1.0,winter,22.34887125838702
27,285300.0,22.246966513916107,-23.386413043478257,3890.5427017737297,0.210757315158844,1.0,28.291437178850174,1.0,winter,22.29760976934631
28,286200.0,22.240427543119836,-23.580434782608705,3867.7751240649004,0.20565152168273926,1.0,28.248037934303284,1.0,winter,22.246966513916107
29,287100.0,22.257290856584802,-23.78423913043477,3818.5158421639426,0.19822731614112854,1.0,28.184932187199593,1.0,winter,22.240427543119836
30,288000.0,22.33005213327391,-23.900000000000006,3727.353579131784,0.18935978412628174,1.0,28.109558165073395,1.0,winter,22.257290856584802
31,288900.0,22.79224461894853,-23.863275074110675,3317.983304758605,0.16539183259010315,1.0,27.905830577015877,1.0,winter,22.33005213327391
32,289800.0,22.853188863856758,-23.67126976284584,3121.427211293998,0.13488508760929108,1.0,27.646523244678974,1.0,winter,22.79224461894853
33,290700.0,22.97584356970998,-23.318629570158095,2989.874355146177,0.12408711016178131,1.0,27.55474043637514,1.0,winter,22.853188863856758
34,291600.0,23.06793334348879,-22.80000000000001,2855.2515827010657,0.10911950469017029,1.0,27.427515789866447,1.0,winter,22.97584356970998
35,292500.0,23.05424492237711,-22.1633877840909,2664.2566156704115,0.07094098627567291,1.0,27.10299838334322,1.0,winter,23.06793334348879
36,293400.0,23.165586114612836,-21.472443181818193,2526.6201944518957,0.05768445134162903,1.0,26.990317836403847,1.0,winter,23.05424492237711
37,294300.0,23.2236996426426,-20.745276988636363,2337.8899004020177,0.03879282623529434,0.9601749181747437,26.829739023000002,0.9800874590873718,winter,23.165586114612836
38,295200.0,23.304934390620815,-20.0,2104.0754770283434,0.019315391778945923,0.8934204578399658,26.66418083012104,0.9467102289199829,winter,23.2236996426426
39,296100.0,23.17712099227208,-19.15486505681818,1752.4038166329208,-0.038072988390922546,0.7689198851585388,26.17637959867716,0.8844599425792694,winter,23.304934390620815
40,297000.0,23.258429967828192,-18.219602272727286,1532.0437809100833,-0.055387675762176514,0.6770378351211548,26.0292047560215,0.8385189175605774,winter,23.17712099227208
41,297900.0,23.32132726798818,-17.34953835227273,1331.3020903133147,-0.0779365599155426,0.6038962006568909,25.837539240717888,0.8019481003284454,winter,23.258429967828192
42,298800.0,23.441313731092464,-16.69999999999999,1133.7347398810655,-0.0978475958108902,0.5390462875366211,25.668295435607433,0.7695231437683105,winter,23.32132726798818
43,299700.0,23.474458759146273,-16.373070790816314,906.5660809978141,-0.1346805840730667,0.45175835490226746,25.355215035378933,0.7258791774511337,winter,23.441313731092464
44,300600.0,23.57932544667443,-16.265688775510228,747.1982008539613,-0.15317893028259277,0.3845186233520508,25.19797909259796,0.6922593116760254,winter,23.474458759146273
45,301500.0,23.677147614512535,-16.225462372448987,605.8686078456711,-0.17244818806648254,0.3289322555065155,25.0341904014349,0.6644661277532578,winter,23.57932544667443
46,302400.0,23.79208384077475,-16.100000000000023,475.51611895206804,-0.189906045794487,0.27827000617980957,24.88579861074686,0.6391350030899048,winter,23.677147614512535
47,303300.0,23.899155373123392,-15.867091836734687,334.96830171252583,-0.2139255553483963,0.22549152374267578,24.68163277953863,0.6127457618713379,winter,23.79208384077475
48,304200.0,24.038672937182866,-15.60612244897959,206.38490823272227,-0.2333882451057434,0.16909942030906677,24.51619991660118,0.5845497101545334,winter,23.899155373123392
49,305100.0,24.173725528161924,-15.317091836734676,79.64323959621565,-0.25622308254241943,0.10528174042701721,24.322103798389435,0.5526408702135086,winter,24.038672937182866
50,306000.0,24.293056559594902,-15.0,39.87776562728611,-0.28152456879615784,0.012654881924390793,24.10704116523266,0.5063274409621954,winter,24.173725528161924
51,306900.0,24.28354949756988,-14.284750566893422,78.47779493667096,-0.3519814610481262,-0.11432233452796936,23.508157581090927,0.4428388327360153,winter,24.293056559594902
52,307800.0,24.424677162834655,-13.148790627362075,100.6500121001624,-0.3673294186592102,-0.11463147401809692,23.377699941396713,0.44268426299095154,winter,24.28354949756988
53,308700.0,24.528606297379042,-12.113435374149674,125.76379417693173,-0.3888070583343506,-0.10498318076133728,23.19514000415802,0.44750840961933136,winter,24.424677162834655
54,309600.0,24.599495305743403,-11.699999999999989,146.6544288996998,-0.40538594126701355,-0.08772304654121399,23.054219499230385,0.456138476729393,winter,24.528606297379042
55,310500.0,24.75371936105512,-11.840196078431347,144.24412842718183,-0.3776235580444336,-0.06423397362232208,23.290199756622314,0.46788301318883896,winter,24.599495305743403
56,311400.0,24.790075087084745,-12.094226579520694,154.16614337526258,-0.385417103767395,-0.059031229466199875,23.223954617977142,0.47048438526690006,winter,24.75371936105512
57,312300.0,24.843825300111632,-12.426143790849665,157.61993560261874,-0.38136908411979675,-0.05037501081824303,23.258362784981728,0.4748124945908785,winter,24.790075087084745
58,313200.0,24.87045367551798,-12.800000000000011,158.37958874933213,-0.3777128756046295,-0.04477274790406227,23.28944055736065,0.47761362604796886,winter,24.843825300111632
59,314100.0,24.971989792931083,-13.17941176470589,134.9175650627067,-0.33157309889793396,-0.032575663179159164,23.68162865936756,0.4837121684104204,winter,24.87045367551798
60,315000.0,24.87842575685096,-13.562254901960785,123.9575702130491,-0.3283439874649048,-0.03343939408659935,23.70907610654831,0.4832803029567003,winter,24.971989792931083
61,315900.0,24.790081184512758,-13.96397058823527,99.37677205525148,-0.30514436960220337,-0.02701558545231819,23.90627285838127,0.4864922072738409,winter,24.87842575685096
62,316800.0,24.65471750694428,-14.399999999999977,67.75211294120683,-0.27854418754577637,-0.019133348017930984,24.1323744058609,0.4904333259910345,winter,24.790081184512758
63,317700.0,24.565516502089565,-14.901171874999989,21.88508438205903,-0.2274647355079651,-0.0008180923759937286,24.566549748182297,0.49959095381200314,winter,24.65471750694428
64,318600.0,24.405717204458426,-15.469791666666652,163.17194405440898,-0.19174307584762573,-0.007197756320238113,24.87018385529518,0.49640112183988094,winter,24.565516502089565
65,319500.0,24.321078472021554,-16.078515625000023,328.6551145343119,-0.15632067620754242,0.13457034528255463,25.17127425223589,0.5672851726412773,winter,24.405717204458426
66,320400.0,24.258830265031065,-16.69999999999999,500.6687029164215,-0.12088465690612793,0.23146501183509827,25.472480416297913,0.6157325059175491,winter,24.321078472021554
67,321300.0,24.49060921477394,-17.50566406249999,821.6025110414552,-0.025887805968523026,0.386383980512619,26.279953649267554,0.6931919902563095,winter,24.258830265031065
68,322200.0,24.3702768892407,-18.50468749999999,943.6451318645895,-0.024455513805150986,0.47670915722846985,26.292128132656217,0.7383545786142349,winter,24.49060921477394
69,323100.0,24.366955086758765,-19.426367187500006,1110.2507685033916,0.004669882357120514,0.5410104393959045,26.539694000035524,0.7705052196979523,winter,24.3702768892407
70,324000.0,24.34780630971028,-20.0,1243.6470302207358,0.021732084453105927,0.6040732264518738,26.6847227178514,0.8020366132259369,winter,24.366955086758765
71,324900.0,23.85306798067745,-20.194648437500007,1593.3409360494454,0.03267490863800049,0.6593440175056458,26.777736723423004,0.8296720087528229,winter,24.34780630971028
72,325800.0,24.04367074068699,-20.2096875,1860.7770125158138,0.08465728163719177,0.7785144448280334,27.21958689391613,0.8892572224140167,winter,23.85306798067745
73,326700.0,23.941518506257864,-20.11988281250001,1929.1589915783352,0.06900189816951752,0.8509315252304077,27.0865161344409,0.9254657626152039,winter,24.04367074068699
74,327600.0,23.953381354436488,-20.0,2042.4452700605932,0.07922908663749695,0.9089199304580688,27.173447236418724,0.9544599652290344,winter,23.941518506257864
75,328500.0,23.893514784076217,-19.85374999999999,2106.0413017206174,0.07336461544036865,0.9557796716690063,27.123599231243134,0.9778898358345032,winter,23.953381354436488
76,329400.0,23.89443763222988,-19.669999999999987,2198.33868450192,0.08060760796070099,1.0,27.18516466766596,1.0,winter,23.893514784076217
77,330300.0,23.832261695622265,-19.50125,2244.3663573965177,0.08212710916996002,1.0,27.19808042794466,1.0,winter,23.89443763222988
78,331200.0,23.792281554223734,-19.400000000000006,2304.643250651977,0.08897919952869415,1.0,27.2563231959939,1.0,winter,23.832261695622265
79,332100.0,23.745584421432568,-19.48942307692306,2365.570410007607,0.09516291320323944,1.0,27.308884762227535,1.0,winter,23.792281554223734
80,333000.0,23.685873445362688,-19.738461538461536,2425.5371234114687,0.09963034093379974,1.0,27.346857897937298,1.0,winter,23.745584421432568
81,333900.0,23.628664115168363,-19.968269230769238,2487.2613404410995,0.1047273725271225,1.0,27.39018266648054,1.0,winter,23.685873445362688
82,334800.0,23.571545518120274,-20.0,2541.396397375919,0.10838313400745392,1.0,27.42125663906336,1.0,winter,23.628664115168363
83,335700.0,23.46378477290682,-19.859671945701365,2558.3989387464117,0.09897817671298981,1.0,27.341314502060413,1.0,winter,23.571545518120274
84,336600.0,23.42282776871309,-19.702714932126696,2605.4428317833253,0.10317561030387878,1.0,27.37699268758297,1.0,winter,23.46378477290682
85,337500.0,23.353665097009753,-19.544400452488674,2632.5516166509074,0.10023978352546692,1.0,27.35203815996647,1.0,winter,23.42282776871309
86,338400.0,23.295918116945472,-19.400000000000006,2662.615666195278,0.09920993447303772,1.0,27.34328444302082,1.0,winter,23.353665097009753
87,339300.0,23.188261072310922,-19.268910845588238,2663.3227451577254,0.08669126033782959,1.0,27.23687571287155,1.0,winter,23.295918116945472
88,340200.0,23.160171424130453,-19.14111519607843,2695.3388989598943,0.08952051401138306,1.0,27.260924369096756,1.0,winter,23.188261072310922
89,341100.0,23.11265962702879,-19.017761948529426,2705.87598098454,0.08595554530620575,1.0,27.23062213510275,1.0,winter,23.160171424130453
90,342000.0,23.08344640419682,-18.900000000000006,2721.5872077314284,0.0855323076248169,1.0,27.227024614810944,1.0,winter,23.11265962702879
91,342900.0,23.022960605257026,-18.847823660714283,2728.9358436366797,0.07982982695102692,1.0,27.17855352908373,1.0,winter,23.08344640419682
92,343800.0,22.99369148329589,-18.875446428571422,2760.830213939821,0.0824931263923645,1.0,27.2011915743351,1.0,winter,23.022960605257026
93,344700.0,22.958422340656682,-18.915345982142867,2793.561364563391,0.08460733294487,1.0,27.219162330031395,1.0,winter,22.99369148329589
94,345600.0,22.93277662392626,-18.900000000000006,2831.663926793668,0.08887797594070435,1.0,27.255462795495987,1.0,winter,22.958422340656682
95,346500.0,22.851736035043473,-18.721146616541347,2840.4056601677607,0.08101411163806915,1.0,27.188619948923588,1.0,winter,22.93277662392626
96,347400.0,22.854481334811453,-18.396867167919794,2886.4152895515977,0.09013639390468597,1.0,27.26615934818983,1.0,winter,22.851736035043473
97,348300.0,22.833139977889005,-18.04915413533834,2913.4123833226286,0.0927886962890625,1.0,27.28870391845703,1.0,winter,22.854481334811453
98,349200.0,22.82807859879523,-17.80000000000001,2940.964815681472,0.09746308624744415,1.0,27.328436233103275,1.0,winter,22.833139977889005
99,350100.0,22.698685072336332,-17.77919407894737,2915.6158503741667,0.07739122211933136,1.0,27.157825388014317,1.0,winter,22.82807859879523
100,351000.0,22.73313610280053,-17.945394736842104,2963.6220044655797,0.09062682092189789,1.0,27.270327977836132,1.0,winter,22.698685072336332
101,351900.0,22.723229845420462,-18.163898026315792,2985.1449045218965,0.09357857704162598,1.0,27.29541790485382,1.0,winter,22.73313610280053
102,352800.0,22.73117632952568,-18.30000000000001,3014.6234106824527,0.10015298426151276,1.0,27.35130036622286,1.0,winter,22.723229845420462
103,353700.0,22.693042701754507,-18.14474381625442,3030.865386322921,0.09877485036849976,1.0,27.339586228132248,1.0,winter,22.73117632952568
104,354600.0,22.688052845048503,-17.652650176678435,3068.0140458838023,0.10529528558254242,1.0,27.39500992745161,1.0,winter,22.693042701754507
105,355500.0,22.675268641962873,-16.934231448763228,3088.9216599885863,0.10779191553592682,1.0,27.416231282055378,1.0,winter,22.688052845048503
106,356400.0,22.675684678972118,-16.100000000000023,3097.076866462061,0.10940183699131012,1.0,27.429915614426136,1.0,winter,22.675268641962873
107,357300.0,21.911744157373334,-13.380603181586935,2701.7665504701963,-0.0560886412858963,1.0,26.02324654906988,1.0,winter,22.675684678972118
108,358200.0,22.1797225596776,-8.453575504255411,2679.591151285945,-0.028804458677768707,1.0,26.255162101238966,1.0,winter,21.911744157373334
109,359100.0,22.163517875757577,-3.5997600747961656,2459.9058876938475,-0.07273796200752258,1.0,25.881727322936058,1.0,winter,22.1797225596776
110,360000.0,22.163964876126897,-1.1000000000000227,2302.2952959958843,-0.10283704847097397,1.0,25.62588508799672,1.0,winter,22.163517875757577
111,360900.0,22.789376862229233,-2.465969081922367,2573.6631434226215,0.022648997604846954,1.0,26.6925164796412,1.0,winter,22.163964876126897
112,361800.0,22.625162342878184,-6.1883689136607245,2589.146026257514,0.006290547549724579,1.0,26.55346965417266,1.0,winter,22.789376862229233
113,362700.0,22.643052975580815,-10.016584288568708,2770.839990769542,0.04314855486154556,1.0,26.866762716323137,1.0,winter,22.625162342878184
114,363600.0,22.63576250393237,-11.699999999999989,2904.8653819237315,0.06792876124382019,1.0,27.07739447057247,1.0,winter,22.643052975580815
115,364500.0,22.46541210476113,-11.249807760185547,2866.807415370936,0.04061019420623779,1.0,26.84518665075302,1.0,winter,22.63576250393237
116,365400.0,22.489169336693976,-10.447009883017358,2887.872616802356,0.047435462474823,1.0,26.903201431035995,1.0,winter,22.46541210476113
117,366300.0,22.460717621765355,-9.695707064340468,2866.5149967316306,0.04000180959701538,1.0,26.84001538157463,1.0,winter,22.489169336693976
118,367200.0,22.428261365806748,-9.399999999999977,2851.243948506865,0.033259354531764984,1.0,26.782704513520002,1.0,winter,22.460717621765355
119,368100.0,22.456261579647958,-9.86457889125802,2892.937769723504,0.04452446103096008,1.0,26.87845791876316,1.0,winter,22.428261365806748
120,369000.0,22.356344245197818,-10.713752665245181,2896.4025983306155,0.033427685499191284,1.0,26.784135326743126,1.0,winter,22.456261579647958
121,369900.0,22.27842070097978,-11.331050106609837,2917.0641272043827,0.02820780873298645,1.0,26.739766374230385,1.0,winter,22.356344245197818
122,370800.0,22.208317866799575,-11.100000000000023,2914.75854239079,0.01951521635055542,1.0,26.66587933897972,1.0,winter,22.27842070097978
123,371700.0,21.85533101128192,-9.939285714285688,2728.5682281436452,-0.057630401104688644,1.0,26.010141590610147,1.0,winter,22.208317866799575
124,372600.0,21.886171107559846,-8.407142857142844,2684.2065387619973,-0.06249314919114113,1.0,25.9688082318753,1.0,winter,21.85533101128192
125,373500.0,21.844725655507943,-6.846428571428589,2551.193566933179,-0.0893453061580658,0.9875359535217285,25.74056489765644,0.9937679767608643,winter,21.886171107559846
126,374400.0,21.85464517903364,-5.600000000000023,2340.084841674537,-0.11576820909976959,0.938273549079895,25.51597022265196,0.9691367745399475,winter,21.844725655507943
127,375300.0,21.990399503344634,-4.625,1624.1883930942577,-0.20583602786064148,0.7717604637145996,24.750393763184547,0.8858802318572998,winter,21.85464517903364
128,376200.0,21.751493337321392,-3.6499999999999773,1187.8326149655481,-0.2832697033882141,0.5401391983032227,24.09220752120018,0.7700695991516113,winter,21.990399503344634
129,377100.0,21.623525585138793,-2.6750000000000114,891.0435539020115,-0.33312177658081055,0.3347720503807068,23.66846489906311,0.6673860251903534,winter,21.751493337321392
130,378000.0,21.47019327293515,-1.6999999999999886,648.6007531543137,-0.387084424495697,0.15050798654556274,23.209782391786575,0.5752539932727814,winter,21.623525585138793
131,378900.0,21.11351992162986,-0.7250000000000227,319.7620953702118,-0.5122270584106445,-0.05118659511208534,22.14607000350952,0.47440670244395733,winter,21.47019327293515
132,379800.0,21.179535114259863,0.25,141.09508729914046,-0.5568876266479492,-0.26519933342933655,21.76645517349243,0.3674003332853317,winter,21.11351992162986
133,380700.0,21.310320210782777,1.2250000000000227,11.058947850954615,-0.6285816431045532,-0.4618983566761017,21.157056033611298,0.26905082166194916,winter,21.179535114259863
134,381600.0,21.786798041514146,2.1999999999999886,5.192117743803699,-0.6888049840927124,-0.9515482187271118,20.645157635211945,0.024225890636444092,winter,21.310320210782777
135,382500.0,22.372988417834847,2.971986607142867,0.41951895514620174,-0.8517988920211792,-0.9986584782600403,19.259709417819977,0.0006707608699798584,winter,21.786798041514146
136,383400.0,22.914301109094936,3.4669642857143117,5.005744790290959e-11,-0.9343276023864746,-1.0,18.558215379714966,0.0,winter,22.372988417834847
137,384300.0,23.41690839712919,3.878459821428578,1.4189779205920578e-29,-1.0,-1.0,18.0,0.0,winter,22.914301109094936
138,385200.0,23.505526313782013,4.399999999999977,57.41656597869637,-1.0,-0.8874150514602661,18.0,0.05629247426986694,winter,23.41690839712919
139,386100.0,21.79444362803065,5.118415178571411,362.98836422235814,-1.0,-0.022654134780168533,18.0,0.48867293260991573,winter,23.505526313782013
140,387000.0,21.50226661857829,5.908035714285688,473.7792958286199,-0.9638327360153198,0.40231144428253174,18.30742174386978,0.7011557221412659,winter,21.79444362803065
141,387900.0,21.921498688619522,6.643638392857156,475.7167128497557,-0.8979665040969849,0.45096853375434875,18.86728471517563,0.7254842668771744,winter,21.50226661857829
142,388800.0,21.699003637563862,7.199999999999989,573.7820256807438,-0.9693373441696167,0.5512511134147644,18.260632574558258,0.7756255567073822,winter,21.921498688619522
143,389700.0,22.07940555421402,7.625,577.5121477850206,-0.9201385974884033,0.570594847202301,18.678821921348572,0.7852974236011505,winter,21.699003637563862
144,390600.0,21.90062519677838,8.050000000000011,670.9368306646348,-0.9825700521469116,0.6527116894721985,18.14815455675125,0.8263558447360992,winter,22.07940555421402
145,391500.0,22.229136592037662,8.475000000000023,675.5054992320238,-0.9423118829727173,0.6653961539268494,18.490348994731903,0.8326980769634247,winter,21.90062519677838
146,392400.0,22.070510348733535,8.899999999999977,757.3170748676239,-0.996120810508728,0.7293180823326111,18.03297311067581,0.8646590411663055,winter,22.229136592037662
147,393300.0,22.201824188195076,9.324999999999989,784.2470423600989,-0.9905573129653931,0.752666711807251,18.08026283979416,0.8763333559036255,winter,22.070510348733535
148,394200.0,22.255487766820238,9.75,820.8880879988197,-1.0,0.7777394652366638,18.0,0.8888697326183319,winter,22.201824188195076
149,395100.0,22.355478493399403,10.175000000000011,843.4182395450738,-1.0,0.787740170955658,18.0,0.893870085477829,winter,22.255487766820238
150,396000.0,22.44480349739274,10.600000000000023,862.9246385090343,-1.0,0.7953892350196838,18.0,0.8976946175098419,winter,22.355478493399403
151,396900.0,22.95850242872274,10.201562500000023,791.2055706177778,-0.9216572046279907,0.7175484895706177,18.66591376066208,0.8587742447853088,winter,22.44480349739274
152,397800.0,22.592024151427836,8.737500000000011,863.2332798407401,-0.9982223510742188,0.7608657479286194,18.01511001586914,0.8804328739643097,winter,22.95850242872274
153,398700.0,23.045571104584496,7.079687499999977,772.9304525000193,-0.9082634449005127,0.6933239102363586,18.779760718345642,0.8466619551181793,winter,22.592024151427836
154,399600.0,22.787685933707337,6.100000000000023,809.5564464205455,-0.9569261074066162,0.713736355304718,18.366128087043762,0.856868177652359,winter,23.045571104584496
155,400500.0,23.324901794900256,5.903765368852476,701.7597176440495,-0.8598284721374512,0.6028425693511963,19.191457986831665,0.8014212846755981,winter,22.787685933707337
156,401400.0,22.858969437899532,5.88504098360653,770.467487527146,-0.9474109411239624,0.65009605884552,18.44700700044632,0.82504802942276,winter,23.324901794900256
157,402300.0,23.21568603133261,5.848796106557359,678.313426049182,-0.8713359832763672,0.562721848487854,19.09364414215088,0.781360924243927,winter,22.858969437899532
158,403200.0,22.820120493743218,5.600000000000023,704.6445638995147,-0.9314372539520264,0.5801876783370972,18.582783341407776,0.7900938391685486,winter,23.21568603133261
159,404100.0,23.253170410816267,5.140720022474852,562.8032997940421,-0.8212209939956665,0.44194871187210083,19.519621551036835,0.7209743559360504,winter,22.820120493743218
160,405000.0,22.73368195046578,4.603668693812779,581.8413861427986,-0.8897151947021484,0.4637879729270935,18.93742084503174,0.7318939864635468,winter,23.253170410816267
161,405900.0,23.020504620783754,3.9897830182443386,461.50809706614405,-0.8014676570892334,0.331371545791626,19.687524914741516,0.665685772895813,winter,22.73368195046578
162,406800.0,22.6768912356967,3.3000000000000114,461.1438261821282,-0.8450212478637695,0.32280057668685913,19.31731939315796,0.6614002883434296,winter,23.020504620783754
163,407700.0,23.33818407051939,2.203326612903197,294.9481605901174,-0.6831687688827515,0.0907580628991127,20.693065464496613,0.5453790314495564,winter,22.6768912356967
164,408600.0,22.776982061428612,0.7362903225806576,332.33503018210024,-0.7788398265838623,0.1252117156982422,19.87986147403717,0.5626058578491211,winter,23.33818407051939
165,409500.0,23.093279667158356,-0.5488911290322562,228.16627607683074,-0.6771669387817383,-0.03836468234658241,20.744081020355225,0.4808176588267088,winter,22.776982061428612
166,410400.0,22.86942635219043,-1.1000000000000227,221.98830789391047,-0.7114691734313965,-0.08176572620868683,20.45251202583313,0.4591171368956566,winter,23.093279667158356
167,411300.0,22.32353687311422,-1.1000000000000227,124.6418124218608,-0.6693366765975952,-0.1903582364320755,20.81063824892044,0.40482088178396225,winter,22.86942635219043
168,412200.0,22.49122182535274,-1.1000000000000227,55.241969752083726,-0.5713086128234863,-0.3645663857460022,21.643876791000366,0.3177168071269989,winter,22.32353687311422
169,413100.0,22.365408212843818,-1.1000000000000227,40.02352701808452,-0.5813385248184204,-0.49896809458732605,21.558622539043427,0.250515952706337,winter,22.49122182535274
170,414000.0,22.257475278276672,-1.1000000000000227,24.176789069575715,-0.5719499588012695,-0.6010584235191345,21.63842535018921,0.19947078824043274,winter,22.365408212843818
171,414900.0,22.139726708770013,-1.1000000000000227,13.03405921496464,-0.5674136877059937,-0.7080705165863037,21.676983654499054,0.14596474170684814,winter,22.257475278276672
172,415800.0,22.024425915288077,-1.1000000000000227,2.894171157197006,-0.5468156933784485,-0.8257303833961487,21.852066606283188,0.08713480830192566,winter,22.139726708770013
173,416700.0,21.868760464957745,-1.1000000000000227,3.1898646727919267e-15,-0.507379949092865,-1.0,22.187270432710648,0.0,winter,22.024425915288077
174,417600.0,21.689384255559787,-1.1000000000000227,2.171291843910392e-32,-0.44745302200317383,-1.0,22.696649312973022,0.0,winter,21.868760464957745
175,418500.0,21.500320794797062,-1.4278846153846416,2.864335769551924e-51,-0.321078896522522,-1.0,23.770829379558563,0.0,winter,21.689384255559787
176,419400.0,21.43858786095882,-2.1576923076922867,79.30966308706897,-0.23266898095607758,-0.9166557788848877,24.52231366187334,0.04167211055755615,winter,21.500320794797062
177,420300.0,22.327686065391106,-2.908653846153868,600.1500085245297,-0.18564140796661377,-0.25992095470428467,24.922048032283783,0.37003952264785767,winter,21.43858786095882
178,421200.0,22.514406296362893,-3.3000000000000114,749.4212619752584,-0.23733876645565033,0.17800427973270416,24.482620485126972,0.5890021398663521,winter,22.327686065391106
179,422100.0,22.390592631052982,-3.168846153846175,753.0304464796297,-0.2717456817626953,0.27743804454803467,24.19016170501709,0.6387190222740173,winter,22.514406296362893
180,423000.0,22.48098671651138,-2.7739743589743853,834.9438658811328,-0.24966618418693542,0.34028810262680054,24.37783743441105,0.6701440513134003,winter,22.390592631052982
181,423900.0,22.49744924448396,-2.3671153846153743,879.0650120798247,-0.24900992214679718,0.4094599187374115,24.383415661752224,0.7047299593687057,winter,22.48098671651138
182,424800.0,22.50176069635154,-2.1999999999999886,922.2122670972473,-0.24693720042705536,0.4615159332752228,24.40103379637003,0.7307579666376114,winter,22.49744924448396
183,425700.0,22.536196234511635,-2.314374999999984,990.0728701321995,-0.23600882291793823,0.5171985030174255,24.493925005197525,0.7585992515087128,winter,22.50176069635154
184,426600.0,22.5247106629609,-2.5183333333333167,1044.1991295801663,-0.2330172210931778,0.5652349591255188,24.51935362070799,0.7826174795627594,winter,22.536196234511635
185,427500.0,22.526569241911773,-2.713124999999991,1104.3188300367788,-0.2262822389602661,0.6073411107063293,24.576600968837738,0.8036705553531647,winter,22.5247106629609
186,428400.0,22.520714998070673,-2.8000000000000114,1154.8537002587584,-0.22216488420963287,0.6445611715316772,24.61159848421812,0.8222805857658386,winter,22.526569241911773
187,429300.0,22.468146018381844,-2.6927989130434753,1173.4152785190108,-0.2285384088754654,0.6681802868843079,24.557423524558544,0.8340901434421539,winter,22.520714998070673
188,430200.0,22.468754596543704,-2.4641304347825894,1205.1584517786396,-0.22482526302337646,0.6871739625930786,24.5889852643013,0.8435869812965393,winter,22.468146018381844
189,431100.0,22.440093115928278,-2.2533967391304373,1217.1619021129318,-0.2279701679944992,0.7003048062324524,24.562253572046757,0.8501524031162262,winter,22.468754596543704
190,432000.0,22.41403547588976,-2.1999999999999886,1232.5156938303708,-0.22916445136070251,0.7086376547813416,24.55210216343403,0.8543188273906708,winter,22.440093115928278
191,432900.0,22.445420154090357,-2.378197010869542,1282.0006697051679,-0.2152150273323059,0.7128256559371948,24.6706722676754,0.8564128279685974,winter,22.41403547588976
192,433800.0,22.398213534905324,-2.6951195652173965,1305.6980980404508,-0.21805492043495178,0.7259168028831482,24.64653317630291,0.8629584014415741,winter,22.445420154090357
193,434700.0,22.38405421104659,-3.039482336956496,1349.6085685982216,-0.21319931745529175,0.7419410943984985,24.68780580163002,0.8709705471992493,winter,22.398213534905324
194,435600.0,22.36566220581699,-3.3000000000000114,1391.2700533075388,-0.20979388058185577,0.7596052289009094,24.716752015054226,0.8798026144504547,winter,22.38405421104659
195,436500.0,22.261732043744757,-3.4536562499999945,1389.0583100239123,-0.22122834622859955,0.7532918453216553,24.619559057056904,0.8766459226608276,winter,22.36566220581699
196,437400.0,22.271234685297486,-3.528250000000014,1438.6013062616494,-0.2108892798423767,0.7609378099441528,24.707441121339798,0.8804689049720764,winter,22.261732043744757
197,438300.0,22.254804709737527,-3.4887187499999754,1470.5723029452324,-0.20799647271633148,0.7710588574409485,24.732029981911182,0.8855294287204742,winter,22.271234685297486
198,439200.0,22.251011122293562,-3.3000000000000114,1500.8552408494602,-0.20348075032234192,0.7785334587097168,24.770413622260094,0.8892667293548584,winter,22.254804709737527
199,440100.0,22.054941109058916,-2.7433734939759233,1429.5689825072186,-0.2358235865831375,0.7490580677986145,24.49549951404333,0.8745290338993073,winter,22.251011122293562
200,441000.0,22.100239253739176,-1.8156626506024054,1452.5697164199794,-0.22259916365146637,0.735548734664917,24.607907108962536,0.8677743673324585,winter,22.054941109058916
201,441900.0,22.08815714126314,-0.8051204819277018,1433.8276374685313,-0.2247987985610962,0.719795823097229,24.589210212230682,0.8598979115486145,winter,22.100239253739176
202,442800.0,22.086187784456683,0.0,1417.2757364874392,-0.22427135705947876,0.699051022529602,24.59369346499443,0.849525511264801,winter,22.08815714126314
203,443700.0,21.968127665131647,0.5383294371516172,1349.2971514587937,-0.2379177361726761,0.6265156269073486,24.477699242532253,0.8132578134536743,winter,22.086187784456683
204,444600.0,21.999712049259358,0.9208865311994145,1359.8981924755851,-0.22577743232250214,0.600335419178009,24.580891825258732,0.8001677095890045,winter,21.968127665131647
205,445500.0,22.01569542694756,1.1180003596475672,1368.258997689679,-0.2201029509305954,0.5926027894020081,24.62912491708994,0.796301394701004,winter,21.999712049259358
206,446400.0,22.037083923908142,1.1000000000000227,1387.0012964813063,-0.21320457756519318,0.5931206345558167,24.687761090695858,0.7965603172779083,winter,22.01569542694756
207,447300.0,22.38265824986803,0.42713724723159885,1557.300177247172,-0.14759525656700134,0.656154990196228,25.24544031918049,0.828077495098114,winter,22.037083923908142
208,448200.0,22.354703627480205,-0.8838529128551045,1602.3426563241578,-0.15045589208602905,0.6967326402664185,25.221124917268753,0.8483663201332092,winter,22.38265824986803
209,449100.0,22.396526324231445,-2.17791661651421,1699.5971176184166,-0.13448233902454376,0.7404412031173706,25.356900118291378,0.8702206015586853,winter,22.354703627480205
210,450000.0,22.44310701119798,-2.8000000000000114,1788.571751650878,-0.12110164761543274,0.7872016429901123,25.47063599526882,0.8936008214950562,winter,22.396526324231445
211,450900.0,22.502558773027886,-2.7228474857685114,1849.8330468805002,-0.1058250442147255,0.8065910935401917,25.600487124174833,0.9032955467700958,winter,22.44310701119798
212,451800.0,22.500470934943394,-2.4765180265654863,1871.5620181847642,-0.10432811081409454,0.8181182146072388,25.613211058080196,0.9090591073036194,winter,22.502558773027886
213,452700.0,22.490435430068032,-2.241929554079718,1884.6894066584132,-0.10367561876773834,0.8218613862991333,25.618757240474224,0.9109306931495667,winter,22.500470934943394
214,453600.0,22.465120059853064,-2.1999999999999886,1892.175569630743,-0.10511036217212677,0.8219643235206604,25.606561921536922,0.9109821617603302,winter,22.490435430068032
215,454500.0,22.389542272518383,-2.3355906072106336,1877.1279895579644,-0.10848013311624527,0.7872700095176697,25.577918868511915,0.8936350047588348,winter,22.465120059853064
216,455400.0,22.335502374068597,-2.4968690702087315,1880.800861640688,-0.11187485605478287,0.778748095035553,25.549063723534346,0.8893740475177765,winter,22.389542272518383
217,456300.0,22.262134725816622,-2.6597129981024636,1877.5926174108133,-0.12015093863010406,0.7746763825416565,25.478717021644115,0.8873381912708282,winter,22.335502374068597
218,457200.0,22.173995388125263,-2.8000000000000114,1864.4490551311187,-0.13158242404460907,0.7677796483039856,25.381549395620823,0.8838898241519928,winter,22.262134725816622
219,458100.0,21.991190965604744,-3.10241935483873,1794.0446726700557,-0.15168732404708862,0.7029634118080139,25.210657745599747,0.851481705904007,winter,22.173995388125263
220,459000.0,21.87345694646433,-3.485483870967755,1744.3641152123214,-0.16742785274982452,0.66770339012146,25.07686325162649,0.83385169506073,winter,21.991190965604744
221,459900.0,21.765110245979145,-3.5258064516128798,1667.4363768104436,-0.18914932012557983,0.6345575451850891,24.89223077893257,0.8172787725925446,winter,21.87345694646433
222,460800.0,21.74941129592463,-2.8000000000000114,1511.2179296913698,-0.21563521027565002,0.5868677496910095,24.667100712656975,0.7934338748455048,winter,21.765110245979145
223,461700.0,21.85060715193879,-1.5500000000000114,810.4665038618358,-0.34027335047721863,0.3914986550807953,23.60767652094364,0.6957493275403976,winter,21.74941129592463
224,462600.0,21.485624546451845,-0.30000000000001137,400.17265048866824,-0.45833393931388855,0.08323565125465393,22.604161515831947,0.541617825627327,winter,21.85060715193879
225,463500.0,21.33290135916269,0.9499999999999886,156.60150233250238,-0.5355209112167358,-0.2249150276184082,21.948072254657745,0.3875424861907959,winter,21.485624546451845
226,464400.0,21.38435870930857,2.1999999999999886,6.750058659084605,-0.6141659021377563,-0.5354436039924622,21.27958983182907,0.23227819800376892,winter,21.33290135916269
227,465300.0,21.868479720044718,3.4499999999999886,9.269825736499895e-11,-0.7462702989578247,-1.0,20.15670245885849,0.0,winter,21.38435870930857
228,466200.0,22.444370832119887,4.699999999999989,2.2208812307518388e-29,-0.8298648595809937,-1.0,19.446148693561554,0.0,winter,21.868479720044718
229,467100.0,23.05943201238739,5.949999999999989,7.245480717065664e-48,-0.9457321166992188,-1.0,18.46127700805664,0.0,winter,22.444370832119887
230,468000.0,23.691207933313194,7.199999999999989,1.4591296680831455e-62,-1.0,-1.0,18.0,0.0,winter,23.05943201238739
231,468900.0,24.086388853869323,8.17828947368423,37.39629388382231,-1.0,-0.9335766434669495,18.0,0.03321167826652527,winter,23.691207933313194
232,469800.0,22.91749179437204,8.742105263157896,276.65640689896424,-1.0,-0.40140217542648315,18.0,0.2992989122867584,winter,24.086388853869323
233,470700.0,21.96022985817774,9.084868421052647,485.6797330603936,-1.0,0.21984975039958954,18.0,0.6099248751997948,winter,22.91749179437204
234,471600.0,21.844754815417332,9.399999999999977,593.3856692261027,-1.0,0.4748310148715973,18.0,0.7374155074357986,winter,21.96022985817774
235,472500.0,21.93626637546066,9.726105416156656,664.4833091186802,-1.0,0.5884091854095459,18.0,0.794204592704773,winter,21.844754815417332
236,473400.0,22.072689045022514,10.003824969400227,722.314315539392,-1.0,0.6574305891990662,18.0,0.8287152945995331,winter,21.93626637546066
237,474300.0,22.21577311013391,10.279632037943713,778.3968727357013,-1.0,0.7168432474136353,18.0,0.8584216237068176,winter,22.072689045022514
238,475200.0,22.36696891741599,10.600000000000023,832.5856126185657,-1.0,0.7670490741729736,18.0,0.8835245370864868,winter,22.21577311013391
239,476100.0,22.50569569493848,11.115739202657778,891.5273160196341,-1.0,0.8249676823616028,18.0,0.9124838411808014,winter,22.36696891741599
240,477000.0,22.682255667138634,11.800498338870455,938.6136245843339,-1.0,0.8514677882194519,18.0,0.925733894109726,winter,22.50569569493848
241,477900.0,22.866048157822604,12.435008305647841,979.2449692116477,-1.0,0.8650741577148438,18.0,0.9325370788574219,winter,22.682255667138634
242,478800.0,23.0365612143554,12.800000000000011,1009.9533547948093,-1.0,0.8669642806053162,18.0,0.9334821403026581,winter,22.866048157822604
243,479700.0,23.162764939666147,12.73404910714288,1037.278560306858,-1.0,0.8748072385787964,18.0,0.9374036192893982,winter,23.0365612143554
244,480600.0,23.273045629056924,12.375321428571453,1052.6578720613775,-1.0,0.8695240616798401,18.0,0.93476203083992,winter,23.162764939666147
245,481500.0,23.363262384175243,11.953933035714272,1061.104235664122,-1.0,0.8595346212387085,18.0,0.9297673106193542,winter,23.273045629056924
246,482400.0,23.44035347558787,11.699999999999989,1064.3998796242254,-1.0,0.8457244634628296,18.0,0.9228622317314148,winter,23.363262384175243
247,483300.0,23.50309247465566,11.667328124999983,1066.3356145808266,-1.0,0.8336146473884583,18.0,0.9168073236942291,winter,23.44035347558787
248,484200.0,23.563649923356195,11.70637499999998,1061.2832322741276,-1.0,0.8125933408737183,18.0,0.9062966704368591,winter,23.50309247465566
249,485100.0,23.61332471346202,11.74223437500001,1050.9223864720263,-1.0,0.7869521975517273,18.0,0.8934760987758636,winter,23.563649923356195
250,486000.0,23.641757250389787,11.699999999999989,1034.8555774005554,-1.0,0.7583188414573669,18.0,0.8791594207286835,winter,23.61332471346202
251,486900.0,23.631867971682652,11.497406506147513,1015.8893954674062,-1.0,0.7341312170028687,18.0,0.8670656085014343,winter,23.641757250389787
252,487800.0,23.598129907613327,11.124334016393448,989.6921346931653,-1.0,0.7047821879386902,18.0,0.8523910939693451,winter,23.631867971682652
253,488700.0,23.53338977641016,10.614094518442641,958.3255738543259,-1.0,0.6743515729904175,18.0,0.8371757864952087,winter,23.598129907613327
254,489600.0,23.433506637851394,10.0,921.7842952606471,-1.0,0.6433241367340088,18.0,0.8216620683670044,winter,23.53338977641016
255,490500.0,23.283272429085002,8.958691939890684,874.8149492499346,-1.0,0.6066596508026123,18.0,0.8033298254013062,winter,23.433506637851394
256,491400.0,23.09445458538812,7.461429872495444,817.6575133121115,-1.0,0.5606630444526672,18.0,0.7803315222263336,winter,23.283272429085002
257,492300.0,23.066090693928686,5.983452868852453,735.249243429867,-0.9645785093307495,0.5017973184585571,18.30108267068863,0.7508986592292786,winter,23.09445458538812
258,493200.0,22.9839084727854,5.0,674.3498598278695,-0.9473565816879272,0.44976645708084106,18.44746905565262,0.7248832285404205,winter,23.066090693928686
259,494100.0,22.969224435738056,4.666365131578971,613.3948402848854,-0.9258190393447876,0.38495752215385437,18.630538165569305,0.6924787610769272,winter,22.9839084727854
260,495000.0,22.87965239618387,4.6380847953216175,577.4985715933885,-0.9266219139099121,0.3357040286064148,18.623713731765747,0.6678520143032074,winter,22.969224435738056
261,495900.0,22.843571580983223,4.640762061403507,539.0386443197722,-0.9205552339553833,0.2800678312778473,18.675280511379242,0.6400339156389236,winter,22.87965239618387
262,496800.0,22.770890066478785,4.399999999999977,509.69507841696185,-0.9235920906066895,0.23086699843406677,18.64946722984314,0.6154334992170334,winter,22.843571580983223
263,497700.0,22.420472508750834,3.7061602870813317,375.1221789059704,-0.872536301612854,0.11763295531272888,19.08344143629074,0.5588164776563644,winter,22.770890066478785
264,498600.0,22.624645845808743,2.7787081339712927,279.261331983162,-0.8111400604248047,-0.06339661777019501,19.60530948638916,0.4683016911149025,winter,22.420472508750834
265,499500.0,22.42289506581443,1.986901913875613,261.4065932073056,-0.8435702323913574,-0.1349315643310547,19.329653024673462,0.43253421783447266,winter,22.624645845808743
266,500400.0,22.476204711868547,1.6999999999999886,207.53261256464054,-0.8131639957427979,-0.2560560405254364,19.58810603618622,0.3719719797372818,winter,22.42289506581443
267,501300.0,22.418268650790253,1.8022727272727366,183.12654296229042,-0.8243310451507568,-0.3451880216598511,19.493186116218567,0.32740598917007446,winter,22.476204711868547
268,502200.0,22.378999336957236,1.9257575757575864,160.30387703100013,-0.8303278684616089,-0.4246290326118469,19.442213118076324,0.28768548369407654,winter,22.418268650790253
269,503100.0,22.34569426508159,2.0613636363636374,140.15874138102174,-0.8379318714141846,-0.49901488423347473,19.37757909297943,0.25049255788326263,winter,22.378999336957236
270,504000.0,22.318847088020334,2.1999999999999886,121.30809703238464,-0.8460346460342407,-0.570196270942688,19.308705508708954,0.214901864528656,winter,22.34569426508159
271,504900.0,22.205862421463166,2.3467400568181915,115.45554643356776,-0.8819293975830078,-0.614176869392395,19.003600120544434,0.1929115653038025,winter,22.318847088020334
272,505800.0,22.192969256498316,2.5041856060606165,94.20406748151935,-0.8768686056137085,-0.6786267757415771,19.046616852283478,0.16068661212921143,winter,22.205862421463166
273,506700.0,22.19269805210439,2.6595383522727047,73.50993386195474,-0.8810639381408691,-0.75126713514328,19.010956525802612,0.12436643242835999,winter,22.192969256498316
274,507600.0,22.22236335339278,2.8000000000000114,50.52154286228852,-0.8871934413909912,-0.8328915238380432,18.958855748176575,0.0835542380809784,winter,22.19269805210439
275,508500.0,22.360755526877938,2.4551785714285757,12.431221111235322,-0.8516721725463867,-0.9565302729606628,19.260786533355713,0.02173486351966858,winter,22.22236335339278
276,509400.0,22.28492338411155,1.518392857142885,3.4316319700730114e-13,-0.851111650466919,-1.0,19.26555097103119,0.0,winter,22.360755526877938
277,510300.0,22.069746476840805,0.5224107142857406,1.4975761447411393e-32,-0.7661503553390503,-1.0,19.987721979618073,0.0,winter,22.28492338411155
278,511200.0,21.84489157659516,0.0,4.649084650782343e-51,-0.6614378690719604,-1.0,20.877778112888336,0.0,winter,22.069746476840805
279,512100.0,21.65731073301629,0.022979910714298057,2.2156494594616627e-65,-0.5469709038734436,-1.0,21.85074731707573,0.0,winter,21.84489157659516
280,513000.0,21.495623918820627,0.26098214285713084,4.902164558253252e-84,-0.4315808415412903,-1.0,22.831562846899033,0.0,winter,21.65731073301629
281,513900.0,21.35249326048472,0.6434933035714039,6.298023493979935e-102,-0.33415088057518005,-1.0,23.65971751511097,0.0,winter,21.495623918820627
282,514800.0,21.227377303352625,1.1000000000000227,5.5378995792316405e-121,-0.2635478377342224,-1.0,24.25984337925911,0.0,winter,21.35249326048472
283,515700.0,21.163370279527555,1.877851562499984,17.34765979018551,-0.2702028155326843,-0.9815613627433777,24.203276067972183,0.009219318628311157,winter,21.227377303352625
284,516600.0,21.751379405115927,2.9792708333333167,319.8917842775818,-0.258064866065979,-0.5954884886741638,24.30644863843918,0.2022557556629181,winter,21.163370279527555
285,517500.0,22.05417045184396,3.966054687499991,442.97682612273053,-0.35139840841293335,-0.054993439465761185,23.513113528490067,0.4725032802671194,winter,21.751379405115927
286,518400.0,21.92794969109235,4.399999999999977,388.1539523331645,-0.40988433361053467,0.07740959525108337,23.015983164310455,0.5387047976255417,winter,22.05417045184396
287,519300.0,22.269041520233657,3.8798828125,569.9443361766774,-0.32099637389183044,0.15897218883037567,23.77153082191944,0.5794860944151878,winter,21.92794969109235
288,520200.0,22.15713404860759,2.6848958333333144,586.9614848547864,-0.34311822056770325,0.24198171496391296,23.583495125174522,0.6209908574819565,winter,22.269041520233657
289,521100.0,22.18245181026566,1.3974609375,681.5060415082978,-0.3204909563064575,0.2936038672924042,23.77582687139511,0.6468019336462021,winter,22.15713404860759
290,522000.0,22.193050668618923,0.6000000000000227,760.1179507179149,-0.3077709674835205,0.35634204745292664,23.883946776390076,0.6781710237264633,winter,22.18245181026566
291,522900.0,22.345478380876045,0.2447368421052829,878.332222438756,-0.2747121751308441,0.4501865804195404,24.164946511387825,0.7250932902097702,winter,22.193050668618923
292,523800.0,22.294366081453234,-0.08903508771931001,911.889546942634,-0.2805290222167969,0.49699482321739197,24.115503311157227,0.748497411608696,winter,22.345478380876045
293,524700.0,22.298024298969324,-0.3782894736842195,968.8503088273566,-0.2705489993095398,0.5236672163009644,24.20033350586891,0.7618336081504822,winter,22.294366081453234
294,525600.0,22.294612054837557,-0.6000000000000227,1017.8600580610662,-0.26302123069763184,0.5465875267982483,24.26431953907013,0.7732937633991241,winter,22.298024298969324
295,526500.0,22.311977012994703,-0.7429605263158123,1067.6646879789048,-0.25192880630493164,0.5633184313774109,24.35860514640808,0.7816592156887054,winter,22.294612054837557
296,527400.0,22.315391161255434,-0.842631578947362,1107.3334365944315,-0.24497249722480774,0.5792042016983032,24.417733773589134,0.7896021008491516,winter,22.311977012994703
297,528300.0,22.323783829429203,-0.945986842105242,1147.8982732155575,-0.237015500664711,0.5933770537376404,24.485368244349957,0.7966885268688202,winter,22.315391161255434
298,529200.0,22.33359366173579,-1.1000000000000227,1189.9554113839315,-0.22868552803993225,0.6076557040214539,24.556173011660576,0.8038278520107269,winter,22.323783829429203
299,530100.0,22.47785742849277,-1.4674999999999727,1296.2463185299746,-0.19522763788700104,0.6487497091293335,24.84056507796049,0.8243748545646667,winter,22.33359366173579
300,531000.0,22.47273125340837,-2.0266666666666424,1345.0313942593284,-0.19082410633563995,0.6783205270767212,24.87799509614706,0.8391602635383606,winter,22.47785742849277
301,531900.0,22.50197072031642,-2.5475000000000136,1413.1255617971976,-0.1779734343290329,0.7064768075942993,24.98722580820322,0.8532384037971497,winter,22.47273125340837
302,532800.0,22.534330459427622,-2.8000000000000114,1475.0327857888599,-0.16649091243743896,0.7347507476806641,25.08482724428177,0.867375373840332,winter,22.50197072031642
303,533700.0,22.541339892154213,-2.7296875000000114,1506.2377650569401,-0.15875451266765594,0.734569251537323,25.150586642324924,0.8672846257686615,winter,22.534330459427622
304,534600.0,22.570609675474998,-2.5208333333333144,1535.7416019049897,-0.15053392946720123,0.742287814617157,25.22046159952879,0.8711439073085785,winter,22.541339892154213
305,535500.0,22.592263664705172,-2.3015624999999886,1553.074937080209,-0.14539574086666107,0.7477012872695923,25.26413620263338,0.8738506436347961,winter,22.570609675474998
306,536400.0,22.605901227671666,-2.1999999999999886,1566.9491230715068,-0.14136594533920288,0.7504245638847351,25.298389464616776,0.8752122819423676,winter,22.592263664705172
307,537300.0,22.623098311835406,-2.1999999999999886,1588.8714901416392,-0.13229244947433472,0.7405229806900024,25.375514179468155,0.8702614903450012,winter,22.605901227671666
308,538200.0,22.61518352698141,-2.1999999999999886,1609.1773616480452,-0.12930849194526672,0.7428851127624512,25.400877818465233,0.8714425563812256,winter,22.623098311835406
309,539100.0,22.599878519205276,-2.1999999999999886,1629.5681660315743,-0.12772521376609802,0.7475459575653076,25.414335682988167,0.8737729787826538,winter,22.61518352698141
310,540000.0,22.572493964684497,-2.1999999999999886,1644.7748593498513,-0.12851755321025848,0.7513561844825745,25.407600797712803,0.8756780922412872,winter,22.599878519205276
311,540900.0,22.513049764142522,-2.1999999999999886,1642.2258063098711,-0.13223068416118622,0.7350338101387024,25.376039184629917,0.8675169050693512,winter,22.572493964684497
312,541800.0,22.447652843549577,-2.1999999999999886,1639.5182440872272,-0.13862553238868713,0.727039635181427,25.32168297469616,0.8635198175907135,winter,22.513049764142522
313,542700.0,22.36373408351659,-2.1999999999999886,1629.334567005237,-0.14859023690223694,0.7179496884346008,25.236982986330986,0.8589748442173004,winter,22.447652843549577
314,543600.0,22.264063913888265,-2.1999999999999886,1609.946111034488,-0.16145259141921997,0.7046051621437073,25.12765297293663,0.8523025810718536,winter,22.36373408351659
315,544500.0,21.98445505371859,-2.08935546875,1500.376149492001,-0.2005971223115921,0.6264406442642212,24.794924460351467,0.8132203221321106,winter,22.264063913888265
316,545400.0,21.874705078284137,-1.8132812499999886,1440.5240241702859,-0.2148231863975525,0.5736522674560547,24.674002915620804,0.7868261337280273,winter,21.98445505371859
317,546300.0,21.755393071043613,-1.45556640625,1345.5704086552926,-0.23973633348941803,0.5229223966598511,24.462241165339947,0.7614611983299255,winter,21.874705078284137
318,547200.0,21.716740900690183,-1.1000000000000227,1187.9599086477274,-0.26887041330337524,0.45762357115745544,24.21460148692131,0.7288117855787277,winter,21.755393071043613
319,548100.0,22.093826256269153,-0.7584960937500114,644.114700703502,-0.3433505594730377,0.30239734053611755,23.58152024447918,0.6511986702680588,winter,21.716740900690183
320,549000.0,21.73654525082685,-0.37421875000001137,269.63365819124954,-0.4672817587852478,0.014519844204187393,22.528105050325394,0.5072599221020937,winter,22.093826256269153
321,549900.0,21.65391753964593,0.07216796875002274,61.17664731500208,-0.5395997762680054,-0.31755995750427246,21.913401901721954,0.34122002124786377,winter,21.73654525082685
322,550800.0,21.837293860188424,0.6000000000000227,15.11345436153506,-0.618205189704895,-0.7336546778678894,21.245255887508392,0.1331726610660553,winter,21.65391753964593
323,551700.0,22.436236020273043,1.3726207386363853,1.1172623951776603e-10,-0.7866430282592773,-1.0,19.813534259796143,0.0,winter,21.837293860188424
324,552600.0,23.05936285848412,2.401988636363626,3.0669524092263303e-32,-0.8788092136383057,-1.0,19.030121684074402,0.0,winter,22.436236020273043
325,553500.0,23.71398976678404,3.4803622159091105,1.1398315029422876e-52,-0.9981809854507446,-1.0,18.01546162366867,0.0,winter,23.05936285848412
326,554400.0,24.36463980651945,4.399999999999977,6.650573344913762e-73,-1.0,-1.0,18.0,0.0,winter,23.71398976678404
327,555300.0,24.629534526463715,5.193075284090924,55.9314730737979,-1.0,-0.9088824987411499,18.0,0.04555875062942505,winter,24.36463980651945
328,556200.0,22.921813766919456,5.935511363636351,358.00518713330194,-1.0,-0.23468756675720215,18.0,0.3826562166213989,winter,24.629534526463715
329,557100.0,22.16065698768614,6.485191761363637,560.3835734738782,-1.0,0.32557815313339233,18.0,0.6627890765666962,winter,22.921813766919456
330,558000.0,22.25888399899503,6.699999999999989,621.8206646807896,-1.0,0.4212415814399719,18.0,0.710620790719986,winter,22.16065698768614
331,558900.0,22.36989623498488,6.699999999999989,685.6817856466134,-1.0,0.5118478536605835,18.0,0.7559239268302917,winter,22.25888399899503
332,559800.0,22.50080341909421,6.699999999999989,742.7867965730893,-1.0,0.5797383189201355,18.0,0.7898691594600677,winter,22.36989623498488
333,560700.0,22.63018313409964,6.699999999999989,798.2967168371055,-1.0,0.6410694122314453,18.0,0.8205347061157227,winter,22.50080341909421
334,561600.0,22.75750528800137,6.699999999999989,850.8638658299287,-1.0,0.6946079134941101,18.0,0.847303956747055,winter,22.63018313409964
335,562500.0,22.887149298005625,6.699999999999989,896.0967461260805,-1.0,0.7333582043647766,18.0,0.8666791021823883,winter,22.75750528800137
336,563400.0,22.993165163122057,6.699999999999989,939.1130624093241,-1.0,0.7727062702178955,18.0,0.8863531351089478,winter,22.887149298005625
337,564300.0,23.088870690798217,6.699999999999989,975.0672017830996,-1.0,0.8025998473167419,18.0,0.901299923658371,winter,22.993165163122057
338,565200.0,23.169989244829708,6.699999999999989,1004.1169864074566,-1.0,0.8250633478164673,18.0,0.9125316739082336,winter,23.088870690798217
339,566100.0,23.24194468021443,6.875097656249977,1031.4828269604222,-1.0,0.846713662147522,18.0,0.923356831073761,winter,23.169989244829708
340,567000.0,23.32869958812296,7.258593749999989,1052.8577226389414,-1.0,0.855894923210144,18.0,0.927947461605072,winter,23.24194468021443
341,567900.0,23.410379608953463,7.637792968749977,1070.600370308343,-1.0,0.861042320728302,18.0,0.930521160364151,winter,23.32869958812296
342,568800.0,23.481281879139033,7.800000000000011,1081.499792891655,-1.0,0.8592664003372192,18.0,0.9296332001686096,winter,23.410379608953463
343,569700.0,23.550859450238192,7.742030400815224,1080.5004057942062,-1.0,0.8416494727134705,18.0,0.9208247363567352,winter,23.481281879139033
344,570600.0,23.59269932132395,7.612601902173935,1078.3803071281918,-1.0,0.8290889263153076,18.0,0.9145444631576538,winter,23.550859450238192
345,571500.0,23.624411946935197,7.42687245244565,1070.794396094679,-1.0,0.8114755749702454,18.0,0.9057377874851227,winter,23.59269932132395
346,572400.0,23.642593526224232,7.199999999999989,1058.0095839465448,-1.0,0.7898520827293396,18.0,0.8949260413646698,winter,23.624411946935197
347,573300.0,23.664394852447344,6.952717391304361,1034.21697186308,-1.0,0.7521687150001526,18.0,0.8760843575000763,winter,23.642593526224232
348,574200.0,23.64897522577121,6.691304347826076,1012.2912688513112,-1.0,0.7251124978065491,18.0,0.8625562489032745,winter,23.664394852447344
349,575100.0,23.608757260824575,6.409239130434798,984.1307873834663,-1.0,0.6943902373313904,18.0,0.8471951186656952,winter,23.64897522577121
350,576000.0,23.51778027977707,6.100000000000023,946.0290588190494,-1.0,0.6599417924880981,18.0,0.8299708962440491,winter,23.608757260824575
351,576900.0,23.52478283466894,5.748828124999989,871.6964950539863,-0.9742176532745361,0.5968998074531555,18.219149947166443,0.7984499037265778,winter,23.51778027977707
352,577800.0,23.346290982426467,5.346875000000011,823.1145045475632,-0.9751347303390503,0.5601633191108704,18.211354792118073,0.7800816595554352,winter,23.52478283466894
353,578700.0,23.308118380770395,4.896484375,749.9635956286116,-0.9485858678817749,0.501934826374054,18.437020123004913,0.750967413187027,winter,23.346290982426467
354,579600.0,23.19064929681531,4.399999999999977,699.522832388285,-0.9429731369018555,0.45426827669143677,18.48472833633423,0.7271341383457184,winter,23.308118380770395
355,580500.0,23.46802213185032,3.7835937500000227,582.4059304115682,-0.8655641078948975,0.3288675844669342,19.14270508289337,0.6644337922334671,winter,23.19064929681531
356,581400.0,23.14474059873362,3.0500000000000114,581.8977317846552,-0.9082809686660767,0.31838715076446533,18.77961176633835,0.6591935753822327,winter,23.46802213185032
357,582300.0,23.30566201834597,2.31640625,496.31951290637954,-0.8566461801528931,0.21109896898269653,19.21850746870041,0.6055494844913483,winter,23.14474059873362
358,583200.0,23.1058149640657,1.6999999999999886,481.5859985023564,-0.8810880184173584,0.1779203712940216,19.010751843452454,0.5889601856470108,winter,23.30566201834597
359,584100.0,22.847161894157637,1.1941406249999886,327.96390790968013,-0.8067755699157715,0.02749253436923027,19.642407655715942,0.5137462671846151,winter,23.1058149640657
360,585000.0,22.98906255770902,0.7281249999999773,247.2986805867814,-0.7574710845947266,-0.13764062523841858,20.061495780944824,0.4311796873807907,winter,22.847161894157637
361,585900.0,22.821577217002073,0.32304687499998863,228.09590941982245,-0.7829937934875488,-0.21001553535461426,19.844552755355835,0.39499223232269287,winter,22.98906255770902
362,586800.0,22.81190269420705,0.0,185.92004831650004,-0.7640095949172974,-0.31058111786842346,20.005918443202972,0.34470944106578827,winter,22.821577217002073
363,587700.0,22.832171230047095,-0.27499999999997726,144.5841683309051,-0.7368597984313965,-0.41535037755966187,20.23669171333313,0.29232481122016907,winter,22.81190269420705
364,588600.0,22.749379662655144,-0.5500000000000114,122.11051026925567,-0.7415292263031006,-0.4942490756511688,20.197001576423645,0.2528754621744156,winter,22.832171230047095
365,589500.0,22.682679082226628,-0.8249999999999886,97.97679879911686,-0.7343412637710571,-0.5704842209815979,20.258099257946014,0.21475788950920105,winter,22.749379662655144
366,590400.0,22.613482478553465,-1.1000000000000227,75.89959041000351,-0.72498619556427,-0.6439467072486877,20.337617337703705,0.17802664637565613,winter,22.682679082226628
367,591300.0,22.572494851747933,-1.375,51.420982327901896,-0.6883453130722046,-0.7138276100158691,20.64906483888626,0.14308619499206543,winter,22.613482478553465
368,592200.0,22.499229597554802,-1.6499999999999773,33.84045551499696,-0.6654506921768188,-0.7805969715118408,20.84366911649704,0.10970151424407959,winter,22.572494851747933
369,593100.0,22.414239781972014,-1.9250000000000114,19.004057957089127,-0.6374648809432983,-0.8465470671653748,21.081548511981964,0.07672646641731262,winter,22.499229597554802
370,594000.0,22.315194195721688,-2.1999999999999886,6.845084064802356,-0.5986392498016357,-0.91813725233078,21.411566376686096,0.040931373834609985,winter,22.414239781972014
371,594900.0,22.173828308355837,-2.4750000000000227,0.022096190478091617,-0.5157828330993652,-0.991387665271759,22.115845918655396,0.004306167364120483,winter,22.315194195721688
372,595800.0,21.974894617593236,-2.75,4.819291269924029e-19,-0.4125494658946991,-1.0,22.993329539895058,0.0,winter,22.173828308355837
373,596700.0,21.766102222935785,-3.0249999999999773,1.722478694596745e-36,-0.3233429193496704,-1.0,23.7515851855278,0.0,winter,21.974894617593236
374,597600.0,21.70001792638766,-3.3000000000000114,71.3892375607266,-0.2490471750497818,-0.9137718677520752,24.383099012076855,0.0431140661239624,winter,21.766102222935785
375,598500.0,22.65305658074942,-3.4364889705882433,623.0410711479359,-0.1751730740070343,-0.15994520485401154,25.01102887094021,0.42002739757299423,winter,21.70001792638766
376,599400.0,22.809233404722875,-3.3889705882352814,764.0680385252251,-0.24036742746829987,0.39077210426330566,24.45687686651945,0.6953860521316528,winter,22.65305658074942
377,600300.0,22.748545987230955,-3.2969669117646845,794.3829791022821,-0.26293349266052246,0.533553957939148,24.26506531238556,0.766776978969574,winter,22.809233404722875
378,601200.0,22.756862063563915,-3.3000000000000114,849.7998796573643,-0.25660666823387146,0.5867312550544739,24.318843320012093,0.7933656275272369,winter,22.748545987230955
379,602100.0,22.769125420966304,-3.44834558823527,910.4071832880906,-0.247262105345726,0.628294050693512,24.39827210456133,0.814147025346756,winter,22.756862063563915
380,603000.0,22.744096761171136,-3.6485294117646845,958.2062778301686,-0.24432289600372314,0.6611477136611938,24.423255383968353,0.8305738568305969,winter,22.769125420966304
381,603900.0,22.732768106446258,-3.824448529411768,1011.5114070403266,-0.23806485533714294,0.6894273161888123,24.476448729634285,0.8447136580944061,winter,22.744096761171136
382,604800.0,22.717139525776247,-3.8999999999999773,1057.7537507023924,-0.233560249209404,0.714015007019043,24.514737881720066,0.8570075035095215,winter,22.732768106446258
383,605700.0,22.69694415114293,-3.8999999999999773,1094.629994600081,-0.23120084404945374,0.7346644997596741,24.534792825579643,0.867332249879837,winter,22.717139525776247
384,606600.0,22.677360722729418,-3.8999999999999773,1128.175484869347,-0.22846533358097076,0.7484546303749084,24.55804466456175,0.8742273151874542,winter,22.69694415114293
385,607500.0,22.65855753571458,-3.8999999999999773,1160.4028248586978,-0.22545546293258667,0.7590081095695496,24.583628565073013,0.8795040547847748,winter,22.677360722729418
386,608400.0,22.64247084084127,-3.8999999999999773,1192.0717743779983,-0.22198466956615448,0.7676731944084167,24.613130308687687,0.8838365972042084,winter,22.65855753571458
387,609300.0,22.59641891184765,-3.8999999999999773,1208.2680322643916,-0.2233782410621643,0.7647480964660645,24.601284950971603,0.8823740482330322,winter,22.64247084084127
388,610200.0,22.595770503657548,-3.8999999999999773,1243.3306360406777,-0.21658118069171906,0.768733024597168,24.659059964120388,0.884366512298584,winter,22.59641891184765
389,611100.0,22.58825143977981,-3.8999999999999773,1273.1964790107274,-0.21204425394535065,0.7743500471115112,24.69762384146452,0.8871750235557556,winter,22.595770503657548
390,612000.0,22.588081304936793,-3.8999999999999773,1304.4902993396681,-0.20635958015918732,0.7799046039581299,24.745943568646908,0.8899523019790649,winter,22.58825143977981
391,612900.0,22.60652334556653,-4.029687500000023,1345.5159271820598,-0.19637157022953033,0.7851080298423767,24.830841653048992,0.8925540149211884,winter,22.588081304936793
392,613800.0,22.60291815429906,-4.287500000000023,1386.83040929914,-0.1896412968635559,0.7937984466552734,24.888048976659775,0.8968992233276367,winter,22.60652334556653
393,614700.0,22.613088258055882,-4.4765625,1439.225616675821,-0.17992544174194336,0.8070712685585022,24.97063374519348,0.9035356342792511,winter,22.60291815429906
394,615600.0,22.628805943822158,-4.399999999999977,1487.7218696119403,-0.17074479162693024,0.8215102553367615,25.048669271171093,0.9107551276683807,winter,22.613088258055882
395,616500.0,22.529946580674448,-4.125,1469.83531333088,-0.18225017189979553,0.8022316098213196,24.950873538851738,0.9011158049106598,winter,22.628805943822158
396,617400.0,22.556280692632185,-3.8500000000000227,1508.6851557748419,-0.17031407356262207,0.7993438839912415,25.052330374717712,0.8996719419956207,winter,22.529946580674448
397,618300.0,22.565085144295836,-3.5749999999999886,1536.0594000680405,-0.1640242338180542,0.8020017743110657,25.10579401254654,0.9010008871555328,winter,22.556280692632185
398,619200.0,22.581083846263255,-3.3000000000000114,1562.2487006030103,-0.1572864055633545,0.8052775263786316,25.163065552711487,0.9026387631893158,winter,22.565085144295836
399,620100.0,22.55450426070888,-3.0249999999999773,1562.6027434644868,-0.15736262500286102,0.7913981676101685,25.16241768747568,0.8956990838050842,winter,22.581083846263255
400,621000.0,22.57721399319894,-2.75,1584.2014918873365,-0.1496470868587494,0.7894042134284973,25.22799976170063,0.8947021067142487,winter,22.55450426070888
401,621900.0,22.59177692801302,-2.4750000000000227,1599.6423339073147,-0.1448473334312439,0.7903690338134766,25.268797665834427,0.8951845169067383,winter,22.57721399319894
402,622800.0,22.604548158689113,-2.1999999999999886,1611.4982045146207,-0.14095883071422577,0.791033148765564,25.30184993892908,0.895516574382782,winter,22.59177692801302
403,623700.0,22.669164830910688,-2.11388888888888,1644.2834445285575,-0.12661877274513245,0.7921918630599976,25.423740431666374,0.8960959315299988,winter,22.604548158689113
404,624600.0,22.64834571595503,-2.2953703703703923,1656.2658352813094,-0.12695640325546265,0.7941632270812988,25.420870572328568,0.8970816135406494,winter,22.669164830910688
405,625500.0,22.632490653709738,-2.5791666666666515,1681.4140069358805,-0.12468408793210983,0.7994949221611023,25.440185252577066,0.8997474610805511,winter,22.64834571595503
406,626400.0,22.605254965040388,-2.8000000000000114,1704.8072073067663,-0.1245952844619751,0.8067612648010254,25.44094008207321,0.9033806324005127,winter,22.632490653709738
407,627300.0,22.582757275045367,-2.9328125000000114,1723.5663443662268,-0.12072902917861938,0.795814037322998,25.473803251981735,0.897907018661499,winter,22.605254965040388
408,628200.0,22.513950374975366,-3.0615740740740875,1724.3222364831938,-0.12783251702785492,0.7922599911689758,25.413423605263233,0.8961299955844879,winter,22.582757275045367
409,629100.0,22.432966191619357,-3.184548611111097,1720.1939124875123,-0.13684144616127014,0.7862972021102905,25.336847707629204,0.8931486010551453,winter,22.513950374975366
410,630000.0,22.335790742924758,-3.3000000000000114,1706.8835377945488,-0.1487111896276474,0.7760380506515503,25.235954888164997,0.8880190253257751,winter,22.432966191619357
411,630900.0,22.18120469624165,-3.3609374999999773,1658.8424921079431,-0.16815435886383057,0.7373141646385193,25.07068794965744,0.8686570823192596,winter,22.335790742924758
412,631800.0,22.07239628244571,-3.309722222222206,1612.6738277917675,-0.18366214632987976,0.705812931060791,24.938871756196022,0.8529064655303955,winter,22.18120469624165
413,632700.0,21.967990071114343,-3.128645833333337,1537.9797925175433,-0.20389777421951294,0.6683622598648071,24.76686891913414,0.8341811299324036,winter,22.07239628244571
414,633600.0,21.92615982414975,-2.8000000000000114,1404.834314841553,-0.22771614789962769,0.6170760989189148,24.564412742853165,0.8085380494594574,winter,21.967990071114343
415,634500.0,22.23224508169369,-2.3062499999999773,851.7028842676216,-0.2990122437477112,0.47302088141441345,23.958395928144455,0.7365104407072067,winter,21.92615982414975
416,635400.0,21.90211814581454,-1.7083333333333144,480.02967445549285,-0.4014030396938324,0.21021392941474915,23.088074162602425,0.6051069647073746,winter,22.23224508169369
417,636300.0,21.752017919889056,-1.1062499999999886,256.57374996834113,-0.4620620310306549,-0.055640023201704025,22.572472736239433,0.472179988399148,winter,21.90211814581454
418,637200.0,21.721266926600492,-0.6000000000000227,70.98094828646263,-0.5270522236824036,-0.3049117624759674,22.02005609869957,0.3475441187620163,winter,21.752017919889056
419,638100.0,21.812377652955263,-0.17500000000001137,22.343978987819895,-0.6315374374389648,-0.6601908802986145,21.1319317817688,0.16990455985069275,winter,21.721266926600492
420,639000.0,22.37399298209698,0.25,7.441533795660252,-0.7300063371658325,-0.9616575241088867,20.294946134090424,0.01917123794555664,winter,21.812377652955263
421,639900.0,22.992141792386008,0.6750000000000114,9.551951038121163e-10,-0.8599573373794556,-1.0,19.190362632274628,0.0,winter,22.37399298209698
422,640800.0,23.574496753199412,1.1000000000000227,1.6265148481107876e-29,-0.9367800951004028,-1.0,18.537369191646576,0.0,winter,22.992141792386008
423,641700.0,24.192301799105053,1.5249999999999773,2.6731600184610408e-49,-1.0,-1.0,18.0,0.0,winter,23.574496753199412
424,642600.0,24.64406935279061,1.9499999999999886,24.770528352251425,-1.0,-0.9597572684288025,18.0,0.020121365785598755,winter,24.192301799105053
425,643500.0,22.913428890977627,2.375,330.21020640728386,-1.0,-0.29029572010040283,18.0,0.3548521399497986,winter,24.64406935279061
426,644400.0,22.12716857363023,2.8000000000000114,524.8249868262515,-1.0,0.2613391876220703,18.0,0.6306695938110352,winter,22.913428890977627
427,645300.0,22.590028014185123,3.3421875000000227,534.6509699402224,-0.9132500886917114,0.3509034514427185,18.737374246120453,0.6754517257213593,winter,22.12716857363023
428,646200.0,22.442041332581482,4.004166666666663,646.4286033200617,-0.9801418781280518,0.4639425575733185,18.16879403591156,0.7319712787866592,winter,22.590028014185123
429,647100.0,22.724771192437686,4.614062499999989,681.1085864393298,-0.9526419639587402,0.5154737234115601,18.402543306350708,0.75773686170578,winter,22.442041332581482
430,648000.0,22.648236806197758,5.0,774.1275007323366,-0.9972765445709229,0.6018067002296448,18.023149371147156,0.8009033501148224,winter,22.724771192437686
431,648900.0,22.78519210169145,5.190178571428589,824.2173449723376,-0.9912669658660889,0.6631669402122498,18.074230790138245,0.8315834701061249,winter,22.648236806197758
432,649800.0,22.865946503802718,5.340476190476181,877.7169626354383,-1.0,0.7098820805549622,18.0,0.8549410402774811,winter,22.78519210169145
433,650700.0,22.9802719602323,5.470535714285688,917.8556097448621,-1.0,0.7435980439186096,18.0,0.8717990219593048,winter,22.865946503802718
434,651600.0,23.07212330128175,5.600000000000023,953.5866497520137,-1.0,0.7748199701309204,18.0,0.8874099850654602,winter,22.9802719602323
435,652500.0,23.16943492895018,5.729419642857124,978.6956140826519,-1.0,0.7881718873977661,18.0,0.8940859436988831,winter,23.07212330128175
436,653400.0,23.24263821173895,5.851071428571402,1003.3024237038054,-1.0,0.8061704635620117,18.0,0.9030852317810059,winter,23.16943492895018
437,654300.0,23.310012523760065,5.972187500000018,1021.1272377880229,-1.0,0.8155052661895752,18.0,0.9077526330947876,winter,23.24263821173895
438,655200.0,23.367789618413724,6.100000000000023,1033.2233625044335,-1.0,0.8188773393630981,18.0,0.9094386696815491,winter,23.310012523760065
439,656100.0,23.41009411148724,6.520446428571404,1045.3902104155704,-1.0,0.8259307146072388,18.0,0.9129653573036194,winter,23.367789618413724
440,657000.0,23.47084520292657,7.229285714285709,1049.3815401707507,-1.0,0.8172305822372437,18.0,0.9086152911186218,winter,23.41009411148724
441,657900.0,23.523405782856287,7.798482142857154,1049.0678801922572,-1.0,0.8045749068260193,18.0,0.9022874534130096,winter,23.47084520292657
442,658800.0,23.554650243947037,7.800000000000011,1040.5477067396318,-1.0,0.785566508769989,18.0,0.8927832543849945,winter,23.523405782856287
443,659700.0,23.575188509321322,7.375,1017.3676630356813,-1.0,0.7485818266868591,18.0,0.8742909133434296,winter,23.554650243947037
444,660600.0,23.554671870384652,6.949999999999989,994.6613126295434,-1.0,0.7212575078010559,18.0,0.860628753900528,winter,23.575188509321322
445,661500.0,23.514866537525165,6.524999999999977,966.2854326254379,-1.0,0.6897453665733337,18.0,0.8448726832866669,winter,23.554671870384652
446,662400.0,23.426456682286528,6.100000000000023,928.4452956154623,-1.0,0.6546167135238647,18.0,0.8273083567619324,winter,23.514866537525165
447,663300.0,23.51112067886146,5.675000000000011,842.3161294624487,-0.9575116634368896,0.586891233921051,18.361150860786438,0.7934456169605255,winter,23.426456682286528
448,664200.0,23.288266740079337,5.25,805.4551429561211,-0.968825101852417,0.5576618313789368,18.264986634254456,0.7788309156894684,winter,23.51112067886146
449,665100.0,23.28985676511013,4.824999999999989,726.0799484461124,-0.9349297285079956,0.49297353625297546,18.553097307682037,0.7464867681264877,winter,23.288266740079337
450,666000.0,23.142409338049276,4.399999999999977,681.6546780061002,-0.9354438781738281,0.449312299489975,18.54872703552246,0.7246561497449875,winter,23.28985676511013
451,666900.0,23.323292492706173,3.9884943181818358,582.9502709808246,-0.8759250640869141,0.3435501754283905,19.05463695526123,0.6717750877141953,winter,23.142409338049276
452,667800.0,23.063465768446974,3.5943181818182097,571.0800670194309,-0.9062769412994385,0.320688396692276,18.796645998954773,0.660344198346138,winter,23.323292492706173
453,668700.0,23.155622169671346,3.202982954545462,500.0175594988302,-0.8691962957382202,0.22929783165454865,19.111831486225128,0.6146489158272743,winter,23.063465768446974
454,669600.0,22.991592418946425,2.8000000000000114,480.88153011797766,-0.8875010013580322,0.19046004116535187,18.956241488456726,0.5952300205826759,winter,23.155622169671346
455,670500.0,22.755462550725724,2.2985795454545723,325.1095853239374,-0.811251163482666,0.03379342332482338,19.60436511039734,0.5168967116624117,winter,22.991592418946425
456,671400.0,22.88588876534766,1.693181818181813,248.0936792105795,-0.766533374786377,-0.1284540891647339,19.984466314315796,0.43577295541763306,winter,22.755462550725724
457,672300.0,22.733676059816275,1.0911931818181984,227.33164826685064,-0.7890278100967407,-0.203775554895401,19.793263614177704,0.3981122225522995,winter,22.88588876534766
458,673200.0,22.731674232587523,0.6000000000000227,184.96502434677882,-0.7694354057312012,-0.3061939775943756,19.95979905128479,0.3469030112028122,winter,22.733676059816275
459,674100.0,22.762782642977072,0.25625000000002274,142.6527112268383,-0.7402268648147583,-0.414166122674942,20.208071649074554,0.292916938662529,winter,22.731674232587523
460,675000.0,22.683036255075763,-0.01666666666665151,120.74254874659559,-0.7456446886062622,-0.4937554895877838,20.16202014684677,0.2531222552061081,winter,22.762782642977072
461,675900.0,22.620373693111787,-0.28125,97.2507476831161,-0.7393275499343872,-0.5701465606689453,20.21571582555771,0.21492671966552734,winter,22.683036255075763
462,676800.0,22.55295900636645,-0.6000000000000227,75.69845852446278,-0.7312617301940918,-0.6437620520591736,20.28427529335022,0.1781189739704132,winter,22.620373693111787
463,677700.0,22.53883647244396,-1.0046874999999886,46.9105299953105,-0.6702650785446167,-0.7111653089523315,20.802746832370758,0.14441734552383423,winter,22.55295900636645
464,678600.0,22.45245224928732,-1.4458333333333258,29.266310242379415,-0.6382997035980225,-0.7726137042045593,21.07445251941681,0.11369314789772034,winter,22.53883647244396
465,679500.0,22.340972909519735,-1.8640624999999886,14.867567689377063,-0.5985246896743774,-0.8285525441169739,21.41254013776779,0.08572372794151306,winter,22.45245224928732
466,680400.0,22.21362627762761,-2.1999999999999886,3.524570383389517,-0.5425510406494141,-0.8848515152931213,21.88831615447998,0.05757424235343933,winter,22.340972909519735
467,681300.0,22.057884214707883,-2.4750000000000227,7.100506782356209,-0.4457440674304962,-0.9649104475975037,22.711175426840782,0.01754477620124817,winter,22.21362627762761
468,682200.0,22.01417826408749,-2.75,83.12164782798871,-0.3661390542984009,-0.8042510747909546,23.387818038463593,0.0978744626045227,winter,22.057884214707883
469,683100.0,22.391753244970175,-3.0249999999999773,359.0291289493238,-0.29300639033317566,-0.294910728931427,24.009445682168007,0.3525446355342865,winter,22.01417826408749
470,684000.0,22.729953178961466,-3.3000000000000114,604.4719559031608,-0.2573653757572174,0.1690216064453125,24.312394306063652,0.5845108032226562,winter,22.391753244970175
471,684900.0,22.901317922340127,-3.5749999999999886,764.2018170879483,-0.2365812510251999,0.4324665367603302,24.4890593662858,0.7162332683801651,winter,22.729953178961466
472,685800.0,22.877214522865756,-3.8500000000000227,825.8127026132886,-0.2429276555776596,0.5522831678390503,24.435114927589893,0.7761415839195251,winter,22.901317922340127
473,686700.0,22.881897716138383,-4.125,895.2931495436565,-0.23554545640945435,0.6155060529708862,24.497863620519638,0.8077530264854431,winter,22.877214522865756
474,687600.0,22.871299855324253,-4.399999999999977,954.2403401726708,-0.23066122829914093,0.6635390520095825,24.539379559457302,0.8317695260047913,winter,22.881897716138383
475,688500.0,22.840076231379328,-4.541236413043464,1000.2486242958742,-0.2282729595899582,0.6911327242851257,24.559679843485355,0.8455663621425629,winter,22.871299855324253
476,689400.0,22.826839704887902,-4.501630434782612,1054.174642008519,-0.2225130945444107,0.720389187335968,24.60863869637251,0.860194593667984,winter,22.840076231379328
477,690300.0,22.79594016110883,-4.4112092391304145,1097.924521030868,-0.22050324082374573,0.7446134686470032,24.62572245299816,0.8723067343235016,winter,22.826839704887902
478,691200.0,22.768024145132983,-4.399999999999977,1139.4729530280758,-0.2179626226425171,0.7638600468635559,24.647317707538605,0.881930023431778,winter,22.79594016110883
479,692100.0,22.782222180907354,-4.524728260869551,1199.2919157128947,-0.20814119279384613,0.7914521098136902,24.730799861252308,0.8957260549068451,winter,22.768024145132983
480,693000.0,22.740835980816087,-4.710869565217365,1234.6982761955785,-0.20877206325531006,0.8103907704353333,24.725437462329865,0.9051953852176666,winter,22.782222180907354
481,693900.0,22.72325617964043,-4.891576086956547,1280.2439710976626,-0.20415930449962616,0.8268940448760986,24.764645911753178,0.9134470224380493,winter,22.740835980816087
482,694800.0,22.70248525919658,-5.0,1321.8642276183632,-0.20065981149673462,0.8422361612319946,24.794391602277756,0.9211180806159973,winter,22.72325617964043
483,695700.0,22.629269609732148,-4.939224137931035,1330.6045477168648,-0.20615532994270325,0.8350503444671631,24.747679695487022,0.9175251722335815,winter,22.70248525919658
484,696600.0,22.63147529331684,-4.737931034482756,1366.1944546354407,-0.19935332238674164,0.8397749066352844,24.805496759712696,0.9198874533176422,winter,22.629269609732148
485,697500.0,22.61304953589365,-4.517672413793093,1386.9068134748804,-0.1979544758796692,0.8437398672103882,24.817386955022812,0.9218699336051941,winter,22.63147529331684
486,698400.0,22.60199639876606,-4.399999999999977,1411.8088883544087,-0.19454196095466614,0.8461312651634216,24.846393331885338,0.9230656325817108,winter,22.61304953589365
487,699300.0,22.649742744663342,-4.4926536731634314,1472.6156578617858,-0.17985323071479797,0.8642499446868896,24.971247538924217,0.9321249723434448,winter,22.60199639876606
488,700200.0,22.634555249051346,-4.722938530734609,1512.8395493276992,-0.175849050283432,0.8767785429954529,25.005283072590828,0.9383892714977264,winter,22.649742744663342
489,701100.0,22.64504960783563,-4.941754122938505,1568.3023291066213,-0.16621273756027222,0.8912511467933655,25.087191730737686,0.9456255733966827,winter,22.634555249051346
490,702000.0,22.659841406929786,-5.0,1620.0504320368364,-0.1572040617465973,0.9069635272026062,25.163765475153923,0.9534817636013031,winter,22.64504960783563
491,702900.0,22.585329613232034,-4.787771739130449,1613.3954338784922,-0.16357529163360596,0.8885632753372192,25.10961002111435,0.9442816376686096,winter,22.659841406929786
492,703800.0,22.620779794758732,-4.414130434782635,1648.8747456488031,-0.15229517221450806,0.8889033794403076,25.20549103617668,0.9444516897201538,winter,22.585329613232034
493,704700.0,22.631896658426683,-4.058423913043498,1667.3020015361287,-0.14758270978927612,0.8904672265052795,25.245546966791153,0.9452336132526398,winter,22.620779794758732
494,705600.0,22.644996395691237,-3.8999999999999773,1689.6019582910794,-0.14178737998008728,0.8917102813720703,25.294807270169258,0.9458551406860352,winter,22.631896658426683
495,706500.0,22.688128406796068,-3.8999999999999773,1726.8805558459783,-0.12604321539402008,0.8773025274276733,25.42863266915083,0.9386512637138367,winter,22.644996395691237
496,707400.0,22.707120987344524,-3.8999999999999773,1757.3447237445166,-0.11866594105958939,0.8821454644203186,25.49133950099349,0.9410727322101593,winter,22.688128406796068
497,708300.0,22.730413037727487,-3.8999999999999773,1788.1845280873104,-0.11153891682624817,0.8905967473983765,25.55191920697689,0.9452983736991882,winter,22.707120987344524
498,709200.0,22.746240419404387,-3.8999999999999773,1817.042230031437,-0.10572939366102219,0.8990337252616882,25.60130015388131,0.9495168626308441,winter,22.730413037727487
499,710100.0,22.772370766669155,-3.8999999999999773,1847.450642706239,-0.0957423597574234,0.8955883979797363,25.6861899420619,0.9477941989898682,winter,22.746240419404387
500,711000.0,22.77016505573431,-3.8999999999999773,1867.9593115771825,-0.09285303950309753,0.8999149203300476,25.71074916422367,0.9499574601650238,winter,22.772370766669155
501,711900.0,22.761436444971196,-3.8999999999999773,1886.5108279740832,-0.09119732677936554,0.9044836163520813,25.724822722375393,0.9522418081760406,winter,22.77016505573431
502,712800.0,22.739105214725896,-3.8999999999999773,1899.7552300635718,-0.09186089783906937,0.9074941873550415,25.71918236836791,0.9537470936775208,winter,22.761436444971196
503,713700.0,22.551621094203597,-3.765937500000007,1828.2323575774446,-0.11273863911628723,0.8400765657424927,25.54172156751156,0.9200382828712463,winter,22.739105214725896
504,714600.0,22.51100693007737,-3.450833333333321,1825.0075881146977,-0.1127629280090332,0.8173675537109375,25.541515111923218,0.9086837768554688,winter,22.551621094203597
505,715500.0,22.43354962942766,-3.0853124999999864,1800.20200266856,-0.12344826757907867,0.8021926879882812,25.45068972557783,0.9010963439941406,winter,22.51100693007737
506,716400.0,22.34464987465907,-2.8000000000000114,1764.3895452495208,-0.1368708312511444,0.7828791737556458,25.336597934365273,0.8914395868778229,winter,22.43354962942766
507,717300.0,22.215956393622548,-2.916249999999991,1699.3557166083924,-0.15276235342025757,0.7279149889945984,25.20151999592781,0.8639574944972992,winter,22.34464987465907
508,718200.0,22.105839149072324,-3.353333333333353,1630.6786467282416,-0.17175915837287903,0.6900811791419983,25.04004715383053,0.8450405895709991,winter,22.215956393622548
509,719100.0,22.000370622065816,-3.638750000000016,1542.8414239601102,-0.19460736215114594,0.6506648063659668,24.84583742171526,0.8253324031829834,winter,22.105839149072324
510,720000.0,21.972526654768558,-3.3000000000000114,1390.4828878396188,-0.22128380835056305,0.5986322164535522,24.619087629020214,0.7993161082267761,winter,22.000370622065816
511,720900.0,22.083915071780837,-2.3449218750000114,727.7146482294708,-0.33721569180488586,0.40136292576789856,23.63366661965847,0.7006814628839493,winter,21.972526654768558
512,721800.0,21.738555306287253,-1.1947916666666742,335.7039140976425,-0.45201075077056885,0.08852910995483398,22.657908618450165,0.544264554977417,winter,22.083915071780837
513,722700.0,21.64597176162073,0.0027343749999886313,89.87492646511032,-0.530818521976471,-0.23588266968727112,21.988042563199997,0.38205866515636444,winter,21.738555306287253
514,723600.0,21.802832289792377,1.1000000000000227,20.107780776201317,-0.6180040836334229,-0.6316704154014587,21.246965289115906,0.18416479229927063,winter,21.64597176162073
515,724500.0,22.370925687187537,2.1394531249999886,11.726932097733494,-0.7995835542678833,-0.9526944160461426,19.703539788722992,0.02365279197692871,winter,21.802832289792377
516,725400.0,22.887009443554348,3.198958333333337,23.970422974279224,-0.9534293413162231,-0.9423920512199402,18.395850598812103,0.028803974390029907,winter,22.370925687187537
517,726300.0,22.598140284857266,4.183984375000023,142.8142431377725,-1.0,-0.6659942269325256,18.0,0.16700288653373718,winter,22.887009443554348
518,727200.0,21.873915567425684,5.0,298.89928168342817,-1.0,-0.19647477567195892,18.0,0.40176261216402054,winter,22.598140284857266
519,728100.0,21.671456666948245,5.699999999999989,407.09370718917665,-1.0,0.1120983362197876,18.0,0.5560491681098938,winter,21.873915567425684
520,729000.0,21.767496063517,6.399999999999977,476.07249069660065,-1.0,0.24686625599861145,18.0,0.6234331279993057,winter,21.671456666948245
521,729900.0,21.88990615870557,7.100000000000023,542.2816953679784,-1.0,0.3578011095523834,18.0,0.6789005547761917,winter,21.767496063517
522,730800.0,22.022783873524702,7.800000000000011,608.4617983486162,-1.0,0.45673325657844543,18.0,0.7283666282892227,winter,21.88990615870557
523,731700.0,22.103046093091677,8.5,691.8913067623324,-1.0,0.5936837792396545,18.0,0.7968418896198273,winter,22.022783873524702
524,732600.0,22.248954804144773,9.199999999999989,754.2531982747412,-1.0,0.6660025715827942,18.0,0.8330012857913971,winter,22.103046093091677
525,733500.0,22.394995157390895,9.899999999999977,814.1120384042782,-1.0,0.7289962768554688,18.0,0.8644981384277344,winter,22.248954804144773
526,734400.0,22.54391892257729,10.600000000000023,870.0162814043658,-1.0,0.780784547328949,18.0,0.8903922736644745,winter,22.394995157390895
527,735300.0,22.671562415694154,11.222443181818164,927.9451515849722,-1.0,0.8380714058876038,18.0,0.9190357029438019,winter,22.54391892257729
528,736200.0,22.824255175103076,11.693181818181813,970.9720723163707,-1.0,0.8636075258255005,18.0,0.9318037629127502,winter,22.671562415694154
529,737100.0,22.971342821440828,12.017329545454572,1005.8976842978714,-1.0,0.8775291442871094,18.0,0.9387645721435547,winter,22.824255175103076
530,738000.0,23.110797766580788,12.199999999999989,1033.2351887071602,-1.0,0.8819509744644165,18.0,0.9409754872322083,winter,22.971342821440828
531,738900.0,23.240595535051227,12.194088723776247,1054.2988293388435,-1.0,0.8797891736030579,18.0,0.9398945868015289,winter,23.110797766580788
532,739800.0,23.344521771703853,12.02893356643358,1068.2586841513728,-1.0,0.8740885853767395,18.0,0.9370442926883698,winter,23.240595535051227
533,740700.0,23.430906801181038,11.824311625874145,1075.6131978509593,-1.0,0.8636245131492615,18.0,0.9318122565746307,winter,23.344521771703853
534,741600.0,23.509368701601147,11.699999999999989,1078.3037058040557,-1.0,0.8488388061523438,18.0,0.9244194030761719,winter,23.430906801181038
535,742500.0,23.587753747301633,11.80619658119656,1078.089557357994,-1.0,0.8303366899490356,18.0,0.9151683449745178,winter,23.509368701601147
536,743400.0,23.668403484140924,12.069088319088337,1074.0975144511706,-1.0,0.8064392805099487,18.0,0.9032196402549744,winter,23.587753747301633
537,744300.0,23.742640294115688,12.272435897435912,1065.29419056431,-1.0,0.7777413129806519,18.0,0.8888706564903259,winter,23.668403484140924
538,745200.0,23.796383773913533,12.199999999999989,1051.0677807837212,-1.0,0.7464437484741211,18.0,0.8732218742370605,winter,23.742640294115688
539,746100.0,23.78104136008227,11.534895833333337,1039.7556952741518,-1.0,0.7343085408210754,18.0,0.8671542704105377,winter,23.796383773913533
540,747000.0,23.741195364925716,10.383796296296282,1015.8024108851449,-1.0,0.7099266052246094,18.0,0.8549633026123047,winter,23.78104136008227
541,747900.0,23.66646966132879,9.165798611111086,985.683373289984,-1.0,0.6840500831604004,18.0,0.8420250415802002,winter,23.741195364925716
542,748800.0,23.559752097203102,8.300000000000011,949.3278889336343,-1.0,0.655532717704773,18.0,0.8277663588523865,winter,23.66646966132879
543,749700.0,23.433540821902056,7.75,900.9522775199448,-1.0,0.6124414205551147,18.0,0.8062207102775574,winter,23.559752097203102
544,750600.0,23.270247216095356,7.199999999999989,848.8422566849855,-1.0,0.5697682499885559,18.0,0.784884124994278,winter,23.433540821902056
545,751500.0,23.1144207433141,6.649999999999977,795.9551063666117,-1.0,0.5215213298797607,18.0,0.7607606649398804,winter,23.270247216095356
546,752400.0,23.0137432590667,6.100000000000023,740.4950163990667,-0.9918719530105591,0.46907058358192444,18.069088399410248,0.7345352917909622,winter,23.1144207433141
547,753300.0,23.192263397226213,5.550000000000011,642.864327513883,-0.9276443719863892,0.3831354081630707,18.615022838115692,0.6915677040815353,winter,23.0137432590667
548,754200.0,22.954682780811424,5.0,627.385205285907,-0.9549499750137329,0.3559681475162506,18.38292521238327,0.6779840737581253,winter,23.192263397226213
549,755100.0,23.031320667194052,4.449999999999989,559.5904919086217,-0.9191522598266602,0.2796812653541565,18.68720579147339,0.6398406326770782,winter,22.954682780811424
550,756000.0,22.890870896063973,3.8999999999999773,535.3891361331528,-0.9322795867919922,0.23826083540916443,18.575623512268066,0.6191304177045822,winter,23.031320667194052
551,756900.0,22.549867785822073,3.3791193181818358,396.5751096197622,-0.8794411420822144,0.12264269590377808,19.024750292301178,0.561321347951889,winter,22.890870896063973
552,757800.0,22.753198244840632,2.9193181818181984,303.0127213994133,-0.8227386474609375,-0.051983367651700974,19.50672149658203,0.4740083161741495,winter,22.549867785822073
553,758700.0,22.53506722668908,2.524857954545439,292.2394968100705,-0.8620208501815796,-0.10914617776870728,19.172822773456573,0.44542691111564636,winter,22.753198244840632
554,759600.0,22.586039857164963,2.1999999999999886,239.11857008187184,-0.8347505331039429,-0.22171202301979065,19.404620468616486,0.3891439884901047,winter,22.53506722668908
555,760500.0,22.530425501089837,2.0028074866310135,209.4382862463904,-0.8441191911697388,-0.31653377413749695,19.32498687505722,0.3417331129312515,winter,22.586039857164963
556,761400.0,22.490651868402495,1.9211229946524213,180.64164905993576,-0.8458293676376343,-0.4013124406337738,19.31045037508011,0.2993437796831131,winter,22.530425501089837
557,762300.0,22.448697991046117,1.8538770053476128,155.12891925244693,-0.8495041131973267,-0.4808323085308075,19.279215037822723,0.25958384573459625,winter,22.490651868402495
558,763200.0,22.411586415252316,1.6999999999999886,130.6153869939379,-0.8521658182144165,-0.5585339665412903,19.25659054517746,0.22073301672935486,winter,22.448697991046117
559,764100.0,22.448845857079903,1.4380974264705628,96.29536645970836,-0.8279802799224854,-0.6545369029045105,19.462167620658875,0.17273154854774475,winter,22.411586415252316
560,765000.0,22.436056855761308,1.1408088235294258,72.46815385492494,-0.8335661888122559,-0.7419922351837158,19.414687395095825,0.1290038824081421,winter,22.448845857079903
561,765900.0,22.45201065415506,0.8481158088235361,46.42333983610413,-0.834060549736023,-0.8353032469749451,19.410485327243805,0.08234837651252747,winter,22.436056855761308
562,766800.0,22.54016602196066,0.6000000000000227,13.133107316910788,-0.8354226350784302,-0.9546966552734375,19.398907601833344,0.02265167236328125,winter,22.45201065415506
563,767700.0,22.488870147782677,0.38671875,7.093582284244296e-19,-0.8337479829788208,-1.0,19.413142144680023,0.0,winter,22.54016602196066
564,768600.0,22.313411013960547,0.19375000000002274,8.001835739496699e-33,-0.7650569677352905,-1.0,19.99701577425003,0.0,winter,22.488870147782677
565,769500.0,22.12265192829676,0.05390625000001137,2.4126967924055254e-51,-0.6844159364700317,-1.0,20.68246454000473,0.0,winter,22.313411013960547
566,770400.0,21.941230907587624,0.0,3.013721844288417e-71,-0.5858124494552612,-1.0,21.52059417963028,0.0,winter,22.12265192829676
567,771300.0,21.775075659057677,0.0,2.788718599751857e-89,-0.497668594121933,-1.0,22.26981694996357,0.0,winter,21.941230907587624
568,772200.0,21.61696840203922,0.0,2.46691579131338e-107,-0.39897456765174866,-1.0,23.108716174960136,0.0,winter,21.775075659057677
569,773100.0,21.46206413573867,0.0,1.4336334963871825e-126,-0.30862849950790405,-1.0,23.876657754182816,0.0,winter,21.61696840203922
570,774000.0,21.308760256656797,0.0,7.015059917044952e-146,-0.23793503642082214,-1.0,24.477552190423012,0.0,winter,21.46206413573867
571,774900.0,21.34498580969131,0.0,91.75726007276197,-0.18777698278427124,-0.9163639545440674,24.903895646333694,0.04181802272796631,winter,21.308760256656797
572,775800.0,22.443727878089305,0.0,662.7484704315917,-0.16110339760780334,-0.21202713251113892,25.13062112033367,0.39398643374443054,winter,21.34498580969131
573,776700.0,22.29136215025858,0.0,631.5190568369123,-0.312570720911026,0.23576873540878296,23.84314887225628,0.6178843677043915,winter,22.443727878089305
574,777600.0,22.276596240985782,0.0,672.921080557612,-0.3149310052394867,0.31044551730155945,23.823086455464363,0.6552227586507797,winter,22.29136215025858
575,778500.0,21.960074780258537,0.38977272727271384,567.1209977834438,-0.3762911558151245,0.26622888445854187,23.30152517557144,0.6331144422292709,winter,22.276596240985782
576,779400.0,22.026179380490362,1.272727272727252,612.2413758730667,-0.3484017550945282,0.22824731469154358,23.53858508169651,0.6141236573457718,winter,21.960074780258537
577,780300.0,21.972326940347898,2.2193181818182097,587.1127288188751,-0.3593659996986389,0.2096576690673828,23.44538900256157,0.6048288345336914,winter,22.026179380490362
578,781200.0,21.939862661085158,2.8000000000000114,575.7530139252581,-0.36081433296203613,0.17552244663238525,23.433078169822693,0.5877612233161926,winter,21.972326940347898
579,782100.0,21.88892719669576,2.895454545454527,573.78921571693,-0.3616836965084076,0.14394037425518036,23.425688579678535,0.5719701871275902,winter,21.939862661085158
580,783000.0,21.867992909349994,2.8000000000000114,597.0993947533007,-0.3535224497318268,0.1294596791267395,23.495059177279472,0.5647298395633698,winter,21.88892719669576
581,783900.0,21.85507759839311,2.704545454545439,627.2437510635131,-0.34546998143196106,0.13254426419734955,23.56350515782833,0.5662721320986748,winter,21.867992909349994
582,784800.0,21.854852547938435,2.8000000000000114,657.3329055956201,-0.33776170015335083,0.14394697546958923,23.629025548696518,0.5719734877347946,winter,21.85507759839311
583,785700.0,21.773156529471578,3.1556818181817903,644.222237929385,-0.3499133288860321,0.13514995574951172,23.525736704468727,0.5675749778747559,winter,21.854852547938435
584,786600.0,21.791086893883914,3.627272727272725,662.6476866560743,-0.3395274877548218,0.1256101131439209,23.614016354084015,0.5628050565719604,winter,21.773156529471578
585,787500.0,21.795652109889716,4.085227272727252,669.8550328951833,-0.3354409337043762,0.12066139280796051,23.648752063512802,0.5603306964039803,winter,21.791086893883914
586,788400.0,21.800415537249933,4.399999999999977,679.6124560656074,-0.33032163977622986,0.11526080965995789,23.692266061902046,0.5576304048299789,winter,21.795652109889716
587,789300.0,21.800962161312214,4.569642857142867,692.0105792475058,-0.32148152589797974,0.09601383656263351,23.767407029867172,0.5480069182813168,winter,21.800415537249933
588,790200.0,21.813773322552038,4.652380952380952,714.5228226414137,-0.31256529688835144,0.0978616327047348,23.843194976449013,0.5489308163523674,winter,21.800962161312214
589,791100.0,21.826847548393573,4.608928571428578,742.357934646522,-0.30455732345581055,0.11074209213256836,23.91126275062561,0.5553710460662842,winter,21.813773322552038
590,792000.0,21.838403587214486,4.399999999999977,776.5580216254888,-0.2965850234031677,0.13101986050605774,23.979027301073074,0.5655099302530289,winter,21.826847548393573
591,792900.0,22.0609939143917,4.039682539682531,905.468415194332,-0.2432616949081421,0.19053161144256592,24.432275593280792,0.595265805721283,winter,21.838403587214486
592,793800.0,22.078951431366818,3.610582010581993,950.4774330670095,-0.24268019199371338,0.2510744631290436,24.437218368053436,0.6255372315645218,winter,22.0609939143917
593,794700.0,22.091813719334027,3.1761904761904702,999.2282017734531,-0.23663659393787384,0.29135987162590027,24.488588951528072,0.6456799358129501,winter,22.078951431366818
594,795600.0,22.10686896493121,2.8000000000000114,1048.9294143173813,-0.229467511177063,0.3278374969959259,24.549526154994965,0.663918748497963,winter,22.091813719334027
595,796500.0,22.23078252785524,2.47057291666664,1139.0556214009048,-0.19866085052490234,0.36486926674842834,24.81138277053833,0.6824346333742142,winter,22.10686896493121
596,797400.0,22.23655207685016,2.1557870370370438,1176.23301676052,-0.19750095903873444,0.4034343361854553,24.821241848170757,0.7017171680927277,winter,22.23078252785524
597,798300.0,22.23435009956154,1.8881076388888687,1208.5827272860572,-0.19559530913829803,0.42964687943458557,24.837439872324467,0.7148234397172928,winter,22.23655207685016
598,799200.0,22.22152894150878,1.6999999999999886,1233.9165624840339,-0.1953413039445877,0.44959041476249695,24.839598916471004,0.7247952073812485,winter,22.23435009956154
599,800100.0,22.181083803161755,1.6162109375,1240.8564988809276,-0.1910749077796936,0.42126384377479553,24.875863283872604,0.7106319218873978,winter,22.22152894150878
600,801000.0,22.123895783286287,1.6140624999999886,1242.8057739627639,-0.19621892273426056,0.4171747863292694,24.832139156758785,0.7085873931646347,winter,22.181083803161755
601,801900.0,22.04812408124991,1.6548828124999773,1235.3174348898788,-0.20601634681224823,0.41278964281082153,24.74886105209589,0.7063948214054108,winter,22.123895783286287
602,802800.0,21.95345747428985,1.6999999999999886,1214.8983787453305,-0.2198922485113144,0.40198567509651184,24.630915887653828,0.7009928375482559,winter,22.04812408124991
603,803700.0,21.772800628469668,1.7173828124999773,1143.0980545435489,-0.24695353209972382,0.34778234362602234,24.400894977152348,0.6738911718130112,winter,21.95345747428985
604,804600.0,21.65349438116732,1.7536458333333371,1068.3392310968643,-0.2694242596626282,0.29778867959976196,24.20989379286766,0.648894339799881,winter,21.772800628469668
605,805500.0,21.5161754940043,1.8880859375000227,963.4861635512957,-0.3019246757030487,0.23962250351905823,23.933640256524086,0.6198112517595291,winter,21.65349438116732
606,806400.0,21.427396407588958,2.1999999999999886,810.63814731466,-0.3410460650920868,0.1611364185810089,23.601108446717262,0.5805682092905045,winter,21.5161754940043
607,807300.0,21.697783271164667,2.8385416666666856,269.5270490110825,-0.47104397416114807,0.007919702678918839,22.49612621963024,0.5039598513394594,winter,21.427396407588958
608,808200.0,21.40415721707342,3.75902777777776,19.101405339921435,-0.6238356828689575,-0.335792601108551,21.19739669561386,0.3321036994457245,winter,21.697783271164667
609,809100.0,21.902453012485466,4.75,2.366751595925506e-15,-0.6789799928665161,-1.0,20.728670060634613,0.0,winter,21.40415721707342
610,810000.0,22.44799095230934,5.600000000000023,2.2675722339100528e-30,-0.7375624179840088,-1.0,20.230719447135925,0.0,winter,21.902453012485466
611,810900.0,22.98965289531617,6.277734375000023,6.11790116030554e-49,-0.8941518068313599,-1.0,18.89970964193344,0.0,winter,22.44799095230934
612,811800.0,23.52546696863925,6.923263888888869,4.907638955182544e-69,-1.0,-1.0,18.0,0.0,winter,22.98965289531617
613,812700.0,24.072976725053138,7.58216145833336,5.989712899323267e-83,-1.0,-1.0,18.0,0.0,winter,23.52546696863925
614,813600.0,24.569616974127143,8.300000000000011,7.1619213792755,-1.0,-0.98830646276474,18.0,0.005846768617630005,winter,24.072976725053138
615,814500.0,24.028816158574273,9.11122159090911,155.16442177529947,-1.0,-0.7225499749183655,18.0,0.13872501254081726,winter,24.569616974127143
616,815400.0,22.72219738043333,9.984090909090924,383.84488087547044,-1.0,-0.15095894038677216,18.0,0.4245205298066139,winter,24.028816158574273
617,816300.0,22.146025250559546,10.864914772727275,561.5018049882495,-1.0,0.3317890167236328,18.0,0.6658945083618164,winter,22.72219738043333
618,817200.0,22.091760772541306,11.699999999999989,669.810394172215,-1.0,0.5555658340454102,18.0,0.7777829170227051,winter,22.146025250559546
619,818100.0,22.19569314886826,12.457993493401773,747.0738847314977,-1.0,0.6675119996070862,18.0,0.8337559998035431,winter,22.091760772541306
620,819000.0,22.356816502931224,13.151997800586514,807.3999175950685,-1.0,0.7276405692100525,18.0,0.8638202846050262,winter,22.19569314886826
621,819900.0,22.534944113718552,13.795003207478032,860.0937533228048,-1.0,0.7668702006340027,18.0,0.8834351003170013,winter,22.356816502931224
622,820800.0,22.718913188575073,14.399999999999977,905.8775105812176,-1.0,0.7913488745689392,18.0,0.8956744372844696,winter,22.534944113718552
623,821700.0,22.88556381128342,14.901658724340166,949.2927708664113,-1.0,0.815171480178833,18.0,0.9075857400894165,winter,22.718913188575073
624,822600.0,23.06236399466627,15.24743401759531,980.4764234442566,-1.0,0.8173424005508423,18.0,0.9086712002754211,winter,22.88556381128342
625,823500.0,22.965752443406757,15.4694923020528,1091.35623158922,-1.0,1.0,18.0,1.0,summer,23.06236399466627
626,824400.0,23.090169971384285,15.600000000000023,1114.4040066384655,-1.0,1.0,18.0,1.0,summer,22.965752443406757
627,825300.0,23.19827800388674,15.488458806818187,1134.4388025736052,-1.0,1.0,18.0,1.0,summer,23.090169971384285
628,826200.0,23.282710252591528,15.107102272727275,1150.098140425563,-1.0,1.0,18.0,1.0,summer,23.19827800388674
629,827100.0,23.34679471642329,14.672194602272725,1161.99634108473,-1.0,1.0,18.0,1.0,summer,23.282710252591528
630,828000.0,23.39637383263755,14.399999999999977,1171.2131450799166,-1.0,1.0,18.0,1.0,summer,23.34679471642329
631,828900.0,23.44292538434854,14.655078124999989,1179.86257499643,-1.0,1.0,18.0,1.0,summer,23.39637383263755
632,829800.0,23.489717718609256,15.340624999999989,1188.535239186796,-1.0,1.0,18.0,1.0,summer,23.44292538434854
633,830700.0,23.523835342995426,15.980859375000023,1194.8425315665531,-1.0,1.0,18.0,1.0,summer,23.489717718609256
634,831600.0,23.528554266550884,16.100000000000023,1195.7061749144111,-1.0,1.0,18.0,1.0,summer,23.523835342995426
635,832500.0,23.485885997720573,15.19014423076925,1187.839465966211,-1.0,1.0,18.0,1.0,summer,23.528554266550884
636,833400.0,23.391654299059212,13.515384615384619,1170.489573267488,-1.0,1.0,18.0,1.0,summer,23.485885997720573
637,834300.0,23.258196144944804,11.75793269230769,1145.9087929799766,-1.0,1.0,18.0,1.0,summer,23.391654299059212
638,835200.0,23.09572974228388,10.600000000000023,1115.9509691727164,-1.0,1.0,18.0,1.0,summer,23.258196144944804
639,836100.0,22.929960596445767,10.213173076923056,1085.3564259640166,-1.0,1.0,18.0,1.0,summer,23.09572974228388
640,837000.0,22.743117026447067,10.099230769230758,1050.84387136203,-1.0,1.0,18.0,1.0,summer,22.929960596445767
641,837900.0,22.556246016386297,9.93567307692308,1016.3101223629519,-1.0,1.0,18.0,1.0,summer,22.743117026447067
642,838800.0,23.053972874144335,9.399999999999977,775.3791840176485,-0.9956885576248169,0.5096316933631897,18.036647260189056,0.7548158466815948,winter,22.556246016386297
643,839700.0,22.979269645526415,8.383557692307704,721.2981088383772,-0.9981163740158081,0.43201857805252075,18.01601082086563,0.7160092890262604,winter,23.053972874144335
644,840600.0,22.93189582694697,7.152051282051275,666.0578515472238,-0.9819790124893188,0.37803754210472107,18.15317839384079,0.6890187710523605,winter,22.979269645526415
645,841500.0,22.88227158580412,5.944519230769231,615.4921166297936,-0.9680583477020264,0.3245846927165985,18.271504044532776,0.6622923463582993,winter,22.93189582694697
646,842400.0,22.85135799005036,5.0,567.0602886951084,-0.9542593955993652,0.2666094899177551,18.388795137405396,0.6333047449588776,winter,22.88227158580412
647,843300.0,22.50903137211327,4.28576388888888,427.8305729975906,-0.9029624462127686,0.15697656571865082,18.824819207191467,0.5784882828593254,winter,22.85135799005036
648,844200.0,22.717395197623887,3.645370370370358,331.7961451154717,-0.8461216688156128,-0.013684313744306564,19.30796581506729,0.4931578431278467,winter,22.50903137211327
649,845100.0,22.502657944584882,3.1322916666666742,320.09598663374277,-0.884528398513794,-0.07044067978858948,18.98150861263275,0.46477966010570526,winter,22.717395197623887
650,846000.0,22.570209704604167,2.8000000000000114,264.2068653986702,-0.855937123298645,-0.18404705822467804,19.224534451961517,0.407976470887661,winter,22.502657944584882
651,846900.0,22.55044433946125,2.6317708333333485,229.78773425406354,-0.8573833703994751,-0.28157350420951843,19.21224135160446,0.3592132478952408,winter,22.570209704604167
652,847800.0,22.495952048698257,2.5254629629629903,203.94297471492305,-0.8647944927215576,-0.35932767391204834,19.14924681186676,0.32033616304397583,winter,22.55044433946125
653,848700.0,22.46162063241701,2.4064236111111086,176.88308869346966,-0.8661363124847412,-0.4369716942310333,19.1378413438797,0.28151415288448334,winter,22.495952048698257
654,849600.0,22.424542165883906,2.1999999999999886,151.97090573036166,-0.8690322637557983,-0.5118317604064941,19.113225758075714,0.24408411979675293,winter,22.46162063241701
655,850500.0,22.474242912227055,1.9250000000000114,115.36534187547625,-0.8432140350341797,-0.6073991656303406,19.332680702209473,0.1963004171848297,winter,22.424542165883906
656,851400.0,22.448355175231995,1.6499999999999773,92.83286709293635,-0.8514930009841919,-0.6872537136077881,19.26230949163437,0.15637314319610596,winter,22.474242912227055
657,852300.0,22.440103731555723,1.375,68.23497023504808,-0.8506587743759155,-0.7683354020118713,19.269400417804718,0.11583229899406433,winter,22.448355175231995
658,853200.0,22.461123745410646,1.1000000000000227,40.938418793557254,-0.8482428789138794,-0.8606804609298706,19.289935529232025,0.0696597695350647,winter,22.440103731555723
659,854100.0,22.56979890698301,0.7992187500000227,3.4370253177582315,-0.8306509256362915,-0.9880797266960144,19.439467132091522,0.005960136651992798,winter,22.461123745410646
660,855000.0,22.45185312927441,0.48124999999998863,4.640716093332766e-16,-0.8135379552841187,-1.0,19.58492738008499,0.0,winter,22.56979890698301
661,855900.0,22.280652303596526,0.19765625000002274,2.2012524227733625e-34,-0.7369285821914673,-1.0,20.236107051372528,0.0,winter,22.45185312927441
662,856800.0,22.104902016913,0.0,2.83820640561242e-54,-0.6475232839584351,-1.0,20.996052086353302,0.0,winter,22.280652303596526
663,857700.0,21.934587606889522,-0.07734375000001137,1.7048991311015908e-73,-0.5458256006240845,-1.0,21.860482394695282,0.0,winter,22.104902016913
664,858600.0,21.771604276547123,-0.06875000000002274,4.14094536217743e-91,-0.43909868597984314,-1.0,22.767661169171333,0.0,winter,21.934587606889522
665,859500.0,21.614235367639026,-0.025781250000022737,3.447166230703614e-110,-0.34287524223327637,-1.0,23.58556044101715,0.0,winter,21.771604276547123
666,860400.0,21.45987869432804,0.0,2.0316152551181755e-129,-0.26770976185798645,-1.0,24.224467024207115,0.0,winter,21.614235367639026
667,861300.0,21.451136603111138,0.0,70.87217269502734,-0.2140270471572876,-0.9288749694824219,24.680770099163055,0.03556251525878906,winter,21.45987869432804
668,862200.0,22.43556252682447,0.0,597.6479044765534,-0.17649999260902405,-0.2549261748790741,24.999750062823296,0.37253691256046295,winter,21.451136603111138
669,863100.0,22.39930930330206,0.0,623.6503076384348,-0.3018677830696106,0.23299118876457214,23.93412384390831,0.6164955943822861,winter,22.43556252682447
670,864000.0,22.363023414592362,0.0,657.3969112871612,-0.3138519823551178,0.33779093623161316,23.8322581499815,0.6688954681158066,winter,22.39930930330206
671,864900.0,22.351017215300942,0.0,696.5597821499406,-0.3108007311820984,0.37811514735221863,23.858193784952164,0.6890575736761093,winter,22.363023414592362
672,865800.0,22.323240216425347,0.0,725.7978174709909,-0.3094426989555359,0.3990103602409363,23.869737058877945,0.6995051801204681,winter,22.351017215300942
673,866700.0,22.29956925829424,0.0,755.0854097182155,-0.30641964077949524,0.4119753837585449,23.89543305337429,0.7059876918792725,winter,22.323240216425347
674,867600.0,22.27703550210674,0.0,783.1241119862885,-0.30319705605506897,0.42193272709846497,23.922825023531914,0.7109663635492325,winter,22.29956925829424
675,868500.0,22.18879627071709,0.0,780.0093639150028,-0.3106149435043335,0.3999892771244049,23.859772980213165,0.6999946385622025,winter,22.27703550210674
676,869400.0,22.188513481246332,0.0,814.1372252732008,-0.3007197678089142,0.39661863446235657,23.94388197362423,0.6983093172311783,winter,22.18879627071709
677,870300.0,22.172982941270277,0.0,839.0221824218125,-0.296795517206192,0.40229088068008423,23.977238103747368,0.7011454403400421,winter,22.188513481246332
678,871200.0,22.166576908112063,0.0,866.9994315456624,-0.2913181185722351,0.40961161255836487,24.023795992136,0.7048058062791824,winter,22.172982941270277
679,872100.0,22.230557014507895,-0.19765625000002274,927.5872834864093,-0.27159011363983154,0.43084630370140076,24.191484034061432,0.7154231518507004,winter,22.166576908112063
680,873000.0,22.209300787741995,-0.6187499999999773,964.9560927930182,-0.2681616544723511,0.4510059654712677,24.220625936985016,0.7255029827356339,winter,22.230557014507895
681,873900.0,22.22080179518383,-1.0054687499999773,1020.9519341944376,-0.2572276294231415,0.4760589897632599,24.313565149903297,0.7380294948816299,winter,22.209300787741995
682,874800.0,22.239080783676172,-1.1000000000000227,1072.7950211983584,-0.24757029116153717,0.5043152570724487,24.395652525126934,0.7521576285362244,winter,22.22080179518383
683,875700.0,22.073976005277984,-0.7433593750000114,1025.1604811264226,-0.2701152563095093,0.4600540101528168,24.20402032136917,0.7300270050764084,winter,22.239080783676172
684,876600.0,22.11553829353727,-0.10312499999997726,1053.0585567133742,-0.25490403175354004,0.4459698498249054,24.33331573009491,0.7229849249124527,winter,22.073976005277984
685,877500.0,22.125877416094283,0.5886718749999886,1056.3454120707033,-0.25139039754867554,0.4394092261791229,24.363181620836258,0.7197046130895615,winter,22.11553829353727
686,878400.0,22.134815292969165,1.1000000000000227,1059.2031127541716,-0.24759645760059357,0.43040379881858826,24.395430110394955,0.7152018994092941,winter,22.125877416094283
687,879300.0,22.062210537296778,1.447035845588232,1031.454327452274,-0.2555219531059265,0.39407575130462646,24.328063398599625,0.6970378756523132,winter,22.134815292969165
688,880200.0,22.083240213994827,1.7733455882353155,1047.1886879698488,-0.24600723385810852,0.3822488784790039,24.408938512206078,0.691124439239502,winter,22.062210537296778
689,881100.0,22.099455239694862,2.03798253676473,1059.8369517666401,-0.24082396924495697,0.38321277499198914,24.452996261417866,0.6916063874959946,winter,22.083240213994827
690,882000.0,22.111774903513833,2.1999999999999886,1072.7062284056829,-0.236806720495224,0.38742896914482117,24.487142875790596,0.6937144845724106,winter,22.099455239694862
691,882900.0,22.185788258523814,2.2363970588235134,1114.4024563850355,-0.21726065874099731,0.3901118338108063,24.653284400701523,0.6950559169054031,winter,22.111774903513833
692,883800.0,22.18553217665351,2.1999999999999886,1128.5104224289676,-0.21644623577594757,0.4025662839412689,24.660206995904446,0.7012831419706345,winter,22.185788258523814
693,884700.0,22.178463266450194,2.163602941176464,1142.3952117228466,-0.2158045917749405,0.41207265853881836,24.665660969913006,0.7060363292694092,winter,22.18553217665351
694,885600.0,22.161003077699434,2.1999999999999886,1151.613849198226,-0.217148557305336,0.4194428622722626,24.654237262904644,0.7097214311361313,winter,22.178463266450194
695,886500.0,22.081819945674056,2.3251838235294144,1128.193124478495,-0.21966589987277985,0.3660541772842407,24.63283985108137,0.6830270886421204,winter,22.161003077699434
696,887400.0,22.018183807971013,2.486764705882365,1117.9554094230066,-0.22500817477703094,0.34640389680862427,24.587430514395237,0.6732019484043121,winter,22.081819945674056
697,888300.0,21.936090979532196,2.654963235294133,1101.574903417881,-0.2359829545021057,0.33342745900154114,24.4941448867321,0.6667137295007706,winter,22.018183807971013
698,889200.0,21.831234474711493,2.8000000000000114,1076.218014380713,-0.25120246410369873,0.3163222670555115,24.36477905511856,0.6581611335277557,winter,21.936090979532196
699,890100.0,21.703561983371287,2.842330121703867,1040.3563863119641,-0.26500195264816284,0.27140012383461,24.247483402490616,0.635700061917305,winter,21.831234474711493
700,891000.0,21.540299377411657,2.7893509127789002,994.0992993772204,-0.2882786989212036,0.2339855432510376,24.04963105916977,0.6169927716255188,winter,21.703561983371287
701,891900.0,21.361506058826023,2.7416962474645175,938.3811824883269,-0.3148159086704254,0.18952003121376038,23.824064776301384,0.5947600156068802,winter,21.540299377411657
702,892800.0,21.17073476158123,2.8000000000000114,869.8266031590268,-0.3448198139667511,0.13501544296741486,23.569031581282616,0.5675077214837074,winter,21.361506058826023
703,893700.0,21.400231435851083,3.2631842672413995,479.28798936928183,-0.43126481771469116,0.03208835795521736,22.834249049425125,0.5160441789776087,winter,21.17073476158123
704,894600.0,20.947905040351145,4.1236637931034466,223.98869977843123,-0.5532797574996948,-0.1871606707572937,21.797122061252594,0.40641966462135315,winter,21.400231435851083
705,895500.0,20.751672695882746,5.022311422413793,102.87867559681052,-0.6047519445419312,-0.46718981862068176,21.359608471393585,0.2664050906896591,winter,20.947905040351145
706,896400.0,20.647476836941507,5.600000000000023,27.661965382987113,-0.6533007621765137,-0.7054395079612732,20.946943521499634,0.1472802460193634,winter,20.751672695882746
707,897300.0,20.62873083742977,5.798928571428576,0.12176745802945747,-0.6940945386886597,-0.9677554965019226,20.600196421146393,0.016122251749038696,winter,20.647476836941507
708,898200.0,20.672113394539565,5.874642857142874,3.4400790034322196e-13,-0.6392178535461426,-1.0,21.066648244857788,0.0,winter,20.62873083742977
709,899100.0,20.71825537623556,5.938035714285718,2.206868365070997e-27,-0.648181676864624,-1.0,20.990455746650696,0.0,winter,20.672113394539565
710,900000.0,20.774069515220106,6.100000000000023,1.8309018621029357e-45,-0.6806107759475708,-1.0,20.714808404445648,0.0,winter,20.71825537623556
711,900900.0,20.847895855775334,6.3709624474789734,4.204194304004795e-64,-0.7472248077392578,-1.0,20.14858913421631,0.0,winter,20.774069515220106
712,901800.0,20.936893249988998,6.7160189075630115,5.078070133728387e-82,-0.7853559255599976,-1.0,19.82447463274002,0.0,winter,20.847895855775334
713,902700.0,21.07386610959503,7.1780659138655665,2.1827469594588927e-94,-0.8137528896331787,-1.0,19.58310043811798,0.0,winter,20.936893249988998
714,903600.0,21.439052641616,7.800000000000011,6.091653723390172e-107,-0.8430917263031006,-1.0,19.333720326423645,0.0,winter,21.07386610959503
715,904500.0,21.83599713917755,8.80051717515363,35.635634426339855,-0.9823828935623169,-0.895646333694458,18.149745404720306,0.052176833152770996,winter,21.439052641616
716,905400.0,21.00521721225863,10.168535996488174,243.2893580959868,-1.0,-0.16910889744758606,18.0,0.41544555127620697,winter,21.83599713917755
717,906300.0,20.791524040289744,11.60228681957858,417.2907350644027,-1.0,0.39109933376312256,18.0,0.6955496668815613,winter,21.00521721225863
718,907200.0,20.97574209382435,12.800000000000011,514.118378778443,-1.0,0.5663720369338989,18.0,0.7831860184669495,winter,20.791524040289744
719,908100.0,21.15457543910594,13.782219482942423,602.3715150298215,-1.0,0.7004608511924744,18.0,0.8502304255962372,winter,20.97574209382435
720,909000.0,21.37341805914815,14.673480810234537,666.9207173979232,-1.0,0.7599689960479736,18.0,0.8799844980239868,winter,21.15457543910594
721,909900.0,21.578872291115545,15.328001732409405,719.6203742339578,-1.0,0.7958731651306152,18.0,0.8979365825653076,winter,21.37341805914815
722,910800.0,21.579506554843192,15.600000000000023,835.0650525548764,-1.0,1.0,18.0,1.0,summer,21.578872291115545
723,911700.0,21.745022252424576,15.53120535714288,865.6792750440907,-1.0,1.0,18.0,1.0,summer,21.579506554843192
724,912600.0,21.883000085510446,15.33440476190475,891.1897895865659,-1.0,1.0,18.0,1.0,summer,21.745022252424576
725,913500.0,21.995172124193516,15.120401785714307,911.9183938311444,-1.0,1.0,18.0,1.0,summer,21.883000085510446
726,914400.0,22.087463606765425,15.0,928.9648387015993,-1.0,1.0,18.0,1.0,summer,21.995172124193516
727,915300.0,22.166997097271405,14.986249999999984,943.6517181718671,-1.0,1.0,18.0,1.0,summer,22.087463606765425
728,916200.0,22.233219320452122,15.0,955.8799290919694,-1.0,1.0,18.0,1.0,summer,22.166997097271405
729,917100.0,22.284631957486,15.013750000000016,965.3733671170567,-1.0,1.0,18.0,1.0,summer,22.233219320452122
730,918000.0,22.317160055888962,15.0,971.3776253029282,-1.0,1.0,18.0,1.0,summer,22.284631957486
731,918900.0,22.326959615318856,14.930881696428571,973.1822993409735,-1.0,1.0,18.0,1.0,summer,22.317160055888962
732,919800.0,22.313177048255227,14.760684523809516,970.6328326486957,-1.0,1.0,18.0,1.0,summer,22.326959615318856
733,920700.0,22.2687935958474,14.435145089285697,962.4326947155844,-1.0,1.0,18.0,1.0,summer,22.313177048255227
734,921600.0,22.172569839511254,13.899999999999977,944.6543922898677,-1.0,1.0,18.0,1.0,summer,22.2687935958474
735,922500.0,22.029818360307047,12.931183035714298,918.2996185526564,-1.0,1.0,18.0,1.0,summer,22.172569839511254
736,923400.0,21.856906411653426,11.55785714285713,886.4070338329582,-1.0,1.0,18.0,1.0,summer,22.029818360307047
737,924300.0,21.6608077995935,10.105602678571415,850.2391001373846,-1.0,1.0,18.0,1.0,summer,21.856906411653426
738,925200.0,21.46910290431316,8.899999999999977,814.8660810183947,-1.0,1.0,18.0,1.0,summer,21.6608077995935
739,926100.0,23.251963509155303,7.921601562499973,355.1591822429616,-0.7309727668762207,0.16867344081401825,20.286731481552124,0.5843367204070091,winter,21.46910290431316
740,927000.0,21.89537424307639,6.989687500000002,538.058433267592,-1.0,0.34639251232147217,18.0,0.6731962561607361,winter,23.251963509155303
741,927900.0,22.628963712449263,6.187929687500002,364.98250753106,-0.8173139095306396,0.16276919841766357,19.552831768989563,0.5813845992088318,winter,21.89537424307639
742,928800.0,22.055421536220592,5.600000000000023,422.1595059831514,-0.9314634799957275,0.1979444921016693,18.582560420036316,0.5989722460508347,winter,22.628963712449263
743,929700.0,21.951964026920166,5.195733963815769,250.06412529566143,-0.8172245025634766,0.022931616753339767,19.55359172821045,0.5114658083766699,winter,22.055421536220592
744,930600.0,22.00491126340978,4.875082236842104,195.37852496810876,-0.796383261680603,-0.1370636522769928,19.730742275714874,0.4314681738615036,winter,21.951964026920166
745,931500.0,21.894804672567602,4.616889391447387,175.799376306167,-0.8142498731613159,-0.22590848803520203,19.578876078128815,0.387045755982399,winter,22.00491126340978
746,932400.0,21.874897624500022,4.399999999999977,145.63966595254743,-0.8061071634292603,-0.3249067962169647,19.648089110851288,0.33754660189151764,winter,21.894804672567602
747,933300.0,21.88090975295256,4.2619517543859615,116.09305621831305,-0.7965980768203735,-0.43591800332069397,19.728916347026825,0.282040998339653,winter,21.874897624500022
748,934200.0,21.834500674750814,4.19349415204681,98.32177211296901,-0.8066314458847046,-0.5258795022964478,19.64363270998001,0.23706024885177612,winter,21.88090975295256
749,935100.0,21.804368216059913,4.103289473684185,79.91432966053503,-0.8103893995285034,-0.6120185852050781,19.61169010400772,0.19399070739746094,winter,21.834500674750814
750,936000.0,21.778871808127917,3.8999999999999773,61.57717577878474,-0.814132809638977,-0.7000836730003357,19.579871118068695,0.14995816349983215,winter,21.804368216059913
751,936900.0,21.84750274846857,3.44739583333336,29.789923550249828,-0.7548753023147583,-0.818221390247345,20.083559930324554,0.09088930487632751,winter,21.778871808127917
752,937800.0,21.853234669849655,2.8000000000000114,5.779461978014609,-0.7476073503494263,-0.9631828665733337,20.145337522029877,0.01840856671333313,winter,21.84750274846857
753,938700.0,21.716027767289688,2.152604166666663,1.196912516874336e-15,-0.7284290790557861,-1.0,20.308352828025818,0.0,winter,21.853234669849655
754,939600.0,21.524671662156834,1.6999999999999886,3.847035899700896e-36,-0.6491316556930542,-1.0,20.98238092660904,0.0,winter,21.716027767289688
755,940500.0,21.34049800216286,1.4181842672413723,3.7700003546304306e-54,-0.5403559803962708,-1.0,21.9069741666317,0.0,winter,21.524671662156834
756,941400.0,21.161678968578315,1.147102490421446,1.2546750301271617e-72,-0.43177998065948486,-1.0,22.82987016439438,0.0,winter,21.34049800216286
757,942300.0,20.984237805344264,0.8774694683908137,9.052734553172976e-92,-0.32941770553588867,-1.0,23.699949502944946,0.0,winter,21.161678968578315
758,943200.0,20.828991494254012,0.6000000000000227,10.555883792503986,-0.24166512489318848,-0.9905458092689514,24.445846438407898,0.004727095365524292,winter,20.984237805344264
759,944100.0,21.75395475725179,0.22435344827584913,524.5017395294855,-0.14226387441158295,-0.5208545327186584,25.290757067501545,0.23957273364067078,winter,20.828991494254012
760,945000.0,22.495144987763013,-0.21724137931033738,885.8310852585975,-0.21113340556621552,0.24024930596351624,24.705366052687168,0.6201246529817581,winter,21.75395475725179
761,945900.0,22.175403592982093,-0.5502155172413836,804.8927828827417,-0.3088250160217285,0.41906335949897766,23.874987363815308,0.7095316797494888,winter,22.495144987763013
762,946800.0,22.319165504903765,-0.6000000000000227,909.61457209386,-0.27138423919677734,0.45903700590133667,24.193233966827393,0.7295185029506683,winter,22.175403592982093
763,947700.0,22.213789243789677,-0.44999999999998863,897.3161042069676,-0.29132598638534546,0.48274314403533936,24.023729115724564,0.7413715720176697,winter,22.319165504903765
764,948600.0,22.24211549043548,-0.30000000000001137,937.7431956864714,-0.280292272567749,0.4973483979701996,24.117515683174133,0.7486741989850998,winter,22.213789243789677
765,949500.0,22.211049020715336,-0.14999999999997726,951.4133768341071,-0.28321319818496704,0.512222170829773,24.09268781542778,0.7561110854148865,winter,22.24211549043548
766,950400.0,22.195376865821174,0.0,971.1127781866963,-0.2818407118320465,0.5216831564903259,24.104353949427605,0.760841578245163,winter,22.211049020715336
767,951300.0,22.121926170997767,0.17812500000002274,966.2905081599162,-0.29131802916526794,0.5196738839149475,24.023796752095222,0.7598369419574738,winter,22.195376865821174
768,952200.0,22.111993333387943,0.375,989.1959133700276,-0.2868139445781708,0.5201309323310852,24.06208147108555,0.7600654661655426,winter,22.121926170997767
769,953100.0,22.07984802585696,0.5343750000000114,1002.5526030163398,-0.2874765396118164,0.5213805437088013,24.05644941329956,0.7606902718544006,winter,22.111993333387943
770,954000.0,22.057884519570848,0.6000000000000227,1021.3195279217257,-0.285441517829895,0.5218610167503357,24.073747098445892,0.7609305083751678,winter,22.07984802585696
771,954900.0,22.085777605175736,0.5343750000000114,1065.812794684433,-0.2752775549888611,0.5434308648109436,24.16014078259468,0.7717154324054718,winter,22.057884519570848
772,955800.0,22.058550955945577,0.375,1088.4990854433206,-0.2751612067222595,0.5549778342247009,24.161129742860794,0.7774889171123505,winter,22.085777605175736
773,956700.0,22.053983893094426,0.17812500000002274,1123.8896102433691,-0.26912814378738403,0.5654867887496948,24.212410777807236,0.7827433943748474,winter,22.058550955945577
774,957600.0,22.05084789751919,0.0,1160.0766980332241,-0.2632538080215454,0.5780906081199646,24.262342631816864,0.7890453040599823,winter,22.053983893094426
775,958500.0,22.09867837210595,-0.1640625,1216.939824983122,-0.24817341566085815,0.5985743403434753,24.390525966882706,0.7992871701717377,winter,22.05084789751919
776,959400.0,22.095149988069693,-0.33749999999997726,1249.969573359408,-0.24408838152885437,0.6146267652511597,24.425248757004738,0.8073133826255798,winter,22.09867837210595
777,960300.0,22.108961424655035,-0.4921875,1289.7397930524273,-0.236169695854187,0.6292024254798889,24.49255758523941,0.8146012127399445,winter,22.095149988069693
778,961200.0,22.12412927575207,-0.6000000000000227,1328.0704811747853,-0.2285774201154709,0.6439295411109924,24.557091929018497,0.8219647705554962,winter,22.108961424655035
779,962100.0,22.117763600700073,-0.6421874999999773,1352.0270780738635,-0.22254809737205505,0.6384412050247192,24.608341172337532,0.8192206025123596,winter,22.12412927575207
780,963000.0,22.140969346599434,-0.6374999999999886,1388.752214317003,-0.21312430500984192,0.6468398571014404,24.688443407416344,0.8234199285507202,winter,22.117763600700073
781,963900.0,22.162301418446873,-0.6140624999999886,1422.1651500962982,-0.20547878742218018,0.6584393382072449,24.75343030691147,0.8292196691036224,winter,22.140969346599434
782,964800.0,22.187814217037953,-0.6000000000000227,1453.6583437284455,-0.197910338640213,0.6702603697776794,24.81776212155819,0.8351301848888397,winter,22.162301418446873
783,965700.0,22.261781785791754,-0.6000000000000227,1503.2332678017553,-0.18134325742721558,0.6852772831916809,24.958582311868668,0.8426386415958405,winter,22.187814217037953
784,966600.0,22.28033282774726,-0.6000000000000227,1530.5965587364292,-0.17599955201148987,0.6984007954597473,25.004003807902336,0.8492003977298737,winter,22.261781785791754
785,967500.0,22.30505269851335,-0.6000000000000227,1561.3039195488907,-0.168931782245636,0.7101952433586121,25.064079850912094,0.855097621679306,winter,22.28033282774726
786,968400.0,22.32579451937977,-0.6000000000000227,1590.2401192648165,-0.1627061367034912,0.7216383218765259,25.116997838020325,0.8608191609382629,winter,22.30505269851335
787,969300.0,22.35681115842192,-0.6000000000000227,1618.2134383733674,-0.14968401193618774,0.708398163318634,25.227685898542404,0.854199081659317,winter,22.32579451937977
788,970200.0,22.363211098340457,-0.6000000000000227,1638.7325600026068,-0.14542141556739807,0.7128838300704956,25.263917967677116,0.8564419150352478,winter,22.35681115842192
789,971100.0,22.36353681076133,-0.6000000000000227,1657.3003753122262,-0.14289239048957825,0.7196975350379944,25.285414680838585,0.8598487675189972,winter,22.363211098340457
790,972000.0,22.352151829896115,-0.6000000000000227,1670.7907865832024,-0.1426077038049698,0.7253599762916565,25.287834517657757,0.8626799881458282,winter,22.36353681076133
791,972900.0,22.416894289206937,-0.8210227272727479,1718.9086783169892,-0.12374340742826462,0.7230056524276733,25.44818103685975,0.8615028262138367,winter,22.352151829896115
792,973800.0,22.346990402908887,-1.3227272727272634,1721.9371715554107,-0.13219144940376282,0.7266083359718323,25.376372680068016,0.8633041679859161,winter,22.416894289206937
793,974700.0,22.278892453804815,-1.8630681818181642,1733.4036453152685,-0.13836050033569336,0.7293972969055176,25.323935747146606,0.8646986484527588,winter,22.346990402908887
794,975600.0,22.20510436238328,-2.1999999999999886,1728.9549954582214,-0.14814916253089905,0.7299116253852844,25.240732118487358,0.8649558126926422,winter,22.278892453804815
795,976500.0,22.00358362661109,-2.2598758971291772,1623.6231122489728,-0.17930611968040466,0.6649581789970398,24.97589798271656,0.8324790894985199,winter,22.20510436238328
796,977400.0,21.941607399878308,-2.1134569377990147,1527.8602279519314,-0.19697195291519165,0.6174037456512451,24.82573840022087,0.8087018728256226,winter,22.00358362661109
797,978300.0,21.84895685299125,-1.7353095095693902,1386.8994828148009,-0.22759415209293365,0.5599485635757446,24.565449707210064,0.7799742817878723,winter,21.941607399878308
798,979200.0,21.81017140238231,-1.1000000000000227,1188.0309323498382,-0.2633310854434967,0.48083052039146423,24.261685773730278,0.7404152601957321,winter,21.84895685299125
799,980100.0,21.9320615842596,-0.20098684210523743,532.231684374327,-0.38996613025665283,0.266128808259964,23.18528789281845,0.633064404129982,winter,21.81017140238231
800,981000.0,21.542966300380783,0.8500000000000227,161.5049410792308,-0.5235422849655151,-0.07375302910804749,22.04989057779312,0.46312348544597626,winter,21.9320615842596
801,981900.0,21.5389727395754,1.900986842105283,12.765456990843852,-0.6078963279724121,-0.4873991906642914,21.332881212234497,0.2563004046678543,winter,21.542966300380783
802,982800.0,22.06446794478302,2.8000000000000114,1.1828891614281036e-10,-0.6856889724731445,-1.0,20.67164373397827,0.0,winter,21.5389727395754
803,983700.0,22.62015719010526,3.528715957772363,4.087256306149608e-30,-0.7972331047058105,-1.0,19.72351861000061,0.0,winter,22.06446794478302
804,984600.0,23.185515377897843,4.204207466340279,1.4300127979592474e-44,-0.927973747253418,-1.0,18.612223148345947,0.0,winter,22.62015719010526
805,985500.0,23.759981227282367,4.8775952417380495,8.899092718871574e-64,-1.0,-1.0,18.0,0.0,winter,23.185515377897843
806,986400.0,24.33828124767166,5.600000000000023,3.5672582001800977e-85,-1.0,-1.0,18.0,0.0,winter,23.759981227282367
807,987300.0,24.558291664402816,6.5030411449016015,56.038775968103025,-1.0,-0.9076995849609375,18.0,0.04615020751953125,winter,24.33828124767166
808,988200.0,23.114251405379605,7.5608228980322,325.8950577809604,-1.0,-0.32497528195381165,18.0,0.3375123590230942,winter,24.558291664402816
809,989100.0,22.203615064776386,8.58819320214667,545.3470465553154,-1.0,0.28486162424087524,18.0,0.6424308121204376,winter,23.114251405379605
810,990000.0,22.139485325625856,9.399999999999977,654.723070721017,-1.0,0.5141403079032898,18.0,0.7570701539516449,winter,22.203615064776386
811,990900.0,22.250828666668895,9.782478632478615,727.6685628052148,-1.0,0.6179476976394653,18.0,0.8089738488197327,winter,22.139485325625856
812,991800.0,22.38849127097035,9.827635327635335,787.7797728236073,-1.0,0.6857056617736816,18.0,0.8428528308868408,winter,22.250828666668895
813,992700.0,22.529066165422478,9.808974358974353,842.9060920393291,-1.0,0.7401999831199646,18.0,0.8700999915599823,winter,22.38849127097035
814,993600.0,22.6730235683994,10.0,894.3215512811253,-1.0,0.7847617864608765,18.0,0.8923808932304382,winter,22.529066165422478
815,994500.0,22.78501809178897,10.519444444444446,953.606657646081,-1.0,0.8468905091285706,18.0,0.9234452545642853,winter,22.6730235683994
816,995400.0,22.939187904033417,11.181481481481455,996.0795191177315,-1.0,0.8705568313598633,18.0,0.9352784156799316,winter,22.78501809178897
817,996300.0,23.092244532919665,11.802777777777806,1030.5043802469038,-1.0,0.881869375705719,18.0,0.9409346878528595,winter,22.939187904033417
818,997200.0,23.24226771305848,12.199999999999989,1057.1355096268198,-1.0,0.8825451135635376,18.0,0.9412725567817688,winter,23.092244532919665
819,998100.0,23.374785046487943,12.302891156462579,1079.3379782133225,-1.0,0.8813135027885437,18.0,0.9406567513942719,winter,23.24226771305848
820,999000.0,23.49784424115768,12.25030234315949,1093.2616549381034,-1.0,0.8711434006690979,18.0,0.935571700334549,winter,23.374785046487943
821,999900.0,23.6079915744088,12.17256235827665,1101.1181339865998,-1.0,0.8560958504676819,18.0,0.9280479252338409,winter,23.49784424115768
822,1000800.0,23.707801165150727,12.199999999999989,1103.8052909015319,-1.0,0.836829423904419,18.0,0.9184147119522095,winter,23.6079915744088
823,1001700.0,23.800536141348914,12.450293921916568,1102.6293438697483,-1.0,0.8143468499183655,18.0,0.9071734249591827,winter,23.707801165150727
824,1002600.0,23.89101407549265,12.835647737355828,1096.1932146707525,-1.0,0.7857152819633484,18.0,0.8928576409816742,winter,23.800536141348914
825,1003500.0,23.975773587460765,13.178177684117145,1085.0142556835863,-1.0,0.7523911595344543,18.0,0.8761955797672272,winter,23.89101407549265
826,1004400.0,24.044891503368717,13.300000000000011,1069.4160250197751,-1.0,0.716847836971283,18.0,0.8584239184856415,winter,23.975773587460765
827,1005300.0,24.043996503738242,13.132614871541477,1061.4600193414485,-1.0,0.7064023613929749,18.0,0.8532011806964874,winter,24.044891503368717
828,1006200.0,24.038491332940566,12.7681324110672,1041.6718696437842,-1.0,0.6809850335121155,18.0,0.8404925167560577,winter,24.043996503738242
829,1007100.0,24.003101754573095,12.269583745059265,1015.75625935413,-1.0,0.6532285809516907,18.0,0.8266142904758453,winter,24.038491332940566
830,1008000.0,23.918583931982027,11.699999999999989,983.0173582048819,-1.0,0.6257781386375427,18.0,0.8128890693187714,winter,24.003101754573095
831,1008900.0,23.774774260627737,11.09252029220778,950.7064001383648,-1.0,0.6106008291244507,18.0,0.8053004145622253,winter,23.918583931982027
832,1009800.0,23.619029958118517,10.430811688311678,908.174580227995,-1.0,0.5823807716369629,18.0,0.7911903858184814,winter,23.774774260627737
833,1010700.0,23.453693589032298,9.703697240259714,862.1246166023085,-1.0,0.5494365692138672,18.0,0.7747182846069336,winter,23.619029958118517
834,1011600.0,23.286630010155022,8.899999999999977,814.7884007759975,-1.0,0.5129262208938599,18.0,0.7564631104469299,winter,23.453693589032298
835,1012500.0,23.17404802711968,7.878191964285691,755.7297647661776,-1.0,0.4430849850177765,18.0,0.7215424925088882,winter,23.286630010155022
836,1013400.0,23.089593769985015,6.645892857142883,697.8660408952871,-0.9881548881530762,0.3869759142398834,18.100683450698853,0.6934879571199417,winter,23.17404802711968
837,1014300.0,23.048689855008035,5.415647321428594,639.1657224165584,-0.9689739942550659,0.32905542850494385,18.26372104883194,0.6645277142524719,winter,23.089593769985015
838,1015200.0,22.99974817271277,4.399999999999977,588.6054567287881,-0.9564210176467896,0.27058035135269165,18.37042135000229,0.6352901756763458,winter,23.048689855008035
839,1016100.0,22.69860730180494,3.6119140624999773,437.7671500661971,-0.8936953544616699,0.15271027386188507,18.903589487075806,0.5763551369309425,winter,22.99974817271277
840,1017000.0,22.879282541193163,2.9526041666666742,342.9192477548004,-0.8417878150939941,-0.014348011463880539,19.34480357170105,0.49282599426805973,winter,22.69860730180494
841,1017900.0,22.6797375842865,2.4669921875000114,326.279310372963,-0.8747016191482544,-0.07516010105609894,19.065036237239838,0.46241994947195053,winter,22.879282541193163
842,1018800.0,22.736838087982903,2.1999999999999886,270.973810764887,-0.8487712144851685,-0.18736669421195984,19.285444676876068,0.4063166528940201,winter,22.6797375842865
843,1019700.0,22.716097178131406,2.068661221590901,235.88416465001748,-0.8504977226257324,-0.28446826338768005,19.270769357681274,0.35776586830616,winter,22.736838087982903
844,1020600.0,22.656920976483377,1.9508049242424477,209.33037073501157,-0.8580979108810425,-0.36158454418182373,19.20616775751114,0.31920772790908813,winter,22.716097178131406
845,1021500.0,22.621297185673484,1.8325461647727366,180.75974686102185,-0.8584355115890503,-0.4400479197502136,19.203298151493073,0.2799760401248932,winter,22.656920976483377
846,1022400.0,22.584091989157173,1.6999999999999886,154.8810125765913,-0.8609551191329956,-0.5154687762260437,19.181881487369537,0.24226561188697815,winter,22.621297185673484
847,1023300.0,22.59480119139647,1.5571022727272634,124.11704384407174,-0.8512952327728271,-0.6014850735664368,19.26399052143097,0.19925746321678162,winter,22.584091989157173
848,1024200.0,22.571211828457706,1.4132575757575978,101.10851840408554,-0.8574283123016357,-0.6769384741783142,19.211859345436096,0.1615307629108429,winter,22.59480119139647
849,1025100.0,22.56314328501344,1.262784090909065,76.94236010178928,-0.8583221435546875,-0.753418505191803,19.204261779785156,0.12329074740409851,winter,22.571211828457706
850,1026000.0,22.58013121801781,1.1000000000000227,50.582028647236584,-0.8582830429077148,-0.8382995128631592,19.204594135284424,0.08085024356842041,winter,22.56314328501344
851,1026900.0,22.68025576139297,0.8729403409091105,14.13450426504321,-0.8423417806625366,-0.95417720079422,19.34009486436844,0.022911399602890015,winter,22.58013121801781
852,1027800.0,22.632604159136292,0.5736742424242607,1.4078745616512163e-15,-0.8417209386825562,-1.0,19.345372021198273,0.0,winter,22.68025576139297
853,1028700.0,22.464306896376627,0.26257102272728616,9.60372301386103e-36,-0.7692331075668335,-1.0,19.961518585681915,0.0,winter,22.632604159136292
854,1029600.0,22.280684188927466,0.0,4.79520149045435e-54,-0.6854606866836548,-1.0,20.673584163188934,0.0,winter,22.464306896376627
855,1030500.0,22.098627130188618,-0.19662433155082226,1.7753746859648886e-74,-0.5800466537475586,-1.0,21.569603443145752,0.0,winter,22.280684188927466
856,1031400.0,21.92017595094137,-0.356149732620338,8.041934921243375e-93,-0.467113733291626,-1.0,22.52953326702118,0.0,winter,22.098627130188618
857,1032300.0,21.745070421026412,-0.487600267379662,1.0540687664645438e-104,-0.3611477017402649,-1.0,23.43024453520775,0.0,winter,21.92017595094137
858,1033200.0,21.57289428015082,-0.6000000000000227,6.8512734530286895e-124,-0.27593421936035156,-1.0,24.15455913543701,0.0,winter,21.745070421026412
859,1034100.0,21.55614188823762,-0.6783088235293917,74.11411752627644,-0.2107093632221222,-0.9237744808197021,24.70897041261196,0.038112759590148926,winter,21.57289428015082
860,1035000.0,22.559672453279745,-0.7029411764705742,616.7071299857134,-0.1665257215499878,-0.2204003632068634,25.084531366825104,0.3897998183965683,winter,21.55614188823762
861,1035900.0,22.499985513636148,-0.6761029411764525,637.8626582720636,-0.2922266721725464,0.27059343457221985,24.016073286533356,0.6352967172861099,winter,22.559672453279745
862,1036800.0,22.467934075482674,-0.6000000000000227,674.9836791463523,-0.30266499519348145,0.3758993446826935,23.927347540855408,0.6879496723413467,winter,22.499985513636148
863,1037700.0,22.328735378804538,-0.37279411764706083,652.4249766128778,-0.3256615102291107,0.37824323773384094,23.73187716305256,0.6891216188669205,winter,22.467934075482674
864,1038600.0,22.33530043726887,0.005882352941171121,687.6685591826009,-0.31501391530036926,0.3775748908519745,23.82238171994686,0.6887874454259872,winter,22.328735378804538
865,1039500.0,22.292975921751065,0.3816176470588175,695.3988732248932,-0.31811678409576416,0.3792332112789154,23.796007335186005,0.6896166056394577,winter,22.33530043726887
866,1040400.0,22.263218736703323,0.6000000000000227,710.3564239489065,-0.31685805320739746,0.3755438029766083,23.80670654773712,0.6877719014883041,winter,22.292975921751065
867,1041300.0,22.190800233194352,0.6330882352941103,713.2331108704487,-0.3227682411670685,0.3648028075695038,23.756469950079918,0.6824014037847519,winter,22.263218736703323
868,1042200.0,22.18017797960323,0.6000000000000227,746.7550403529465,-0.3145400285720825,0.3643113374710083,23.8264097571373,0.6821556687355042,winter,22.190800233194352
869,1043100.0,22.162992206028093,0.5669117647058783,777.009582952399,-0.309619665145874,0.37279951572418213,23.86823284626007,0.6863997578620911,winter,22.18017797960323
870,1044000.0,22.156673257402872,0.6000000000000227,808.3926367297207,-0.30367180705070496,0.3838478922843933,23.918789640069008,0.6919239461421967,winter,22.162992206028093
871,1044900.0,22.0941456794381,0.7277573529411825,811.8703544498203,-0.30899953842163086,0.3781132102012634,23.873503923416138,0.6890566051006317,winter,22.156673257402872
872,1045800.0,22.10445781209262,0.8941176470588061,841.5290935589629,-0.2998640537261963,0.37969887256622314,23.95115554332733,0.6898494362831116,winter,22.0941456794381
873,1046700.0,22.102933253080778,1.038419117647038,864.1961429427287,-0.29489436745643616,0.3854886293411255,23.993397876620293,0.6927443146705627,winter,22.10445781209262
874,1047600.0,22.10541420283124,1.1000000000000227,890.6253382947725,-0.28873181343078613,0.3926215171813965,24.045779585838318,0.6963107585906982,winter,22.102933253080778
875,1048500.0,22.088137050476462,1.1000000000000227,909.6173736387026,-0.28263306617736816,0.3783166706562042,24.09761893749237,0.6891583353281021,winter,22.10541420283124
876,1049400.0,22.099686335467652,1.1000000000000227,944.4601775708236,-0.2730392813682556,0.38505902886390686,24.179166108369827,0.6925295144319534,winter,22.088137050476462
877,1050300.0,22.11186937037877,1.1000000000000227,980.2659471687227,-0.26499614119529724,0.40021759271621704,24.247532799839973,0.7001087963581085,winter,22.099686335467652
878,1051200.0,22.126750712083833,1.1000000000000227,1016.850158329139,-0.25714385509490967,0.4180055558681488,24.314277231693268,0.7090027779340744,winter,22.11186937037877
879,1052100.0,22.188935155738477,1.1000000000000227,1069.9992742794368,-0.2375936210155487,0.42732807993888855,24.480454221367836,0.7136640399694443,winter,22.126750712083833
880,1053000.0,22.203640466075058,1.1000000000000227,1102.3898847920511,-0.23134994506835938,0.4456324577331543,24.533525466918945,0.7228162288665771,winter,22.188935155738477
881,1053900.0,22.2208279241824,1.1000000000000227,1135.769835793268,-0.22449907660484314,0.46311160922050476,24.591757848858833,0.7315558046102524,winter,22.203640466075058
882,1054800.0,22.23530654311537,1.1000000000000227,1167.4802330136226,-0.21841034293174744,0.48007628321647644,24.643512085080147,0.7400381416082382,winter,22.2208279241824
883,1055700.0,22.315324630956184,1.1000000000000227,1222.8450506038814,-0.19507735967636108,0.4817005395889282,24.84184244275093,0.7408502697944641,winter,22.23530654311537
884,1056600.0,22.31416030122182,1.1000000000000227,1244.8902781847273,-0.1928989589214325,0.4958246052265167,24.860358849167824,0.7479123026132584,winter,22.315324630956184
885,1057500.0,22.307672669765907,1.1000000000000227,1265.845685798382,-0.19097992777824402,0.5070158839225769,24.876670613884926,0.7535079419612885,winter,22.31416030122182
886,1058400.0,22.290231701210246,1.1000000000000227,1281.89391141467,-0.19108371436595917,0.5159060955047607,24.875788427889347,0.7579530477523804,winter,22.307672669765907
887,1059300.0,22.24423145948714,1.0422286184210634,1281.45568591229,-0.1889137625694275,0.4842067062854767,24.894233018159866,0.7421033531427383,winter,22.290231701210246
888,1060200.0,22.189708577148792,0.9042763157894456,1284.6183124416075,-0.19283854961395264,0.47748270630836487,24.860872328281403,0.7387413531541824,winter,22.24423145948714
889,1061100.0,22.120281442500755,0.7391858552631447,1283.3110826703708,-0.2006986290216446,0.47491344809532166,24.79406165331602,0.7374567240476608,winter,22.189708577148792
890,1062000.0,22.039794695633304,0.6000000000000227,1269.1255365721677,-0.21237000823020935,0.4689966142177582,24.69485493004322,0.7344983071088791,winter,22.120281442500755
891,1062900.0,21.885933789186197,0.38425164473682116,1198.0168447184403,-0.23565420508384705,0.41447845101356506,24.4969392567873,0.7072392255067825,winter,22.039794695633304
892,1063800.0,21.79546037411825,0.13322368421052033,1116.2302690165723,-0.2573409676551819,0.3690562844276428,24.312601774930954,0.6845281422138214,winter,21.885933789186197
893,1064700.0,21.68065693209695,0.1155838815789707,1000.9910509318255,-0.28980159759521484,0.31283631920814514,24.036686420440674,0.6564181596040726,winter,21.79546037411825
894,1065600.0,21.622168500804833,0.6000000000000227,830.7783783626957,-0.32901132106781006,0.23351910710334778,23.703403770923615,0.6167595535516739,winter,21.68065693209695
895,1066500.0,21.882833527339812,1.4250000000000114,274.4804667472591,-0.45209774374961853,0.04826359078288078,22.657169178128242,0.5241317953914404,winter,21.622168500804833
896,1067400.0,21.579466152141265,2.25,21.21410945328698,-0.6059736013412476,-0.32259753346443176,21.349224388599396,0.3387012332677841,winter,21.882833527339812
897,1068300.0,22.11012368511166,3.0749999999999886,0.11942459322171516,-0.6765217781066895,-0.9992323517799377,20.74956488609314,0.00038382411003112793,winter,21.579466152141265
898,1069200.0,22.694209734000253,3.8999999999999773,3.341614044830938e-08,-0.7548682689666748,-1.0,20.083619713783264,0.0,winter,22.11012368511166
899,1070100.0,23.286640507183847,4.725000000000023,4.604385571930826e-27,-0.9382115602493286,-1.0,18.525201737880707,0.0,winter,22.694209734000253
900,1071000.0,23.887746368019293,5.550000000000011,2.6942504717983834e-41,-1.0,-1.0,18.0,0.0,winter,23.286640507183847
901,1071900.0,24.491986888522945,6.375,8.713995024157224e-61,-1.0,-1.0,18.0,0.0,winter,23.887746368019293
902,1072800.0,25.033818090467832,7.199999999999989,7.211358209228075,-1.0,-0.9889677166938782,18.0,0.005516141653060913,winter,24.491986888522945
903,1073700.0,24.64358796581871,8.035085227272702,142.369710717812,-1.0,-0.7687150835990906,18.0,0.11564245820045471,winter,25.033818090467832
904,1074600.0,23.344292275708767,8.885227272727263,372.9988862446952,-1.0,-0.2624618709087372,18.0,0.3687690645456314,winter,24.64358796581871
905,1075500.0,22.610197046191388,9.742755681818153,563.9190308961346,-1.0,0.2291192263364792,18.0,0.6145596131682396,winter,23.344292275708767
906,1076400.0,22.423552661328927,10.600000000000023,693.2686290597061,-1.0,0.5124980807304382,18.0,0.7562490403652191,winter,22.610197046191388
907,1077300.0,22.459347880056782,11.52255681818184,782.6249336911083,-1.0,0.6590610146522522,18.0,0.8295305073261261,winter,22.423552661328927
908,1078200.0,22.60090040308569,12.522272727272707,843.9522135890394,-1.0,0.723909854888916,18.0,0.861954927444458,winter,22.459347880056782
909,1079100.0,22.783198998078376,13.510852272727277,893.0446490586852,-1.0,0.7553099393844604,18.0,0.8776549696922302,winter,22.60090040308569
910,1080000.0,22.98708056569916,14.399999999999977,934.2283464459315,-1.0,0.7675501704216003,18.0,0.8837750852108002,winter,22.783198998078376
911,1080900.0,23.23357153908512,15.09078125000002,959.5798006972399,-1.0,0.7457279562950134,18.0,0.8728639781475067,winter,22.98708056569916
912,1081800.0,23.07319789117082,15.573750000000018,1110.9136643978882,-1.0,1.0,18.0,1.0,summer,23.23357153908512
913,1082700.0,23.235496680072913,15.894843750000007,1140.9327653179337,-1.0,1.0,18.0,1.0,summer,23.07319789117082
914,1083600.0,23.38561224253482,16.100000000000023,1168.7028494338067,-1.0,1.0,18.0,1.0,summer,23.235496680072913
915,1084500.0,23.521021327216886,16.258203125000023,1193.7569825920887,-1.0,1.0,18.0,1.0,summer,23.38561224253482
916,1085400.0,23.63935436563736,16.40937500000001,1215.6569522410086,-1.0,1.0,18.0,1.0,summer,23.521021327216886
917,1086300.0,23.738093559046717,16.55585937500001,1233.9369882299395,-1.0,1.0,18.0,1.0,summer,23.63935436563736
918,1087200.0,23.814771616518385,16.69999999999999,1248.1406082794279,-1.0,1.0,18.0,1.0,summer,23.738093559046717
919,1088100.0,23.8696518759059,16.84107142857141,1258.3112483575494,-1.0,1.0,18.0,1.0,summer,23.814771616518385
920,1089000.0,23.905235235298505,16.97410714285712,1264.9032184367104,-1.0,1.0,18.0,1.0,summer,23.8696518759059
921,1089900.0,23.92447008972681,17.095089285714266,1268.461814691421,-1.0,1.0,18.0,1.0,summer,23.905235235298505
922,1090800.0,23.92623134682981,17.19999999999999,1268.7851917655278,-1.0,1.0,18.0,1.0,summer,23.92447008972681
923,1091700.0,23.899262991866806,16.99494977678569,1263.801966768292,-1.0,1.0,18.0,1.0,summer,23.92623134682981
924,1092600.0,23.82719480940159,16.324330357142856,1250.490922026109,-1.0,1.0,18.0,1.0,summer,23.899262991866806
925,1093500.0,23.71670541236756,15.391545758928544,1230.0873349107617,-1.0,1.0,18.0,1.0,summer,23.82719480940159
926,1094400.0,23.56376127047656,14.399999999999977,1201.8425848164748,-1.0,1.0,18.0,1.0,summer,23.71670541236756
927,1095300.0,23.37455940701267,13.079122121710498,1166.9064439816082,-1.0,1.0,18.0,1.0,summer,23.56376127047656
928,1096200.0,23.162318107304372,11.372450657894717,1127.7237549011277,-1.0,1.0,18.0,1.0,summer,23.37455940701267
929,1097100.0,22.929509728315338,9.804553865131595,1084.7380328824518,-1.0,1.0,18.0,1.0,summer,23.162318107304372
930,1098000.0,23.322315274085724,8.899999999999977,853.6963331379371,-1.0,0.5657381415367126,18.0,0.7828690707683563,winter,22.929509728315338
931,1098900.0,23.28427303682048,8.719078947368416,787.9758056721588,-1.0,0.47135549783706665,18.0,0.7356777489185333,winter,23.322315274085724
932,1099800.0,23.20227349140015,8.815570175438609,746.0962261497563,-1.0,0.42151710391044617,18.0,0.7107585519552231,winter,23.28427303682048
933,1100700.0,23.12874366027745,8.954276315789457,711.6578326711016,-1.0,0.3803270161151886,18.0,0.6901635080575943,winter,23.20227349140015
934,1101600.0,23.06055645469246,8.899999999999977,680.2666411074495,-1.0,0.3417484164237976,18.0,0.6708742082118988,winter,23.12874366027745
935,1102500.0,22.50012639966451,8.686230468750011,586.6253334780415,-1.0,0.29654189944267273,18.0,0.6482709497213364,winter,23.06055645469246
936,1103400.0,22.442419255259495,8.467447916666686,537.3944948987504,-1.0,0.21419072151184082,18.0,0.6070953607559204,winter,22.50012639966451
937,1104300.0,22.37329686783164,8.18994140625,499.6236337856943,-1.0,0.15369802713394165,18.0,0.5768490135669708,winter,22.442419255259495
938,1105200.0,22.309324969334057,7.800000000000011,463.9849722240961,-1.0,0.09378831088542938,18.0,0.5468941554427147,winter,22.37329686783164
939,1106100.0,22.348627995845618,7.28662109375,409.98789959152043,-0.9949012994766235,-0.020711231976747513,18.0433389544487,0.48964438401162624,winter,22.309324969334057
940,1107000.0,22.28149839365085,6.711718749999989,378.6724725177874,-1.0,-0.08489526808261871,18.0,0.45755236595869064,winter,22.348627995845618
941,1107900.0,22.250480429424215,6.130957031249977,342.3086550775751,-1.0,-0.16105321049690247,18.0,0.41947339475154877,winter,22.28149839365085
942,1108800.0,22.22091723568309,5.600000000000023,308.2982372184174,-1.0,-0.23446515202522278,18.0,0.3827674239873886,winter,22.250480429424215
943,1109700.0,22.337734631670628,5.1246783088235475,253.64489344185017,-0.9691036939620972,-0.3427198827266693,18.262618601322174,0.32864005863666534,winter,22.22091723568309
944,1110600.0,22.246658092721134,4.678308823529392,235.8945094785224,-0.9916194677352905,-0.40065401792526245,18.07123452425003,0.2996729910373688,winter,22.337734631670628
945,1111500.0,22.264084399588114,4.267784926470597,201.26515430912127,-0.9774374961853027,-0.4735172688961029,18.191781282424927,0.26324136555194855,winter,22.246658092721134
946,1112400.0,22.244183359657598,3.8999999999999773,175.11840806071856,-0.9782888889312744,-0.5388495922088623,18.184544444084167,0.23057520389556885,winter,22.264084399588114
947,1113300.0,22.227425826786373,3.612683823529437,149.91142418315803,-0.9734349250793457,-0.5984394550323486,18.22580313682556,0.20078027248382568,winter,22.244183359657598
948,1114200.0,22.23582938583837,3.427941176470597,123.16000407245292,-0.9640524387359619,-0.6632927060127258,18.305554270744324,0.16835364699363708,winter,22.227425826786373
949,1115100.0,22.25705517755398,3.329227941176498,97.26324446346077,-0.9563260078430176,-0.7304907441139221,18.37122893333435,0.13475462794303894,winter,22.23582938583837
950,1116000.0,22.305974524717328,3.3000000000000114,70.01963210476357,-0.9479559659957886,-0.8045175671577454,18.442374289035797,0.09774121642112732,winter,22.25705517755398
951,1116900.0,22.42024535966948,3.3547697368421154,36.779243188572586,-0.9404283761978149,-0.8984769582748413,18.506358802318573,0.050761520862579346,winter,22.305974524717328
952,1117800.0,22.590066177332403,3.496052631578948,7.009652321598422e-16,-0.9390324354171753,-1.0,18.51822429895401,0.0,winter,22.42024535966948
953,1118700.0,22.519868564623494,3.6893092105262895,9.37178775287592e-34,-0.8670694828033447,-1.0,19.12990939617157,0.0,winter,22.590066177332403
954,1119600.0,22.426552252690897,3.8999999999999773,8.032608985677988e-53,-0.8032416105270386,-1.0,19.672446310520172,0.0,winter,22.519868564623494
955,1120500.0,22.33697407070167,4.285746593045133,6.597142206072071e-71,-0.7659469842910767,-1.0,19.98945063352585,0.0,winter,22.426552252690897
956,1121400.0,22.2661282499389,4.862429511278208,3.744625335478168e-90,-0.706852912902832,-1.0,20.491750240325928,0.0,winter,22.33697407070167
957,1122300.0,22.204890782855387,5.382897673872208,1.5904917145913266e-108,-0.6440008878707886,-1.0,21.025992453098297,0.0,winter,22.2661282499389
958,1123200.0,22.132486494407885,5.600000000000023,9.27011024804001e-128,-0.5834981203079224,-1.0,21.54026597738266,0.0,winter,22.204890782855387
959,1124100.0,22.021700657668305,5.204520089285722,8.062633853813422e-150,-0.46355417370796204,-1.0,22.559789523482323,0.0,winter,22.132486494407885
960,1125000.0,21.85526763206184,4.329017857142844,3.3927741430292886e-169,-0.3904353678226471,-1.0,23.1812993735075,0.0,winter,22.021700657668305
961,1125900.0,21.652181977536713,3.3890066964285666,3.9462846377895206e-191,-0.33476221561431885,-1.0,23.65452116727829,0.0,winter,21.85526763206184
962,1126800.0,21.45283498984429,2.8000000000000114,2.7712653000540495e-209,-0.2880706787109375,-1.0,24.05139923095703,0.0,winter,21.652181977536713
963,1127700.0,21.464906460452198,2.5249999999999773,82.75094080041704,-0.24030748009681702,-0.9102205038070679,24.457386419177055,0.044889748096466064,winter,21.45283498984429
964,1128600.0,22.197676517116406,2.25,470.7886039059195,-0.23141363263130188,-0.3537762463092804,24.532984122633934,0.3231118768453598,winter,21.464906460452198
965,1129500.0,22.239965683880428,1.9750000000000227,533.0955314657773,-0.3141818642616272,0.03899690508842468,23.82945415377617,0.5194984525442123,winter,22.197676517116406
966,1130400.0,22.223811847248044,1.6999999999999886,582.163300724519,-0.32277899980545044,0.1611272245645523,23.75637850165367,0.5805636122822762,winter,22.239965683880428
967,1131300.0,22.321822290836167,1.4250000000000114,677.8467874753532,-0.2971438765525818,0.24859099090099335,23.974277049303055,0.6242954954504967,winter,22.223811847248044
968,1132200.0,22.319819190803628,1.1499999999999773,726.3017837298815,-0.29330557584762573,0.3047269582748413,24.00690260529518,0.6523634791374207,winter,22.321822290836167
969,1133100.0,22.33160095356868,0.875,779.0662394325608,-0.28344929218292236,0.34102120995521545,24.09068101644516,0.6705106049776077,winter,22.319819190803628
970,1134000.0,22.344750379717084,0.6000000000000227,828.9637840731688,-0.2737053632736206,0.37186720967292786,24.173504412174225,0.6859336048364639,winter,22.33160095356868
971,1134900.0,22.374161869916406,0.4635110294117908,877.5968118098453,-0.26157623529434204,0.39641326665878296,24.276601999998093,0.6982066333293915,winter,22.344750379717084
972,1135800.0,22.39858580829457,0.5110294117646959,913.357021534563,-0.2533852159976959,0.4187520742416382,24.346225664019585,0.7093760371208191,winter,22.374161869916406
973,1136700.0,22.418053856514803,0.6030330882352928,941.6414369562597,-0.24656325578689575,0.43409019708633423,24.404212325811386,0.7170450985431671,winter,22.39858580829457
974,1137600.0,22.431905193814032,0.6000000000000227,968.5180365375019,-0.24006269872188568,0.4453374147415161,24.45946706086397,0.7226687073707581,winter,22.418053856514803
975,1138500.0,22.5043457798198,0.469852941176498,1026.1132250797602,-0.22245588898658752,0.47475525736808777,24.609124943614006,0.7373776286840439,winter,22.431905193814032
976,1139400.0,22.51408892273082,0.30000000000001137,1059.6641096789122,-0.21727389097213745,0.49707964062690735,24.65317192673683,0.7485398203134537,winter,22.5043457798198
977,1140300.0,22.52797366206204,0.13014705882352473,1095.3571162856472,-0.2103128880262375,0.5150692462921143,24.71234045177698,0.7575346231460571,winter,22.51408892273082
978,1141200.0,22.53719473611102,0.0,1127.9772320866186,-0.20445884764194489,0.5313988327980042,24.76209979504347,0.7656994163990021,winter,22.52797366206204
979,1142100.0,22.532278907559828,-0.03639705882352473,1152.3449446854147,-0.19984027743339539,0.5354949831962585,24.80135764181614,0.7677474915981293,winter,22.53719473611102
980,1143000.0,22.517258889580603,0.0,1174.58640534423,-0.19752782583236694,0.5422137379646301,24.82101348042488,0.7711068689823151,winter,22.532278907559828
981,1143900.0,22.4878141836611,0.03639705882352473,1192.5722097010525,-0.19757069647312164,0.5469436645507812,24.820649079978466,0.7734718322753906,winter,22.517258889580603
982,1144800.0,22.44359839913045,0.0,1206.1974024920275,-0.19984708726406097,0.5489124059677124,24.80129975825548,0.7744562029838562,winter,22.4878141836611
983,1145700.0,22.44683985629473,-0.21035730698531552,1243.0601212857498,-0.19173429906368256,0.554946780204773,24.8702584579587,0.7774733901023865,winter,22.44359839913045
984,1146600.0,22.361996818103137,-0.55556066176473,1250.2419915546468,-0.2006046175956726,0.5578495860099792,24.794860750436783,0.7789247930049896,winter,22.44683985629473
985,1147500.0,22.266841014711872,-0.8979836856617567,1257.6190376717534,-0.20936542749404907,0.5550468564033508,24.720393866300583,0.7775234282016754,winter,22.361996818103137
986,1148400.0,22.16006886971303,-1.1000000000000227,1257.3729157960388,-0.22039349377155304,0.5479839444160461,24.6266553029418,0.7739919722080231,winter,22.266841014711872
987,1149300.0,22.039259833155825,-1.1698242187500227,1241.2398928013672,-0.23347462713718414,0.5254101753234863,24.515465669333935,0.7627050876617432,winter,22.16006886971303
988,1150200.0,21.91210949129146,-1.2002604166666515,1212.4994281449513,-0.24962081015110016,0.49904128909111023,24.37822311371565,0.7495206445455551,winter,22.039259833155825
989,1151100.0,21.78401034976463,-1.1805664062500227,1170.2655274672356,-0.2675935626029968,0.46463391184806824,24.225454717874527,0.7323169559240341,winter,21.91210949129146
990,1152000.0,21.6524468702155,-1.1000000000000227,1114.6169146949703,-0.28744974732398987,0.4203356206417084,24.056677147746086,0.7101678103208542,winter,21.78401034976463
991,1152900.0,22.039059323794902,-0.9855468750000114,777.6104792329637,-0.31752482056617737,0.3368929326534271,23.801039025187492,0.6684464663267136,winter,21.6524468702155
992,1153800.0,21.611480451722002,-0.8677083333333258,541.1665390582123,-0.4050449728965759,0.14231574535369873,23.057117730379105,0.5711578726768494,winter,22.039059323794902
993,1154700.0,21.40510584061218,-0.7410156249999886,433.2297190050617,-0.4354514479637146,-0.036376070231199265,22.798662692308426,0.48181196488440037,winter,21.611480451722002
994,1155600.0,21.238950807975527,-0.6000000000000227,350.80305392611365,-0.46514832973480225,-0.16106924414634705,22.54623919725418,0.4194653779268265,winter,21.40510584061218
995,1156500.0,21.108438103452613,-0.44999999999998863,288.1422506198357,-0.4922717213630676,-0.2501521110534668,22.315690368413925,0.3749239444732666,winter,21.238950807975527
996,1157400.0,21.02652558610339,-0.30000000000001137,247.18379616947874,-0.5108259916305542,-0.3114551901817322,22.15797907114029,0.3442724049091339,winter,21.108438103452613
997,1158300.0,20.974714105562214,-0.14999999999997726,218.14888142638793,-0.5261862277984619,-0.3462836444377899,22.027417063713074,0.32685817778110504,winter,21.02652558610339
998,1159200.0,20.94494903264018,0.0,197.9443013645423,-0.538602352142334,-0.3613373935222626,21.92188000679016,0.3193313032388687,winter,20.974714105562214
999,1160100.0,20.90527596767089,0.14999999999997726,175.93161270059062,-0.5572939515113831,-0.3563506305217743,21.763001412153244,0.32182468473911285,winter,20.94494903264018
1000,1161000.0,20.918544082286644,0.30000000000001137,166.42818746474225,-0.5623376369476318,-0.35042786598205566,21.72013008594513,0.32478606700897217,winter,20.90527596767089
1001,1161900.0,20.946856713141187,0.44999999999998863,153.19253318235775,-0.5698188543319702,-0.3295462131500244,21.656539738178253,0.3352268934249878,winter,20.918544082286644
1002,1162800.0,21.00246270566862,0.6000000000000227,134.17131062921553,-0.5766525268554688,-0.308635950088501,21.598453521728516,0.3456820249557495,winter,20.946856713141187
1003,1163700.0,21.054626623853437,0.73828125,86.61727727133815,-0.5987907648086548,-0.28261861205101013,21.410278499126434,0.35869069397449493,winter,21.00246270566862
1004,1164600.0,21.145128897342317,0.8604166666666515,43.88725803757228,-0.6091099977493286,-0.3208213150501251,21.322565019130707,0.33958934247493744,winter,21.054626623853437
1005,1165500.0,21.223686378069942,0.9773437499999886,8.287268406406191,-0.6292127370834351,-0.4136253893375397,21.151691734790802,0.29318730533123016,winter,21.145128897342317
1006,1166400.0,21.40958342526153,1.1000000000000227,13.876458759482592,-0.6520872116088867,-0.6863524913787842,20.957258701324463,0.1568237543106079,winter,21.223686378069942
1007,1167300.0,21.55036924537592,1.2372622282608745,39.1235021377601,-0.6994779109954834,-0.5920834541320801,20.55443775653839,0.20395827293395996,winter,21.40958342526153
1008,1168200.0,21.644349977702632,1.386865942028976,80.04352823347877,-0.7068288326263428,-0.3150152266025543,20.491954922676086,0.34249238669872284,winter,21.55036924537592
1009,1169100.0,21.790529544653964,1.543036684782635,112.25275129011791,-0.691003680229187,-0.10324211418628693,20.62646871805191,0.44837894290685654,winter,21.644349977702632
1010,1170000.0,21.839251411653322,1.6999999999999886,134.18677269179278,-0.6883912086486816,0.013193685561418533,20.648674726486206,0.5065968427807093,winter,21.790529544653964
1011,1170900.0,21.751716627218627,1.9399711277173992,153.28231596157835,-0.7018265724182129,0.10272866487503052,20.53447413444519,0.5513643324375153,winter,21.839251411653322
1012,1171800.0,21.8126761473157,2.2761548913043725,139.16193166662032,-0.6731313467025757,0.12858477234840393,20.778383553028107,0.564292386174202,winter,21.751716627218627
1013,1172700.0,21.784677848129547,2.5992612092391028,138.795962555117,-0.67540442943573,0.1316612958908081,20.759062349796295,0.565830647945404,winter,21.8126761473157
1014,1173600.0,21.810881712736716,2.8000000000000114,134.14862001464567,-0.665790319442749,0.1384270042181015,20.840782284736633,0.5692135021090508,winter,21.784677848129547
1015,1174500.0,21.977807944894835,2.7033203125000114,108.49075076662932,-0.6239324808120728,0.10100044310092926,21.19657391309738,0.5505002215504646,winter,21.810881712736716
1016,1175400.0,21.873866074998602,2.347395833333337,112.52766500585275,-0.6435083150863647,0.08602450788021088,21.0301793217659,0.5430122539401054,winter,21.977807944894835
1017,1176300.0,21.929603345369912,1.9427734375000227,92.41685727808975,-0.6162657737731934,0.0682608038187027,21.261740922927856,0.5341304019093513,winter,21.873866074998602
1018,1177200.0,21.898589500731703,1.6999999999999886,81.37176664390955,-0.6129148006439209,0.027806248515844345,21.290224194526672,0.5139031242579222,winter,21.929603345369912
1019,1178100.0,21.941049241052553,1.6957031250000227,63.25962964003662,-0.5921118259429932,-0.020961325615644455,21.467049479484558,0.4895193371921778,winter,21.898589500731703
1020,1179000.0,21.89769342334364,1.7802083333333485,57.07201761877094,-0.5957221984863281,-0.07045722007751465,21.43636131286621,0.4647713899612427,winter,21.941049241052553
1021,1179900.0,21.873713193164008,1.8246093750000227,47.30147996060235,-0.5897895097732544,-0.10801661014556885,21.486789166927338,0.4459916949272156,winter,21.89769342334364
1022,1180800.0,21.821307750751146,1.6999999999999886,35.53849035055695,-0.5848898887634277,-0.16077332198619843,21.528435945510864,0.4196133390069008,winter,21.873713193164008
1023,1181700.0,21.873918413852152,1.4421874999999886,13.40927665529459,-0.5419526696205139,-0.2553981840610504,21.89340230822563,0.3723009079694748,winter,21.821307750751146
1024,1182600.0,21.77450125543203,1.1729166666666515,29.22453915617509,-0.5392709970474243,-0.42546963691711426,21.916196525096893,0.28726518154144287,winter,21.873918413852152
1025,1183500.0,21.695804047585455,0.8921874999999773,59.692735634758684,-0.5334326028823853,-0.35369428992271423,21.965822875499725,0.3231528550386429,winter,21.77450125543203
1026,1184400.0,21.680869502054293,0.6000000000000227,111.34620677259983,-0.5139038562774658,-0.26227664947509766,22.13181722164154,0.36886167526245117,winter,21.695804047585455
1027,1185300.0,21.81022559405335,0.30078125,214.39023945119587,-0.4555862247943878,-0.19475388526916504,22.627517089247704,0.4026230573654175,winter,21.680869502054293
1028,1186200.0,21.771798434534674,0.0,248.07724354228998,-0.45704129338264465,-0.10616984963417053,22.61514900624752,0.44691507518291473,winter,21.81022559405335
1029,1187100.0,21.770859053717288,-0.30078125,293.05140414437085,-0.4386416971683502,-0.10181176662445068,22.771545574069023,0.44909411668777466,winter,21.771798434534674
1030,1188000.0,21.748343358917964,-0.6000000000000227,326.3872063788587,-0.42851516604423523,-0.093621164560318,22.857621088624,0.453189417719841,winter,21.770859053717288
1031,1188900.0,21.19193460917421,-0.8792968750000227,623.9132335040218,-0.3729439079761505,-0.0801953375339508,23.32997678220272,0.4599023312330246,winter,21.748343358917964
1032,1189800.0,21.667982754499462,-1.1385416666666401,910.1439831110844,-0.24291841685771942,0.03754707798361778,24.435193456709385,0.5187735389918089,winter,21.19193460917421
1033,1190700.0,21.66770877335631,-1.4035156250000114,969.1072198023218,-0.2520199716091156,0.13002416491508484,24.357830241322517,0.5650120824575424,winter,21.667982754499462
1034,1191600.0,21.694759955288987,-1.6999999999999886,1040.484096953321,-0.23312713205814362,0.15615962445735931,24.51841937750578,0.5780798122286797,winter,21.66770877335631
1035,1192500.0,22.016283214426835,-2.1323029891304373,1241.7696586565596,-0.16006635129451752,0.24570995569229126,25.1394360139966,0.6228549778461456,winter,21.694759955288987
1036,1193400.0,22.035974837522645,-2.7153079710145107,1311.0517231275637,-0.16343767940998077,0.32905104756355286,25.110779725015163,0.6645255237817764,winter,22.016283214426835
1037,1194300.0,22.106075024573045,-3.3406589673912777,1409.4259805575414,-0.1460101306438446,0.38997408747673035,25.25891388952732,0.6949870437383652,winter,22.035974837522645
1038,1195200.0,22.18166631406234,-3.8999999999999773,1508.680223012407,-0.13231757283210754,0.46333077549934387,25.375300630927086,0.7316653877496719,winter,22.106075024573045
1039,1196100.0,22.453912834538016,-4.389809782608722,1686.0894379982128,-0.09014823287725449,0.5827122330665588,25.733740020543337,0.7913561165332794,winter,22.18166631406234
1040,1197000.0,22.44008243109971,-4.857608695652175,1729.2668655770892,-0.10383211076259613,0.6638426184654236,25.617427058517933,0.8319213092327118,winter,22.453912834538016
1041,1197900.0,22.49208163493563,-5.27160326086954,1798.87087001246,-0.09740637242794037,0.722522497177124,25.672045834362507,0.861261248588562,winter,22.44008243109971
1042,1198800.0,22.504387375643148,-5.600000000000023,1850.0003672816993,-0.09900500625371933,0.7780840396881104,25.658457446843386,0.8890420198440552,winter,22.49208163493563
1043,1199700.0,22.543139936181547,-5.832812499999989,1911.6948492729634,-0.09535472095012665,0.834047794342041,25.689484871923923,0.9170238971710205,winter,22.504387375643148
1044,1200600.0,22.517799511763315,-5.987500000000011,1942.0037291621734,-0.1024722009897232,0.8766394257545471,25.628986291587353,0.9383197128772736,winter,22.543139936181547
1045,1201500.0,22.503422615074328,-6.073437500000011,1973.8265097848268,-0.10608503222465515,0.9115493893623352,25.59827722609043,0.9557746946811676,winter,22.517799511763315
1046,1202400.0,22.474863653022453,-6.100000000000023,1996.1068888504733,-0.11193974316120148,0.9409321546554565,25.548512183129787,0.9704660773277283,winter,22.503422615074328
1047,1203300.0,22.428767022803356,-6.100000000000023,2008.029638385037,-0.1198175847530365,0.9615727663040161,25.48155052959919,0.9807863831520081,winter,22.474863653022453
1048,1204200.0,22.404227295462647,-6.100000000000023,2028.8468713918282,-0.12324361503124237,0.981456458568573,25.45242927223444,0.9907282292842865,winter,22.428767022803356
1049,1205100.0,22.3735272333559,-6.100000000000023,2045.5961843083255,-0.12757569551467896,0.9986878037452698,25.41560658812523,0.9993439018726349,winter,22.404227295462647
1050,1206000.0,22.33805627281845,-6.100000000000023,2055.8851683121497,-0.1300685703754425,1.0,25.39441715180874,1.0,winter,22.3735272333559
1051,1206900.0,22.305335722731684,-6.100000000000023,2066.8036380182357,-0.1318194568157196,1.0,25.379534617066383,1.0,winter,22.33805627281845
1052,1207800.0,22.28750006244445,-6.100000000000023,2083.615241264382,-0.13069507479667664,1.0,25.38909186422825,1.0,winter,22.305335722731684
1053,1208700.0,22.270843072532045,-6.100000000000023,2100.1153999800454,-0.12949272990226746,1.0,25.399311795830727,1.0,winter,22.28750006244445
1054,1209600.0,22.259432285893524,-6.100000000000023,2118.2836552528793,-0.1273556649684906,1.0,25.41747684776783,1.0,winter,22.270843072532045
1055,1210500.0,22.25888094126492,-6.100000000000023,2140.3594713477864,-0.12319596111774445,1.0,25.452834330499172,1.0,winter,22.259432285893524
1056,1211400.0,22.2509726594551,-6.100000000000023,2157.9851410896745,-0.12075237184762955,1.0,25.47360483929515,1.0,winter,22.25888094126492
1057,1212300.0,22.249846957568536,-6.100000000000023,2177.1031793050765,-0.11722534149885178,1.0,25.50358459725976,1.0,winter,22.2509726594551
1058,1213200.0,22.25025383572637,-6.100000000000023,2195.4729343220156,-0.11366007477045059,1.0,25.53388936445117,1.0,winter,22.249846957568536
1059,1214100.0,22.265913403247566,-6.100000000000023,2220.8307620183377,-0.1069650948047638,1.0,25.590796694159508,1.0,winter,22.25025383572637
1060,1215000.0,22.26641083534389,-6.100000000000023,2239.211400687161,-0.10338671505451202,1.0,25.621212922036648,1.0,winter,22.265913403247566
1061,1215900.0,22.27537510426515,-6.100000000000023,2260.447628209538,-0.09826682507991791,1.0,25.664731986820698,1.0,winter,22.26641083534389
1062,1216800.0,22.285876403597626,-6.100000000000023,2280.9410621142606,-0.0931081473827362,1.0,25.708580747246742,1.0,winter,22.27537510426515
1063,1217700.0,22.355897408083194,-6.167187500000011,2329.2142482180334,-0.07564067840576172,1.0,25.857054233551025,1.0,winter,22.285876403597626
1064,1218600.0,22.354588366142366,-6.3291666666666515,2346.8382775252408,-0.07242022454738617,1.0,25.884428091347218,1.0,winter,22.355897408083194
1065,1219500.0,22.375422250279314,-6.526562500000011,2377.6205540844817,-0.0640806034207344,1.0,25.955314870923758,1.0,winter,22.354588366142366
1066,1220400.0,22.39365667391246,-6.699999999999989,2406.6184744699954,-0.05638711526989937,1.0,26.020709520205855,1.0,winter,22.375422250279314
1067,1221300.0,22.46312305902967,-6.778124999999989,2458.4210591721744,-0.038308821618556976,1.0,26.174375016242266,1.0,winter,22.39365667391246
1068,1222200.0,22.463742649968708,-6.808333333333337,2481.2564092776342,-0.03386496752500534,1.0,26.212147776037455,1.0,winter,22.46312305902967
1069,1223100.0,22.47315380579954,-6.909375000000011,2514.7500237753047,-0.026352230459451675,1.0,26.27600604109466,1.0,winter,22.463742649968708
1070,1224000.0,22.47641310395818,-7.199999999999989,2550.3264167340712,-0.019166775047779083,1.0,26.337082412093878,1.0,winter,22.47315380579954
1071,1224900.0,22.58421093736547,-7.625,2638.202852192975,0.010310135781764984,1.0,26.587636154145002,1.0,winter,22.47641310395818
1072,1225800.0,22.563373947363573,-8.050000000000011,2661.8423380129493,0.012383803725242615,1.0,26.605262331664562,1.0,winter,22.58421093736547
1073,1226700.0,22.562936086457114,-8.475000000000023,2698.344831528856,0.019320107996463776,1.0,26.664220917969942,1.0,winter,22.563373947363573
1074,1227600.0,22.548399319191162,-8.899999999999977,2728.636174575945,0.0234156996011734,1.0,26.699033446609974,1.0,winter,22.562936086457114
1075,1228500.0,22.658273922768274,-9.324999999999989,2818.1405509580204,0.05346531420946121,1.0,26.95445517078042,1.0,winter,22.548399319191162
1076,1229400.0,22.598008363011047,-9.75,2820.2014766449165,0.04678874462842941,1.0,26.89770432934165,1.0,winter,22.658273922768274
1077,1230300.0,22.56881488548413,-10.175000000000011,2839.8142015261487,0.04711971431970596,1.0,26.9005175717175,1.0,winter,22.598008363011047
1078,1231200.0,22.52085575406835,-10.600000000000023,2852.0056166647064,0.04382272809743881,1.0,26.87249318882823,1.0,winter,22.56881488548413
1079,1232100.0,22.45123919500105,-10.815047089041116,2853.930429139591,0.03601560741662979,1.0,26.806132663041353,1.0,winter,22.52085575406835
1080,1233000.0,22.403906540089395,-10.748458904109611,2857.278659714729,0.03110133856534958,1.0,26.76436137780547,1.0,winter,22.45123919500105
1081,1233900.0,22.350113823905133,-10.607641267123313,2848.337583171659,0.023075848817825317,1.0,26.696144714951515,1.0,winter,22.403906540089395
1082,1234800.0,22.306286094736265,-10.600000000000023,2830.544261753129,0.014528192579746246,1.0,26.623489636927843,1.0,winter,22.350113823905133
1083,1235700.0,22.36452472418307,-11.163758189398436,2836.6101775895772,0.022546693682670593,1.0,26.6916468963027,1.0,winter,22.306286094736265
1084,1236600.0,22.367705397877444,-12.158606313281723,2768.1901713936577,0.009854808449745178,1.0,26.583765871822834,1.0,winter,22.36452472418307
1085,1237500.0,22.40093984968985,-12.924151280524143,2700.6319237987373,0.0008690133690834045,1.0,26.50738661363721,1.0,winter,22.367705397877444
1086,1238400.0,22.517023630445863,-12.800000000000011,2570.0453702408267,-0.010413981974124908,1.0,26.41148115321994,1.0,winter,22.40093984968985
1087,1239300.0,22.918342681554748,-11.98059329710145,2031.4704028153556,-0.0652327835559845,0.9960517883300781,25.94552133977413,0.9980258941650391,winter,22.517023630445863
1088,1240200.0,22.824670473249455,-11.120712560386494,1677.660961344,-0.11792560666799545,0.8679742813110352,25.49763234332204,0.9339871406555176,winter,22.918342681554748
1089,1241100.0,22.831240080958196,-10.250475543478274,1428.6909799726463,-0.1438533514738083,0.7450065612792969,25.27724651247263,0.8725032806396484,winter,22.824670473249455
1090,1242000.0,22.810157857878494,-9.399999999999977,1192.1326635980183,-0.17574046552181244,0.6259891390800476,25.006206043064594,0.8129945695400238,winter,22.831240080958196
1091,1242900.0,22.458627291281687,-8.566105769230774,888.7923622615816,-0.2578822076320648,0.446259468793869,24.30800123512745,0.7231297343969345,winter,22.810157857878494
1092,1243800.0,22.481456228839704,-7.731837606837587,706.5775318583758,-0.2794194221496582,0.30215269327163696,24.124934911727905,0.6510763466358185,winter,22.458627291281687
1093,1244700.0,22.51614379864128,-6.906650641025635,499.970740293641,-0.31892767548561096,0.18416698276996613,23.789114758372307,0.5920834913849831,winter,22.481456228839704
1094,1245600.0,22.586241029424514,-6.100000000000023,298.43355616809123,-0.36255887150764465,0.06368144601583481,23.41824959218502,0.5318407230079174,winter,22.51614379864128
1095,1246500.0,22.58866856307145,-5.424450549450569,45.75798953799142,-0.44768261909484863,-0.09130769968032837,22.694697737693787,0.4543461501598358,winter,22.586241029424514
1096,1247400.0,22.787766300738838,-4.951098901098874,38.045957948758534,-0.5082767009735107,-0.40476441383361816,22.17964804172516,0.2976177930831909,winter,22.58866856307145
1097,1248300.0,23.028381861892342,-4.627197802197827,71.44396002382557,-0.6065390110015869,-0.5535626411437988,21.34441840648651,0.22321867942810059,winter,22.787766300738838
1098,1249200.0,23.127490797722885,-4.399999999999977,128.9609032290205,-0.6928433179855347,-0.4602337181568146,20.610831797122955,0.2698831409215927,winter,23.028381861892342
1099,1250100.0,23.181873369812763,-4.211383928571422,194.41290460467982,-0.7141335010528564,-0.26891806721687317,20.42986524105072,0.3655409663915634,winter,23.127490797722885
1100,1251000.0,23.35359714815138,-4.0517857142857,239.40015662529208,-0.6997060775756836,-0.13030686974525452,20.55249834060669,0.43484656512737274,winter,23.181873369812763
1101,1251900.0,23.483204009303563,-3.9412946428571445,285.62848677648435,-0.7048765420913696,-0.03245570883154869,20.508549392223358,0.48377214558422565,winter,23.35359714815138
1102,1252800.0,23.600155461117993,-3.8999999999999773,329.52796266807854,-0.7101846933364868,0.05011705681681633,20.463430106639862,0.5250585284084082,winter,23.483204009303563
1103,1253700.0,23.784747196587603,-3.8999999999999773,360.17455639899185,-0.6995620727539062,0.10754416882991791,20.553722381591797,0.553772084414959,winter,23.600155461117993
1104,1254600.0,23.84298100055605,-3.8999999999999773,405.6897720323786,-0.7152074575424194,0.17227822542190552,20.420736610889435,0.5861391127109528,winter,23.784747196587603
1105,1255500.0,23.967187750006588,-3.8999999999999773,437.24992075814,-0.7122960090637207,0.22193296253681183,20.445483922958374,0.6109664812684059,winter,23.84298100055605
1106,1256400.0,24.023517012435775,-3.8999999999999773,472.39145243104815,-0.7201306819915771,0.27049747109413147,20.378889203071594,0.6352487355470657,winter,23.967187750006588
1107,1257300.0,24.201761217825492,-3.8999999999999773,483.24497606164783,-0.7020430564880371,0.2884005010128021,20.532634019851685,0.6442002505064011,winter,24.023517012435775
1108,1258200.0,24.18382038804583,-3.8999999999999773,521.5522976471586,-0.7215741872787476,0.3329141438007355,20.366619408130646,0.6664570719003677,winter,24.201761217825492
1109,1259100.0,24.309082398942223,-3.8999999999999773,532.263189003514,-0.7095925807952881,0.3494945466518402,20.46846306324005,0.6747472733259201,winter,24.18382038804583
1110,1260000.0,24.301608327952636,-3.8999999999999773,559.2806763914901,-0.7221769094467163,0.37959760427474976,20.36149626970291,0.6897988021373749,winter,24.309082398942223
1111,1260900.0,24.63953485579566,-4.020312499999989,519.4472219236026,-0.6672868728637695,0.32989323139190674,20.82806158065796,0.6649466156959534,winter,24.301608327952636
1112,1261800.0,24.406081881851833,-4.3125,566.9317843325146,-0.7167168855667114,0.38008007407188416,20.407906472682953,0.6900400370359421,winter,24.63953485579566
1113,1262700.0,24.631354851760875,-4.673437499999977,525.8028521572916,-0.6702775955200195,0.3389040231704712,20.802640438079834,0.6694520115852356,winter,24.406081881851833
1114,1263600.0,24.47410759640195,-5.0,544.807196050628,-0.6986669301986694,0.3568308353424072,20.56133109331131,0.6784154176712036,winter,24.631354851760875
1115,1264500.0,24.778266793090893,-5.274999999999977,476.9704633627365,-0.6355465650558472,0.27128133177757263,21.0978541970253,0.6356406658887863,winter,24.47410759640195
1116,1265400.0,24.514504380285985,-5.550000000000011,501.2133545776052,-0.6801798343658447,0.2945461571216583,20.71847140789032,0.6472730785608292,winter,24.778266793090893
1117,1266300.0,24.644123365685175,-5.824999999999989,446.13548712992724,-0.6361944675445557,0.23471827805042267,21.092347025871277,0.6173591390252113,winter,24.514504380285985
1118,1267200.0,24.445394664212813,-6.100000000000023,433.93434725053805,-0.6529585123062134,0.22096922993659973,20.949852645397186,0.6104846149682999,winter,24.644123365685175
1119,1268100.0,24.572704510086396,-6.375,354.0302746584358,-0.5911449193954468,0.12794514000415802,21.475268185138702,0.563972570002079,winter,24.445394664212813
1120,1269000.0,24.32763780980673,-6.649999999999977,331.3948389425278,-0.6064249277114868,0.09812949597835541,21.345388114452362,0.5490647479891777,winter,24.572704510086396
1121,1269900.0,24.279253486587265,-6.925000000000011,276.13230744680226,-0.5704156160354614,0.037332963198423386,21.651467263698578,0.5186664815992117,winter,24.32763780980673
1122,1270800.0,24.13070595167642,-7.199999999999989,238.23076873238847,-0.5583739280700684,-0.010975304991006851,21.75382161140442,0.4945123475044966,winter,24.279253486587265
1123,1271700.0,24.15951312013908,-7.475000000000023,177.84303804064757,-0.49649107456207275,-0.07498019933700562,22.27982586622238,0.4625099003314972,winter,24.13070595167642
1124,1272600.0,24.019561107595507,-7.75,150.10575924693873,-0.48609820008277893,-0.114901602268219,22.36816529929638,0.4425491988658905,winter,24.15951312013908
1125,1273500.0,23.941365514385097,-8.024999999999977,119.90185566709238,-0.45978155732154846,-0.14657887816429138,22.591856762766838,0.4267105609178543,winter,24.019561107595507
1126,1274400.0,23.868731529603963,-8.300000000000011,94.24507675011066,-0.43556708097457886,-0.1720423698425293,22.79767981171608,0.41397881507873535,winter,23.941365514385097
1127,1275300.0,23.21389393002488,-8.574999999999989,20.683827537760468,-0.3826276659965515,-0.18198581039905548,23.247664839029312,0.40900709480047226,winter,23.868731529603963
1128,1276200.0,23.454176616626967,-8.850000000000023,282.9012208394871,-0.2304503321647644,-0.1903030276298523,24.541172176599503,0.40484848618507385,winter,23.21389393002488
1129,1277100.0,23.39934595115568,-9.125,399.4130170151016,-0.22930589318275452,0.05396384373307228,24.550899907946587,0.5269819218665361,winter,23.454176616626967
1130,1278000.0,23.43604163942439,-9.399999999999977,546.046972661961,-0.19043979048728943,0.15204966068267822,24.88126178085804,0.5760248303413391,winter,23.39934595115568
1131,1278900.0,23.68519599334678,-10.007031250000011,788.1553240461103,-0.11271816492080688,0.2959092855453491,25.54189559817314,0.6479546427726746,winter,23.43604163942439
1132,1279800.0,23.636503929084938,-10.977083333333326,904.4296312977114,-0.10846942663192749,0.4110894799232483,25.578009873628616,0.7055447399616241,winter,23.68519599334678
1133,1280700.0,23.666424120174725,-11.858593750000011,1063.8132588475914,-0.0828070342540741,0.5089927911758423,25.79614020884037,0.7544963955879211,winter,23.636503929084938
1134,1281600.0,23.692408332090736,-12.199999999999989,1206.5583741301089,-0.06603733450174332,0.6134064793586731,25.938682656735182,0.8067032396793365,winter,23.666424120174725
1135,1282500.0,23.657057726050937,-12.104747596153857,1290.784316040512,-0.06675363332033157,0.6929298043251038,25.93259411677718,0.8464649021625519,winter,23.692408332090736
1136,1283400.0,23.676459492828144,-11.983493589743603,1391.0361543811828,-0.057620570063591,0.7696313858032227,26.010225154459476,0.8848156929016113,winter,23.657057726050937
1137,1284300.0,23.667063276662873,-11.845492788461513,1471.4491817509738,-0.05584930628538132,0.8413146138191223,26.02528089657426,0.9206573069095612,winter,23.676459492828144
1138,1285200.0,23.653461139010744,-11.699999999999989,1544.4083511454087,-0.05475977063179016,0.9038854241371155,26.034541949629784,0.9519427120685577,winter,23.667063276662873
1139,1286100.0,23.56034062482871,-11.547475961538453,1569.992219435798,-0.06733182817697525,0.9387081265449524,25.92767946049571,0.9693540632724762,winter,23.653461139010744
1140,1287000.0,23.555502145336618,-11.389423076923094,1635.9400127335778,-0.06339745223522186,0.9823355078697205,25.961121656000614,0.9911677539348602,winter,23.56034062482871
1141,1287900.0,23.495908207299976,-11.236658653846177,1664.25767377278,-0.06835248321294785,1.0,25.919003892689943,1.0,winter,23.555502145336618
1142,1288800.0,23.44248736438766,-11.100000000000023,1691.4103399925232,-0.06943687796592712,1.0,25.90978653728962,1.0,winter,23.495908207299976
1143,1289700.0,23.378479772669664,-11.0497767857143,1718.033443790314,-0.07186958938837051,1.0,25.88910849019885,1.0,winter,23.44248736438766
1144,1290600.0,23.321936989025573,-11.09107142857141,1753.5427323267782,-0.07172607630491257,1.0,25.890328351408243,1.0,winter,23.378479772669664
1145,1291500.0,23.267819916430483,-11.136830357142856,1791.0978082609709,-0.07090593129396439,1.0,25.897299584001303,1.0,winter,23.321936989025573
1146,1292400.0,23.22076619392186,-11.100000000000023,1828.4510646315,-0.06929291039705276,1.0,25.91101026162505,1.0,winter,23.267819916430483
1147,1293300.0,23.146250837463867,-10.98717532467532,1847.119293992729,-0.07448334991931915,1.0,25.866891525685787,1.0,winter,23.22076619392186
1148,1294200.0,23.12256260467973,-10.864610389610391,1887.3480056703177,-0.06957277655601501,1.0,25.908631399273872,1.0,winter,23.146250837463867
1149,1295100.0,23.091534639430904,-10.73474025974025,1920.3542132925008,-0.06690787523984909,1.0,25.931283060461283,1.0,winter,23.12256260467973
1150,1296000.0,23.07106888306265,-10.600000000000023,1955.3518360148144,-0.06262092292308807,1.0,25.96772215515375,1.0,winter,23.091534639430904
1151,1296900.0,22.972532885413784,-10.455326704545428,1950.836255699917,-0.07507489621639252,1.0,25.861863382160664,1.0,winter,23.07106888306265
1152,1297800.0,22.983123979161064,-10.300568181818164,1995.8079376902651,-0.06522907316684723,1.0,25.9455528780818,1.0,winter,22.972532885413784
1153,1298700.0,22.965817218896348,-10.145525568181824,2022.4253290665006,-0.06217561662197113,1.0,25.971507258713245,1.0,winter,22.983123979161064
1154,1299600.0,22.960240063866195,-10.0,2052.5964638235105,-0.057063449174165726,1.0,26.01496068201959,1.0,winter,22.965817218896348
1155,1300500.0,22.918423824262447,-9.89453125,2065.7673483616995,-0.059465937316417694,1.0,25.99453953281045,1.0,winter,22.960240063866195
1156,1301400.0,22.92070070412717,-9.856249999999989,2101.851356702387,-0.05230008065700531,1.0,26.055449314415455,1.0,winter,22.918423824262447
1157,1302300.0,22.913553978689606,-9.889843750000011,2134.5298999836295,-0.04689342528581619,1.0,26.101405885070562,1.0,winter,22.92070070412717
1158,1303200.0,22.91220615657602,-10.0,2171.5575546747773,-0.0399719662964344,1.0,26.160238286480308,1.0,winter,22.913553978689606
1159,1304100.0,22.931384512596537,-10.2138950892857,2218.8529104714066,-0.0286715105175972,1.0,26.256292160600424,1.0,winter,22.91220615657602
1160,1305000.0,22.93160973259313,-10.512053571428567,2256.4850317083396,-0.02144758775830269,1.0,26.317695504054427,1.0,winter,22.931384512596537
1161,1305900.0,22.944903285189355,-10.829185267857156,2296.6073412074993,-0.012209087610244751,1.0,26.39622275531292,1.0,winter,22.93160973259313
1162,1306800.0,22.96098322797849,-11.100000000000023,2332.5973469601863,-0.003432042896747589,1.0,26.470827635377645,1.0,winter,22.944903285189355
1163,1307700.0,22.99859612304408,-11.332533482142878,2380.158690537932,0.010091491043567657,1.0,26.585777673870325,1.0,winter,22.96098322797849
1164,1308600.0,22.999652362920017,-11.54419642857141,2414.778949676303,0.016839638352394104,1.0,26.64313692599535,1.0,winter,22.99859612304408
1165,1309500.0,23.008821283785664,-11.683761160714312,2452.6228313509214,0.02515774965286255,1.0,26.71384087204933,1.0,winter,22.999652362920017
1166,1310400.0,23.014259405739722,-11.699999999999989,2485.1093993099485,0.03201136738061905,1.0,26.772096622735262,1.0,winter,23.008821283785664
1167,1311300.0,22.965319342803582,-11.527207880434787,2488.913035174136,0.026981748640537262,1.0,26.729344863444567,1.0,winter,23.014259405739722
1168,1312200.0,22.97549757138995,-11.210054347826087,2514.559833992737,0.03308328986167908,1.0,26.781207963824272,1.0,winter,22.965319342803582
1169,1313100.0,22.964490220030314,-10.862873641304361,2526.213711948981,0.03401663899421692,1.0,26.789141431450844,1.0,winter,22.97549757138995
1170,1314000.0,22.95208558969864,-10.600000000000023,2536.1090767692585,0.03444936126470566,1.0,26.792819570749998,1.0,winter,22.964490220030314
1171,1314900.0,22.87821422380091,-10.427396245059299,2519.427622016715,0.022568784654140472,1.0,26.691834669560194,1.0,winter,22.95208558969864
1172,1315800.0,22.868461486854187,-10.272332015810264,2531.5889092188536,0.023744851350784302,1.0,26.701831236481667,1.0,winter,22.87821422380091
1173,1316700.0,22.834340970854385,-10.131101778656102,2530.5436103956245,0.019525527954101562,1.0,26.665966987609863,1.0,winter,22.868461486854187
1174,1317600.0,22.794108244186873,-10.0,2528.4575356628156,0.014384858310222626,1.0,26.622271295636892,1.0,winter,22.834340970854385
1175,1318500.0,22.689315405215496,-10.059659090909065,2508.2793260212443,-0.0018115825951099396,1.0,26.484601547941566,1.0,winter,22.794108244186873
1176,1319400.0,22.622704201155102,-10.28636363636366,2525.108937249769,-0.006438415497541428,1.0,26.445273468270898,1.0,winter,22.689315405215496
1177,1320300.0,22.54277962114037,-10.36988636363634,2535.5804003443623,-0.01384434849023819,1.0,26.382323037832975,1.0,winter,22.622704201155102
1178,1321200.0,22.475651821905615,-10.0,2532.445163852118,-0.022343836724758148,1.0,26.310077387839556,1.0,winter,22.54277962114037
1179,1322100.0,22.291995820677528,-9.300000000000011,2446.304369258995,-0.06042277067899704,1.0,25.986406449228525,1.0,winter,22.475651821905615
1180,1323000.0,22.26965334989336,-8.600000000000023,2409.077455783223,-0.07017308473587036,1.0,25.903528779745102,1.0,winter,22.291995820677528
1181,1323900.0,22.231473224728006,-7.899999999999977,2335.1611215716316,-0.0888025313615799,1.0,25.74517848342657,1.0,winter,22.26965334989336
1182,1324800.0,22.253214871926104,-7.199999999999989,2222.0714744108377,-0.10787249356508255,1.0,25.5830838046968,1.0,winter,22.231473224728006
1183,1325700.0,22.4437116943335,-6.5,1630.686392186852,-0.17740076780319214,0.8927642703056335,24.992093473672867,0.9463821351528168,winter,22.253214871926104
1184,1326600.0,22.234956641585597,-5.800000000000011,1283.9561718516577,-0.23980246484279633,0.7147464752197266,24.46167904883623,0.8573732376098633,winter,22.4437116943335
1185,1327500.0,22.176031080892642,-5.100000000000023,1044.56099316181,-0.2730114459991455,0.5608675479888916,24.179402709007263,0.7804337739944458,winter,22.234956641585597
1186,1328400.0,22.09258094471005,-4.399999999999977,820.4152631143622,-0.31360870599746704,0.4159248471260071,23.83432599902153,0.7079624235630035,winter,22.176031080892642
1187,1329300.0,22.11421916963849,-4.356718750000027,660.4531390018764,-0.33443304896354675,0.29226264357566833,23.657319083809853,0.6461313217878342,winter,22.09258094471005
1188,1330200.0,22.079201944849558,-5.126250000000027,485.08967911480784,-0.3732157051563263,0.17173364758491516,23.327666506171227,0.5858668237924576,winter,22.11421916963849
1189,1331100.0,22.13387675261572,-5.957656250000014,330.48517081875855,-0.40299469232559204,0.05391772463917732,23.074545115232468,0.5269588623195887,winter,22.079201944849558
1190,1332000.0,22.23425575786348,-6.100000000000023,177.7635172246646,-0.4368402361869812,-0.06024070456624031,22.78685799241066,0.46987964771687984,winter,22.13387675261572
1191,1332900.0,22.22668501511879,-5.586562500000014,28.56518276449797,-0.5332369804382324,-0.2266298532485962,21.967485666275024,0.3866850733757019,winter,22.23425575786348
1192,1333800.0,22.510054119873075,-5.0,43.52001985123436,-0.5911189317703247,-0.5641265511512756,21.47548907995224,0.21793672442436218,winter,22.22668501511879
1193,1334700.0,22.687965602322322,-4.413437499999986,83.4669600391254,-0.6971191167831421,-0.581108033657074,20.574487507343292,0.209445983171463,winter,22.510054119873075
1194,1335600.0,22.68938785131644,-3.8999999999999773,148.44029544571995,-0.749541163444519,-0.39325422048568726,20.128900110721588,0.30337288975715637,winter,22.687965602322322
1195,1336500.0,22.501368283676356,-3.4853125000000205,237.7813700773237,-0.7960957288742065,-0.1269705593585968,19.733186304569244,0.4365147203207016,winter,22.68938785131644
1196,1337400.0,22.772761306259383,-3.105000000000018,259.59428045505945,-0.7403478622436523,0.002623576670885086,20.207043170928955,0.5013117883354425,winter,22.501368283676356
1197,1338300.0,22.807787749713498,-2.697187499999984,311.8655974157912,-0.7645089626312256,0.09329238533973694,20.001673817634583,0.5466461926698685,winter,22.772761306259383
1198,1339200.0,22.952126870816983,-2.1999999999999886,350.7509936728485,-0.7602856159210205,0.17243215441703796,20.037572264671326,0.586216077208519,winter,22.807787749713498
1199,1340100.0,22.729893338373472,-1.58203125,444.3458119029492,-0.8324512243270874,0.29889851808547974,19.424164593219757,0.6494492590427399,winter,22.952126870816983
1200,1341000.0,23.072708216869785,-0.8812500000000227,455.5897517001761,-0.7867025136947632,0.339352548122406,19.813028633594513,0.669676274061203,winter,22.729893338373472
1201,1341900.0,22.94522563469286,-0.13984375000001137,536.9411581892199,-0.8403143882751465,0.4285968244075775,19.357327699661255,0.7142984122037888,winter,23.072708216869785
1202,1342800.0,23.18448623816289,0.6000000000000227,555.6207431300029,-0.8147726058959961,0.4621308147907257,19.574432849884033,0.7310654073953629,winter,22.94522563469286
1203,1343700.0,22.703015287793107,1.5749999999999886,691.221726399879,-0.9265458583831787,0.5986456871032715,18.62436020374298,0.7993228435516357,winter,23.18448623816289
1204,1344600.0,23.22110770526814,2.75,645.9935341841161,-0.8422346115112305,0.5681468844413757,19.34100580215454,0.7840734422206879,winter,22.703015287793107
1205,1345500.0,22.784788794622102,3.6750000000000114,762.7493305065136,-0.9428023099899292,0.6669551134109497,18.486180365085602,0.8334775567054749,winter,23.22110770526814
1206,1346400.0,23.217849528027728,3.8999999999999773,710.9361380110911,-0.869836688041687,0.6255978941917419,19.10638815164566,0.812798947095871,winter,22.784788794622102
1207,1347300.0,23.114894876272842,3.625,744.7930917068198,-0.9008373022079468,0.6426562070846558,18.842882931232452,0.8213281035423279,winter,23.217849528027728
1208,1348200.0,23.297411761246167,3.3500000000000227,722.2958038783357,-0.8724313974380493,0.6184987425804138,19.08433312177658,0.8092493712902069,winter,23.114894876272842
1209,1349100.0,23.192401522216528,3.0749999999999886,742.347204779512,-0.8950139284133911,0.630805492401123,18.892381608486176,0.8154027462005615,winter,23.297411761246167
1210,1350000.0,23.30113728576447,2.8000000000000114,706.8797300987673,-0.8694233894348145,0.5964887738227844,19.109901189804077,0.7982443869113922,winter,23.192401522216528
1211,1350900.0,23.184200386132602,2.5249999999999773,699.1747271722121,-0.8768630027770996,0.5968252420425415,19.046664476394653,0.7984126210212708,winter,23.30113728576447
1212,1351800.0,23.21733606179447,2.25,647.8450323362756,-0.8517838716506958,0.5497767925262451,19.259837090969086,0.7748883962631226,winter,23.184200386132602
1213,1352700.0,23.103937933266252,1.9750000000000227,619.5067616927722,-0.8538317680358887,0.5211280584335327,19.242429971694946,0.7605640292167664,winter,23.21733606179447
1214,1353600.0,23.109787315451115,1.6999999999999886,568.1688759960593,-0.8327221870422363,0.46566635370254517,19.42186141014099,0.7328331768512726,winter,23.103937933266252
1215,1354500.0,23.13838863445511,1.295454545454561,509.69407229634953,-0.803072452545166,0.40354788303375244,19.67388415336609,0.7017739415168762,winter,23.109787315451115
1216,1355400.0,22.99324492278936,0.7545454545454504,474.4920899958399,-0.8051748275756836,0.36036044359207153,19.65601396560669,0.6801802217960358,winter,23.13838863445511
1217,1356300.0,22.99308069015484,0.26136363636362603,413.4701590583354,-0.777984619140625,0.280685693025589,19.887130737304688,0.6403428465127945,winter,22.99324492278936
1218,1357200.0,22.88119438457852,0.0,376.0370775630834,-0.7759326696395874,0.22205835580825806,19.904572308063507,0.611029177904129,winter,22.99308069015484
1219,1358100.0,22.433169398312316,0.3751117734724403,402.9108251985635,-0.8475693464279175,0.24438244104385376,19.2956605553627,0.6221912205219269,winter,22.88119438457852
1220,1359000.0,22.65530707989734,1.3593889716840408,329.61505119254974,-0.7887227535247803,0.12839734554290771,19.795856595039368,0.5641986727714539,winter,22.433169398312316
1221,1359900.0,22.387546391925753,2.488971684053638,351.6575118143557,-0.8462998867034912,0.12538763880729675,19.306450963020325,0.5626938194036484,winter,22.65530707989734
1222,1360800.0,22.45538437500778,3.3000000000000114,319.92379134342895,-0.8294839859008789,0.05810115113854408,19.44938611984253,0.529050575569272,winter,22.387546391925753
1223,1361700.0,21.504181387333404,3.8048594847775234,301.90402076454535,-0.906599760055542,0.09206624329090118,18.793902039527893,0.5460331216454506,winter,22.45538437500778
1224,1362600.0,22.046070053320477,4.290827478532378,173.02709062184317,-0.7650113105773926,-0.15532323718070984,19.997403860092163,0.4223383814096451,winter,21.504181387333404
1225,1363500.0,21.662729135761197,4.7063817330210895,206.01141919550193,-0.8698256015777588,-0.17897796630859375,19.10648238658905,0.4105110168457031,winter,22.046070053320477
1226,1364400.0,21.756952755194447,5.0,163.2788608590161,-0.8313696384429932,-0.27777665853500366,19.433358073234558,0.36111167073249817,winter,21.662729135761197
1227,1365300.0,21.610017153215892,5.179017857142867,161.2955488130397,-0.8721605539321899,-0.33567777276039124,19.086635291576385,0.3321611136198044,winter,21.756952755194447
1228,1366200.0,21.60946853007755,5.311904761904771,137.3177908985948,-0.8645864725112915,-0.4147728681564331,19.151014983654022,0.29261356592178345,winter,21.610017153215892
1229,1367100.0,21.570683302657812,5.438839285714266,121.79816273319597,-0.8762954473495483,-0.4892922341823578,19.05148869752884,0.2553538829088211,winter,21.60946853007755
1230,1368000.0,21.551802470064786,5.600000000000023,105.0536375146862,-0.8823627233505249,-0.5623517036437988,18.99991685152054,0.21882414817810059,winter,21.570683302657812
1231,1368900.0,21.4585483195861,5.852678571428555,100.99481588102077,-0.9153517484664917,-0.6063737273216248,18.71951013803482,0.19681313633918762,winter,21.551802470064786
1232,1369800.0,21.464506989307665,6.173809523809496,84.21737970506688,-0.9110093116760254,-0.666867733001709,18.756420850753784,0.1665661334991455,winter,21.4585483195861
1233,1370700.0,21.47929731745438,6.483035714285734,69.00476705600768,-0.9188294410705566,-0.7340754866600037,18.68994975090027,0.13296225666999817,winter,21.464506989307665
1234,1371600.0,21.51065825387127,6.699999999999989,52.25624216274218,-0.9269226789474487,-0.8050585985183716,18.621157228946686,0.09747070074081421,winter,21.47929731745438
1235,1372500.0,21.677897916121765,6.637474849094588,17.18647679431451,-0.8862161636352539,-0.9313914179801941,18.967162609100342,0.034304291009902954,winter,21.51065825387127
1236,1373400.0,21.70388672257434,6.297551978537911,2.39819206434041e-14,-0.8962662220001221,-1.0,18.881737112998962,0.0,winter,21.677897916121765
1237,1374300.0,21.567458821616526,5.883853118712295,1.191555238966398e-33,-0.8323240280151367,-1.0,19.425245761871338,0.0,winter,21.70388672257434
1238,1375200.0,21.407606485110534,5.600000000000023,6.730736140282683e-52,-0.7619079351425171,-1.0,20.023782551288605,0.0,winter,21.567458821616526
1239,1376100.0,21.264770249533115,5.655183426138251,3.7792133791576835e-72,-0.6764657497406006,-1.0,20.750041127204895,0.0,winter,21.407606485110534
1240,1377000.0,21.15306570983563,5.939878807730111,4.653351209991677e-90,-0.5815746784210205,-1.0,21.556615233421326,0.0,winter,21.264770249533115
1241,1377900.0,21.057085721211536,6.179634785456926,6.309233079174394e-108,-0.49037057161331177,-1.0,22.33185014128685,0.0,winter,21.15306570983563
1242,1378800.0,20.951505018502132,6.100000000000023,5.375995699463225e-127,-0.4110267758369446,-1.0,23.00627240538597,0.0,winter,21.057085721211536
1243,1379700.0,20.80337497398341,5.338704082980996,6.464986949016457e-147,-0.2598450779914856,-1.0,24.291316837072372,0.0,winter,20.951505018502132
1244,1380600.0,20.836036041128807,4.034024841437656,113.38020635434174,-0.19086509943008423,-0.9090076088905334,24.877646654844284,0.045496195554733276,winter,20.80337497398341
1245,1381500.0,22.26334888492289,2.662333179175448,807.8255292873454,-0.14528605341911316,-0.14116322994232178,25.265068545937538,0.4294183850288391,winter,20.836036041128807
1246,1382400.0,22.004549817529437,1.6999999999999886,760.4035323849038,-0.3223475217819214,0.3151986598968506,23.760046064853668,0.6575993299484253,winter,22.26334888492289
1247,1383300.0,22.282039318397267,1.1205816387559935,946.8280558345494,-0.2657936215400696,0.4582430124282837,24.24075421690941,0.7291215062141418,winter,22.004549817529437
1248,1384200.0,22.19339318709939,0.6120813397129155,967.372608887587,-0.28408282995224,0.5278196930885315,24.08529594540596,0.7639098465442657,winter,22.282039318397267
1249,1385100.0,22.2164792891665,0.22254037081341949,1034.0492330075324,-0.2709881365299225,0.5607948899269104,24.19660083949566,0.7803974449634552,winter,22.19339318709939
1250,1386000.0,22.203631697663525,0.0,1077.1091976500466,-0.2668163776397705,0.5860894918441772,24.23206079006195,0.7930447459220886,winter,22.2164792891665
1251,1386900.0,22.248353305261503,-0.03789649906013892,1135.0150710249163,-0.2530445456504822,0.6138604283332825,24.3491213619709,0.8069302141666412,winter,22.203631697663525
1252,1387800.0,22.232765990850453,0.021968984962427385,1155.6086908623813,-0.2527899742126465,0.628166675567627,24.351285219192505,0.8140833377838135,winter,22.248353305261503
1253,1388700.0,22.234138162873933,0.07084997650378,1179.1397494404187,-0.248343363404274,0.6344682574272156,24.38908141106367,0.8172341287136078,winter,22.232765990850453
1254,1389600.0,22.23162086279325,0.0,1202.7365182643662,-0.24401915073394775,0.6389828324317932,24.425837218761444,0.8194914162158966,winter,22.234138162873933
1255,1390500.0,22.355952133849826,-0.24001116071428896,1294.029033815653,-0.21784083545207977,0.6861344575881958,24.648352898657322,0.8430672287940979,winter,22.23162086279325
1256,1391400.0,22.335352856841894,-0.5647321428571672,1326.966344079674,-0.21765941381454468,0.7099657654762268,24.64989498257637,0.8549828827381134,winter,22.355952133849826
1257,1392300.0,22.354694661616634,-0.8820870535714107,1381.2718485548296,-0.20724287629127502,0.7292563319206238,24.738435551524162,0.8646281659603119,winter,22.335352856841894
1258,1393200.0,22.373474588066358,-1.1000000000000227,1431.273781355365,-0.19815593957901,0.7491416931152344,24.815674513578415,0.8745708465576172,winter,22.354694661616634
1259,1394100.0,22.416410168617517,-1.1418945312499886,1481.7679035795734,-0.1868651658296585,0.7717437148094177,24.911646090447903,0.8858718574047089,winter,22.373474588066358
1260,1395000.0,22.440470110900208,-1.07421875,1512.4443525145375,-0.18049010634422302,0.7862170934677124,24.965834096074104,0.8931085467338562,winter,22.416410168617517
1261,1395900.0,22.464172416010456,-1.0194335937500227,1539.3374571285678,-0.17392498254776,0.7954809069633484,25.02163764834404,0.8977404534816742,winter,22.440470110900208
1262,1396800.0,22.4846536427944,-1.1000000000000227,1568.0539482031602,-0.16715508699417114,0.8036162257194519,25.079181760549545,0.901808112859726,winter,22.464172416010456
1263,1397700.0,22.588873953983978,-1.3378693953804373,1637.2412569670992,-0.143815279006958,0.8198203444480896,25.277570128440857,0.9099101722240448,winter,22.4846536427944
1264,1398600.0,22.600792274627565,-1.6369225543478478,1672.065408311928,-0.13869449496269226,0.8360385298728943,25.321096792817116,0.9180192649364471,winter,22.588873953983978
1265,1399500.0,22.62772884165122,-1.9425144361413231,1716.4665298377863,-0.12989307940006256,0.8521885871887207,25.39590882509947,0.9260942935943604,winter,22.600792274627565
1266,1400400.0,22.64879959901242,-2.1999999999999886,1757.7888616405626,-0.12250889092683792,0.8682894110679626,25.458674427121878,0.9341447055339813,winter,22.62772884165122
1267,1401300.0,22.680799573862828,-2.4032289002557263,1799.768388713328,-0.1124814972281456,0.8785403966903687,25.543907273560762,0.9392701983451843,winter,22.64879959901242
1268,1402200.0,22.681407034107792,-2.5767263427109697,1825.789656098586,-0.10946052521467209,0.8888434767723083,25.569585535675287,0.9444217383861542,winter,22.680799573862828
1269,1403100.0,22.67504942985397,-2.7118606138107566,1845.877018470685,-0.10784673690795898,0.8962947130203247,25.58330273628235,0.9481473565101624,winter,22.681407034107792
1270,1404000.0,22.65464590687111,-2.8000000000000114,1856.7007331746524,-0.10896050930023193,0.9001818299293518,25.57383567094803,0.9500909149646759,winter,22.67504942985397
1271,1404900.0,22.574271238764936,-2.7409926470588175,1833.512147922583,-0.11824248731136322,0.878878116607666,25.494938857853413,0.939439058303833,winter,22.65464590687111
1272,1405800.0,22.521788902673904,-2.5308823529411484,1821.776257643396,-0.12399131059646606,0.8665862083435059,25.44607385993004,0.9332931041717529,winter,22.574271238764936
1273,1406700.0,22.443067736458943,-2.305330882352962,1797.6425975019738,-0.13483300805091858,0.8519191741943359,25.353919431567192,0.925959587097168,winter,22.521788902673904
1274,1407600.0,22.34738698912821,-2.1999999999999886,1768.0860167922053,-0.14771905541419983,0.8324379920959473,25.2443880289793,0.9162189960479736,winter,22.443067736458943
1275,1408500.0,22.253279652757215,-2.289732142857133,1738.4398354718203,-0.1570369154214859,0.7981656789779663,25.16518621891737,0.8990828394889832,winter,22.34738698912821
1276,1409400.0,22.13855703245764,-2.4892857142856997,1693.9598466620275,-0.17325814068317413,0.7692834734916687,25.02730580419302,0.8846417367458344,winter,22.253279652757215
1277,1410300.0,22.032686773812372,-2.694196428571445,1637.9021143817283,-0.19001580774784088,0.7357555627822876,24.884865634143353,0.8678777813911438,winter,22.13855703245764
1278,1411200.0,22.02544220333243,-2.8000000000000114,1513.4523297700296,-0.2087545096874237,0.693525493144989,24.7255866676569,0.8467627465724945,winter,22.032686773812372
1279,1412100.0,22.530990274538794,-2.7785714285714107,1026.7129260062734,-0.2458794116973877,0.6164588332176208,24.410025000572205,0.8082294166088104,winter,22.02544220333243
1280,1413000.0,22.23076612578842,-2.671428571428578,640.2234069753904,-0.3438863754272461,0.40088433027267456,23.576965808868408,0.7004421651363373,winter,22.530990274538794
1281,1413900.0,22.082296440830646,-2.478571428571456,421.10511850222906,-0.3941919505596161,0.1747787743806839,23.149368420243263,0.587389387190342,winter,22.23076612578842
1282,1414800.0,22.030433608301507,-2.1999999999999886,223.922920068861,-0.446098655462265,-0.02337535098195076,22.708161428570747,0.4883123245090246,winter,22.082296440830646
1283,1415700.0,21.90242365191631,-1.7214285714285893,14.206832486686503,-0.5504451990127563,-0.2638217508792877,21.82121580839157,0.36808912456035614,winter,22.030433608301507
1284,1416600.0,22.241189749371983,-1.0619047619047706,16.310264366437508,-0.6107137203216553,-0.8136500120162964,21.30893337726593,0.0931749939918518,winter,21.90242365191631
1285,1417500.0,22.78512885749393,-0.4214285714285779,10.585481036496768,-0.7655456066131592,-0.9592040777206421,19.992862343788147,0.020397961139678955,winter,22.241189749371983
1286,1418400.0,23.274302801962733,0.0,18.545326802295847,-0.9113591909408569,-0.9557566046714783,18.753446877002716,0.022121697664260864,winter,22.78512885749393
1287,1419300.0,22.850885784505124,0.1857142857143117,153.0333483783721,-1.0,-0.6609371304512024,18.0,0.1695314347743988,winter,23.274302801962733
1288,1420200.0,22.093442499892888,0.30000000000001137,316.3524521007057,-0.9651336669921875,-0.13857510685920715,18.296363830566406,0.4307124465703964,winter,22.850885784505124
1289,1421100.0,22.725586709190225,0.41428571428571104,297.6026152004535,-0.7999035120010376,-0.01103968545794487,19.70082014799118,0.49448015727102757,winter,22.093442499892888
1290,1422000.0,22.623420134622165,0.6000000000000227,385.87373567894923,-0.8667652606964111,0.10475075244903564,19.132495284080505,0.5523753762245178,winter,22.725586709190225
1291,1422900.0,22.709142063389606,0.8465401785714448,449.85219817636414,-0.8698657751083374,0.2292937934398651,19.106140911579132,0.6146468967199326,winter,22.623420134622165
1292,1423800.0,22.851715392038784,1.103869047619071,501.2255800005418,-0.8691197633743286,0.30895131826400757,19.112482011318207,0.6544756591320038,winter,22.709142063389606
1293,1424700.0,22.92867777532149,1.3842633928571217,559.6711967601274,-0.8815441131591797,0.3845788240432739,19.006875038146973,0.692289412021637,winter,22.851715392038784
1294,1425600.0,23.04353328819741,1.6999999999999886,608.292639094311,-0.8842165470123291,0.4459061324596405,18.984159350395203,0.7229530662298203,winter,22.92867777532149
1295,1426500.0,22.9260065638573,2.0721679687500227,693.9768374816799,-0.9263635873794556,0.5444285273551941,18.625909507274628,0.772214263677597,winter,23.04353328819741
1296,1427400.0,23.190851525303287,2.48828125,707.2683638668376,-0.8960233926773071,0.5665541291236877,18.88380116224289,0.7832770645618439,winter,22.9260065638573
1297,1428300.0,23.094355792632598,2.9102539062499773,780.1894971187168,-0.9352431297302246,0.632358193397522,18.55043339729309,0.816179096698761,winter,23.190851525303287
1298,1429200.0,23.31634389847096,3.3000000000000114,791.3229087670353,-0.9113950729370117,0.6461130976676941,18.7531418800354,0.823056548833847,winter,23.094355792632598
1299,1430100.0,23.067648959749874,3.6394531249999886,884.6942140702092,-0.9776344299316406,0.7177685499191284,18.190107345581055,0.8588842749595642,winter,23.31634389847096
1300,1431000.0,23.417205880237077,3.9359375000000227,859.261727328003,-0.9270939826965332,0.6976456642150879,18.619701147079468,0.848822832107544,winter,23.067648959749874
1301,1431900.0,23.203650568650176,4.189453125,935.5946597803512,-0.9830324649810791,0.7508596777915955,18.144224047660828,0.8754298388957977,winter,23.417205880237077
1302,1432800.0,23.489018197107214,4.399999999999977,905.9529900380483,-0.9405182600021362,0.7244370579719543,18.505594789981842,0.8622185289859772,winter,23.203650568650176
1303,1433700.0,23.311601820974204,4.557910156249989,954.4924691921593,-0.9855462312698364,0.7477594017982483,18.12285703420639,0.8738797008991241,winter,23.489018197107214
1304,1434600.0,23.514662453672827,4.632031250000011,920.0168319370412,-0.9518779516220093,0.7161870002746582,18.40903741121292,0.8580935001373291,winter,23.311601820974204
1305,1435500.0,23.36923653914215,4.590136718749989,944.7993289559766,-0.9822592735290527,0.7263340353965759,18.15079617500305,0.863167017698288,winter,23.514662453672827
1306,1436400.0,23.513977433247874,4.399999999999977,905.9756013333858,-0.9545538425445557,0.6896587014198303,18.386292338371277,0.8448293507099152,winter,23.36923653914215
1307,1437300.0,23.61079017403256,4.125,868.0127583047012,-0.9344124794006348,0.6490200161933899,18.557493925094604,0.824510008096695,winter,23.513977433247874
1308,1438200.0,23.514661970273835,3.8500000000000227,859.3303463081468,-0.946194052696228,0.6345184445381165,18.45735055208206,0.8172592222690582,winter,23.61079017403256
1309,1439100.0,23.552188126287888,3.5749999999999886,815.2443249073509,-0.928127646446228,0.5920806527137756,18.61091500520706,0.7960403263568878,winter,23.514661970273835
1310,1440000.0,23.43913612303163,3.3000000000000114,787.1546637149853,-0.9325926303863525,0.5642022490501404,18.572962641716003,0.7821011245250702,winter,23.552188126287888
1311,1440900.0,23.57821381843638,3.0249999999999773,701.1617241031514,-0.8843053579330444,0.48304232954978943,18.983404457569122,0.7415211647748947,winter,23.43913612303163
1312,1441800.0,23.332594875111454,2.75,683.3930192060149,-0.9069645404815674,0.46431925892829895,18.790801405906677,0.7321596294641495,winter,23.57821381843638
1313,1442700.0,23.38808210965817,2.4750000000000227,605.3135989562861,-0.8695156574249268,0.38382092118263245,19.109116911888123,0.6919104605913162,winter,23.332594875111454
1314,1443600.0,23.202287218320464,2.1999999999999886,574.520546094221,-0.8804450035095215,0.3466353714466095,19.016217470169067,0.6733176857233047,winter,23.38808210965817
1315,1444500.0,23.46403284528219,1.7875000000000227,467.5570596266665,-0.802801251411438,0.22133497893810272,19.676189363002777,0.6106674894690514,winter,23.202287218320464
1316,1445400.0,23.146953757475387,1.1916666666666629,468.0665470752131,-0.8449983596801758,0.21202364563941956,19.317513942718506,0.6060118228197098,winter,23.46403284528219
1317,1446300.0,23.298824871153784,0.5500000000000114,389.4498563396583,-0.7949038743972778,0.09679707139730453,19.74331706762314,0.5483985356986523,winter,23.146953757475387
1318,1447200.0,23.114167007031483,0.0,375.71093785625396,-0.8181288242340088,0.05974902585148811,19.545904994010925,0.5298745129257441,winter,23.298824871153784
1319,1448100.0,22.61923426503199,-0.41250000000002274,265.28776521196176,-0.7879329919815063,-0.052394118160009384,19.802569568157196,0.4738029409199953,winter,23.114167007031483
1320,1449000.0,22.865410358045438,-0.7333333333333485,172.00574380037838,-0.7026721239089966,-0.2471165657043457,20.52728694677353,0.37644171714782715,winter,22.61923426503199
1321,1449900.0,22.68384604018206,-0.9624999999999773,160.4005930568543,-0.7386208772659302,-0.3246399462223053,20.221722543239594,0.33768002688884735,winter,22.865410358045438
1322,1450800.0,22.646501662868445,-1.1000000000000227,127.84861574903718,-0.723082423210144,-0.4169647991657257,20.353799402713776,0.29151760041713715,winter,22.68384604018206
1323,1451700.0,22.501005723722244,-0.9624999999999773,116.84528245889709,-0.7610814571380615,-0.5000868439674377,20.030807614326477,0.24995657801628113,winter,22.646501662868445
1324,1452600.0,22.467169027272178,-0.5500000000000114,94.17738256242593,-0.7581310272216797,-0.584464430809021,20.055886268615723,0.2077677845954895,winter,22.501005723722244
1325,1453500.0,22.43098739380423,-0.13749999999998863,76.64294089768264,-0.7669525146484375,-0.6652877926826477,19.98090362548828,0.16735610365867615,winter,22.467169027272178
1326,1454400.0,22.395510961664,0.0,59.21463120044663,-0.77747642993927,-0.7458592653274536,19.891450345516205,0.1270703673362732,winter,22.43098739380423
1327,1455300.0,22.409292179689146,-0.21238839285712174,32.59907863551713,-0.7564269304275513,-0.8495964407920837,20.070371091365814,0.07520177960395813,winter,22.395510961664
1328,1456200.0,22.42923669893605,-0.5663690476190482,3.9154032408549795,-0.7527635097503662,-0.9815894961357117,20.101510167121887,0.009205251932144165,winter,22.409292179689146
1329,1457100.0,22.274735370006283,-0.9121651785714562,1.366133101646903e-07,-0.7347022294998169,-1.0,20.255031049251556,0.0,winter,22.42923669893605
1330,1458000.0,22.078479484360855,-1.1000000000000227,3.395809142947634e-27,-0.6603637933731079,-1.0,20.886907756328583,0.0,winter,22.274735370006283
1331,1458900.0,21.891343790295082,-1.1220982142856997,4.149182693093216e-46,-0.5831693410873413,-1.0,21.5430606007576,0.0,winter,22.078479484360855
1332,1459800.0,21.714074211473985,-1.1000000000000227,1.2606059327785852e-63,-0.4924657344818115,-1.0,22.314041256904602,0.0,winter,21.891343790295082
1333,1460700.0,21.542160851980043,-1.077901785714289,1.4354116766182905e-82,-0.39671891927719116,-1.0,23.127889186143875,0.0,winter,21.714074211473985
1334,1461600.0,21.37150296207153,-1.1000000000000227,7.015158087239964e-100,-0.30589449405670166,-1.0,23.899896800518036,0.0,winter,21.542160851980043
1335,1462500.0,21.198349576633746,-1.2081473214285552,3.523887748929847e-119,-0.2381991595029831,-1.0,24.475307144224644,0.0,winter,21.37150296207153
1336,1463400.0,21.19224968772727,-1.3794642857142776,82.12567512595326,-0.17307940125465393,-0.9306094646453857,25.02882508933544,0.03469526767730713,winter,21.198349576633746
1337,1464300.0,22.493571432249553,-1.5610491071428783,754.2767829084787,-0.12029515206813812,-0.19172847270965576,25.477491207420826,0.4041357636451721,winter,21.19224968772727
1338,1465200.0,22.37684504348482,-1.6999999999999886,741.1446023348794,-0.2821255326271057,0.3045445680618286,24.1019329726696,0.6522722840309143,winter,22.493571432249553
1339,1466100.0,22.208746118115926,-1.7062500000000114,716.612213592268,-0.31761476397514343,0.3527863919734955,23.80027450621128,0.6763931959867477,winter,22.37684504348482
1340,1467000.0,22.271784732314472,-1.5249999999999773,782.1449244447622,-0.2954174280166626,0.37319836020469666,23.988951861858368,0.6865991801023483,winter,22.208746118115926
1341,1467900.0,22.235805873519155,-1.15625,795.2470551703764,-0.30009374022483826,0.3958149552345276,23.949203208088875,0.6979074776172638,winter,22.271784732314472
1342,1468800.0,22.221044818119026,-0.6000000000000227,809.79395354729,-0.2992393970489502,0.40354689955711365,23.956465125083923,0.7017734497785568,winter,22.235805873519155
1343,1469700.0,21.624178830945368,0.49569672131150355,566.0077257667566,-0.4184552729129791,0.2816120386123657,22.943130180239677,0.6408060193061829,winter,22.221044818119026
