{
  "data_path": "data/surrogate_v2/boptest_v2_tsupply.csv",
  "model_path": "outputs/surrogate_v2/rc_node_v3_tsupply.pt",
  "target_mode": "clean",
  "inject_artifacts": false,
  "policy_filter": "mixed",
  "season_filter": null,
  "rows": 12800,
  "epochs_ran": 66,
  "best_epoch": 36,
  "baseline_rmse_c": 0.5725318193435669,
  "baseline_mae_c": 0.4538119435310364,
  "baseline_bias_c": -0.21732893586158752,
  "baseline_power_mae_w": 43.65617752075195,
  "calibrated_rmse_c": 0.4008798897266388,
  "calibrated_mae_c": 0.2800227999687195,
  "calibrated_bias_c": 0.0021853167563676834,
  "calibrated_power_mae_w": 23.19127655029297,
  "improvement_rmse_pct": 29.981203457606014,
  "scale_dT": 0.9126623272895813,
  "scale_dT_abs": 0.9126623272895813,
  "bias_T_c": 0.0076708546839654446,
  "scale_P": 0.9962111115455627,
  "bias_P_w": 0.00019476456509437412,
  "czon_est_j_per_k": 580718.6120785665,
  "czon_error_pct": null,
  "backbone_lr": 0.0001,
  "head_lr": 0.005,
  "preprocess_summary": {
    "latency_est_steps": 0.0,
    "latency_search_rmse_c": 0.5345939763376203,
    "temp_bias_est_c": -0.013166383361815193,
    "power_scale_est": 1.0687185064866684,
    "power_bias_est_w": -15.792927181334102,
    "postprocess_rmse_c": 1.5188482810068316,
    "postprocess_power_mae_w": 68.2921688725261
  }
}