{
  "data_path": "data/surrogate_v2/boptest_v2_tsupply.csv",
  "model_path": "outputs/surrogate_v2/rc_node_v3_tsupply.pt",
  "target_mode": "clean",
  "inject_artifacts": true,
  "policy_filter": "mixed",
  "season_filter": null,
  "rows": 80,
  "best_stage_b_epoch": 1,
  "best_stage_c_epoch": 1,
  "baseline_rmse_c": 0.813428521156311,
  "baseline_mae_c": 0.6611652970314026,
  "baseline_bias_c": 0.4742980897426605,
  "baseline_power_mae_w": 27.228296279907227,
  "calibrated_rmse_c": 0.6267896294593811,
  "calibrated_mae_c": 0.48660287261009216,
  "calibrated_bias_c": -0.006440186407417059,
  "calibrated_power_mae_w": 27.253620147705078,
  "improvement_rmse_pct": 22.944719399759624,
  "c_zon_prior_j_per_k": 530000.0,
  "c_zon_after_stage_b_j_per_k": 530991.8125,
  "c_zon_final_j_per_k": 530991.8125,
  "czon_error_pct": 26.426622023809525,
  "stage_c_mode": "rollout_heads_only",
  "temp_scale_final": 0.9800000190734863,
  "temp_bias_final_c": -0.019984396174550056,
  "power_scale_final": 0.9838715195655823,
  "power_bias_final_w": 0.0007411466212943196,
  "stage_b_epochs_ran": 1,
  "stage_c_epochs_ran": 1,
  "czon_lr": 0.01,
  "backbone_lr": 0.0001,
  "calib_lr": 0.01,
  "lambda_temp_reg": 0.02,
  "lambda_rollout": 0.5,
  "rollout_horizons": [
    2,
    4
  ],
  "train_rollout_window_count": 61,
  "val_rollout_window_count": 13,
  "preprocess_summary": {
    "latency_est_steps": 2.0,
    "latency_search_rmse_c": 0.6620250074915954,
    "temp_bias_est_c": 0.4198817687988292,
    "power_scale_est": 1.0107800994969467,
    "power_bias_est_w": 36.79298619004308,
    "postprocess_rmse_c": 1.1094049730313886,
    "postprocess_power_mae_w": 18.506961016230758
  },
  "excitation_summary": {
    "rows_total": 80,
    "rows_train_all": 64,
    "rows_train_selected": 16,
    "rows_excitation": 10,
    "rows_context": 6,
    "rows_val": 16,
    "excitation_quantile": 0.85,
    "excitation_threshold": 1.3412748599443463,
    "excitation_mix_ratio": 0.6,
    "excitation_mode": "hybrid",
    "score_mean_train": 0.8554650805333776,
    "score_mean_excitation": 1.6467279177197582
  }
}