{
  "data_path": "data/surrogate_v2/boptest_v2_tsupply.csv",
  "model_path": "outputs/surrogate_v2/rc_node_v3_tsupply.pt",
  "target_mode": "clean",
  "inject_artifacts": true,
  "policy_filter": "mixed",
  "season_filter": null,
  "rows": 12800,
  "best_stage_b_epoch": 85,
  "best_stage_c_epoch": 1,
  "baseline_rmse_c": 0.5338703989982605,
  "baseline_mae_c": 0.3906932473182678,
  "baseline_bias_c": 0.05572189390659332,
  "baseline_power_mae_w": 46.112850189208984,
  "calibrated_rmse_c": 0.5278453826904297,
  "calibrated_mae_c": 0.3829468786716461,
  "calibrated_bias_c": 0.030879812315106392,
  "calibrated_power_mae_w": 46.27214431762695,
  "improvement_rmse_pct": 1.1285541058534025,
  "c_zon_prior_j_per_k": 530000.0,
  "c_zon_after_stage_b_j_per_k": 546086.5625,
  "c_zon_final_j_per_k": 546285.125,
  "czon_error_pct": 30.067886904761902,
  "power_scale_final": 0.9980072379112244,
  "power_bias_final_w": -0.0012644726084545255,
  "stage_b_epochs_ran": 110,
  "stage_c_epochs_ran": 4,
  "czon_lr": 0.001,
  "backbone_lr": 1e-05,
  "calib_lr": 0.001,
  "preprocess_summary": {
    "latency_est_steps": 2.0,
    "latency_search_rmse_c": 0.6607102004459442,
    "temp_bias_est_c": 0.3998615020751952,
    "power_scale_est": 1.0335270634570044,
    "power_bias_est_w": 34.60545967739062,
    "postprocess_rmse_c": 1.4429476081484978,
    "postprocess_power_mae_w": 63.79016659882771
  },
  "excitation_summary": {
    "rows_total": 12800,
    "rows_train_all": 10240,
    "rows_train_selected": 512,
    "rows_excitation": 512,
    "rows_context": 0,
    "rows_val": 2560,
    "excitation_quantile": 0.95,
    "excitation_threshold": 1.4225890955997327,
    "excitation_mix_ratio": 1.0,
    "excitation_mode": "dt_only",
    "score_mean_train": 0.5629888228178549,
    "score_mean_excitation": 1.8179387766700035
  }
}