{
  "data_path": "data/surrogate_v2/boptest_v2_tsupply.csv",
  "model_path": "outputs/surrogate_v2/rc_node_v3_tsupply.pt",
  "target_mode": "clean",
  "inject_artifacts": true,
  "policy_filter": "mixed",
  "season_filter": null,
  "rows": 300,
  "best_stage_b_epoch": 2,
  "best_stage_c_epoch": 1,
  "baseline_rmse_c": 0.676439106464386,
  "baseline_mae_c": 0.5226151347160339,
  "baseline_bias_c": 0.05552554503083229,
  "baseline_power_mae_w": 42.11656951904297,
  "calibrated_rmse_c": 0.6725946068763733,
  "calibrated_mae_c": 0.5200595855712891,
  "calibrated_bias_c": 0.04377178102731705,
  "calibrated_power_mae_w": 42.066890716552734,
  "improvement_rmse_pct": 0.5683437801381913,
  "c_zon_prior_j_per_k": 420000.0,
  "c_zon_after_stage_b_j_per_k": 420195.0,
  "c_zon_final_j_per_k": 420292.5625,
  "czon_error_pct": 0.06965773809523809,
  "power_scale_final": 1.0009993314743042,
  "power_bias_final_w": 0.0007740540313534439,
  "stage_b_epochs_ran": 2,
  "stage_c_epochs_ran": 1,
  "czon_lr": 0.001,
  "backbone_lr": 1e-05,
  "calib_lr": 0.001,
  "preprocess_summary": {
    "latency_est_steps": 2.0,
    "latency_search_rmse_c": 0.6798490850818516,
    "temp_bias_est_c": 0.3765453384399411,
    "power_scale_est": 1.0331831086431649,
    "power_bias_est_w": 34.414853886733006,
    "postprocess_rmse_c": 1.3446890914326863,
    "postprocess_power_mae_w": 45.0765317502634
  },
  "excitation_summary": {
    "rows_total": 300,
    "rows_train_all": 240,
    "rows_train_selected": 240,
    "rows_excitation": 12,
    "rows_context": 228,
    "rows_val": 60,
    "excitation_quantile": 0.95,
    "excitation_threshold": 2.3120772473794275,
    "excitation_mix_ratio": 0.0,
    "excitation_mode": "dt_only",
    "score_mean_train": 0.8361049649306476,
    "score_mean_excitation": 2.8275725165784245
  }
}