condition,n_steps,t_zone_initial_c,t_zone_final_c,t_zone_delta_c,mean_heat_power_w,mean_fan_power_w,mean_pump_power_w,mean_t_supply_c
baseline_no_override,8,20.0,19.40687224052715,-0.5931277594728499,8507.627834509514,784.0876050670341,118.54622672494341,37.05431849901305
low_supply_override,8,20.0,18.920168042014552,-1.0798319579854478,0.0,784.0876050092922,1.2530842364294854e-20,20.0
high_supply_override,8,20.0,21.50373711961663,1.5037371196166305,175776.105357574,784.0876050969033,692.9529988975875,34.95245541923884
