condition,n_steps,t_zone_initial_c,t_zone_final_c,t_zone_delta_c,mean_heat_pump_power_w,mean_fan_power_w,mean_pump_power_w,mean_t_supply_c
baseline_no_override,8,20.0,19.6409231571987,-0.3590768428013007,3005.0045039388037,510.20408163265313,20.498644281163177,29.56344080279399
low_heat_override,8,20.0,18.496172021797918,-1.5038279782020822,0.0,0.0,0.0,20.0
high_heat_override,8,20.0,19.649977562855497,-0.3500224371445029,3006.2079091104306,510.20408163265313,20.498644281163177,29.60312522603141
