step,sim_time_sec,elapsed_days,t_amb_c,boptest_t_zone_c,surrogate_t_zone_c,boptest_p_total_w,surrogate_p_total_w,boptest_a0,boptest_a1,surrogate_a0,surrogate_a1,boptest_t_supply_cmd_c,surrogate_t_supply_cmd_c,boptest_fan_cmd_u,surrogate_fan_cmd_u
0,261000.0,0.020833333333333332,-22.75,23.53391136569485,21.22280502319336,3432.067822800321,50.233421325683594,0.7855692505836487,0.13888724148273468,0.7855692505836487,0.13888724148273468,33.177338629961014,33.177338629961014,0.5694436207413673,0.5694436207413673
1,261900.0,0.03125,-23.025000000000006,23.862152179129225,21.904199600219727,3499.9970841960803,55.12151336669922,0.7292100787162781,0.26449471712112427,0.45772141218185425,0.5254955887794495,32.698285669088364,30.39063200354576,0.6322473585605621,0.7627477943897247
2,262800.0,0.041666666666666664,-23.30000000000001,24.197976995605472,21.987863540649414,3702.1373391894485,55.95147705078125,0.886681854724884,0.20487047731876373,0.43600988388061523,0.5388109683990479,34.036795765161514,30.20608401298523,0.6024352386593819,0.7694054841995239
3,263700.0,0.052083333333333336,-23.57499999999999,24.461259426994616,22.07591438293457,3873.941201795264,56.085044860839844,0.9769854545593262,0.20075608789920807,0.4589480757713318,0.5459866523742676,34.80437636375427,30.40105864405632,0.600378043949604,0.7729933261871338
4,264600.0,0.0625,-23.849999999999994,24.506507602918646,22.106365203857422,3927.305267510728,56.4158935546875,1.0,0.20068594813346863,0.45842093229293823,0.5678763389587402,35.0,30.396577924489975,0.6003429740667343,0.7839381694793701
5,265500.0,0.07291666666666667,-24.125,24.47538436845184,22.105342864990234,3945.2292388910164,56.59466552734375,1.0,0.20317284762859344,0.456978976726532,0.5870378613471985,35.0,30.384321302175522,0.6015864238142967,0.7935189306735992
6,266400.0,0.08333333333333333,-24.400000000000006,24.46075727804663,22.097652435302734,3976.003035314453,56.674835205078125,1.0,0.21125897765159607,0.4565984606742859,0.6062455773353577,35.0,30.38108691573143,0.605629488825798,0.8031227886676788
7,267300.0,0.09375,-24.3828125,24.46512304810534,21.991249084472656,4010.7466293896614,56.70880126953125,1.0,0.22259023785591125,0.43573784828186035,0.6242401003837585,35.0,30.203771710395813,0.6112951189279556,0.8121200501918793
8,268200.0,0.10416666666666667,-23.98750000000001,24.48394718881127,21.992801666259766,4034.7768188714335,56.531982421875,1.0,0.2323172688484192,0.4399004578590393,0.6351649761199951,35.0,30.239153891801834,0.6161586344242096,0.8175824880599976
9,269100.0,0.11458333333333333,-23.5234375,24.50848127667507,22.099720001220703,4051.2258001563787,56.60346984863281,1.0,0.24041162431240082,0.440570592880249,0.6531722545623779,35.0,30.244850039482117,0.6202058121562004,0.826586127281189
10,270000.0,0.125,-23.30000000000001,24.528209520924236,22.21822166442871,4067.0531976481843,56.78067398071289,1.0,0.24775810539722443,0.4326164722442627,0.6730517745018005,35.0,30.177240014076233,0.6238790526986122,0.8365258872509003
11,270900.0,0.13541666666666666,-23.30000000000001,24.515971247774246,22.291059494018555,4078.5387294477796,56.7525634765625,1.0,0.25008079409599304,0.42678070068359375,0.6866603493690491,35.0,30.127635955810547,0.6250403970479965,0.8433301746845245
12,271800.0,0.14583333333333334,-23.30000000000001,24.492679016007514,22.29319190979004,4102.785871276803,56.56650924682617,1.0,0.25491076707839966,0.4181908369064331,0.6988929510116577,35.0,30.05462211370468,0.6274553835391998,0.8494464755058289
13,272700.0,0.15625,-23.30000000000001,24.44857921207256,22.27327537536621,4125.082077892392,56.19571304321289,1.0,0.2566966414451599,0.41345536708831787,0.7055642604827881,35.0,30.014370620250702,0.62834832072258,0.852782130241394
14,273600.0,0.16666666666666666,-23.30000000000001,24.39723379735807,22.241256713867188,4142.219263998951,55.7460823059082,1.0,0.2560730278491974,0.40913933515548706,0.7096099257469177,35.0,29.97768434882164,0.6280365139245987,0.8548049628734589
15,274500.0,0.17708333333333334,-23.30000000000001,24.30294534525831,22.280460357666016,4128.773035723253,54.93661117553711,1.0,0.24153050780296326,0.43025028705596924,0.6974079608917236,35.0,30.15712743997574,0.6207652539014816,0.8487039804458618
16,275400.0,0.1875,-23.30000000000001,24.254823025236988,22.26620101928711,4140.502267777766,54.511661529541016,1.0,0.23972006142139435,0.42498016357421875,0.7002473473548889,35.0,30.11233139038086,0.6198600307106972,0.8501236736774445
17,276300.0,0.19791666666666666,-23.30000000000001,24.21459538935318,22.212289810180664,4153.651205279018,54.00779724121094,1.0,0.23920682072639465,0.41718989610671997,0.6993257999420166,35.0,30.04611411690712,0.6196034103631973,0.8496628999710083
18,277200.0,0.20833333333333334,-23.30000000000001,24.174660071085725,22.142030715942383,4164.420719431035,53.4583625793457,1.0,0.23802432417869568,0.4100242257118225,0.6963132619857788,35.0,29.98520591855049,0.6190121620893478,0.8481566309928894
19,278100.0,0.21875,-23.30000000000001,24.084745604809143,22.033641815185547,4144.4551351119135,52.85072326660156,1.0,0.22244277596473694,0.3990682363510132,0.6872275471687317,35.0,29.892080008983612,0.6112213879823685,0.8436137735843658
20,279000.0,0.22916666666666666,-23.30000000000001,24.045635178247892,21.93907356262207,4152.315096587732,52.27714157104492,1.0,0.22055941820144653,0.3925381898880005,0.6814064979553223,35.0,29.836574614048004,0.6102797091007233,0.8407032489776611
21,279900.0,0.23958333333333334,-23.30000000000001,24.01678756031805,21.84600067138672,4161.61286730174,51.7829475402832,1.0,0.22020010650157928,0.38459622859954834,0.6767231822013855,35.0,29.76906794309616,0.6101000532507896,0.8383615911006927
22,280800.0,0.25,-23.30000000000001,23.987685289900583,21.74732780456543,4169.198458860153,51.34237289428711,1.0,0.21931496262550354,0.3757855296134949,0.6719334125518799,35.0,29.694177001714706,0.6096574813127518,0.8359667062759399
23,281700.0,0.2604166666666667,-23.30000000000001,23.909318007183174,21.58696746826172,4151.741686397223,50.85948181152344,1.0,0.20601917803287506,0.35982024669647217,0.6583723425865173,35.0,29.558472096920013,0.6030095890164375,0.8291861712932587
24,282600.0,0.2708333333333333,-23.30000000000001,23.86377025050922,21.45968246459961,4160.994338317766,50.394126892089844,1.0,0.20390388369560242,0.35376518964767456,0.6497392654418945,35.0,29.507004112005234,0.6019519418478012,0.8248696327209473
25,283500.0,0.28125,-23.30000000000001,23.818674297245366,21.35918617248535,4171.762603021643,50.06072998046875,1.0,0.20227479934692383,0.3463854193687439,0.6435436010360718,35.0,29.444276064634323,0.6011373996734619,0.8217718005180359
26,284400.0,0.2916666666666667,-23.30000000000001,23.777076674577472,21.30394744873047,4178.484621815363,49.84088134765625,1.0,0.19987505674362183,0.3368031978607178,0.6382710933685303,35.0,29.3628271818161,0.5999375283718109,0.8191355466842651
27,285300.0,0.3020833333333333,-23.386413043478257,23.69237393016681,21.234010696411133,4144.768574428816,49.816734313964844,1.0,0.18170882761478424,0.30492472648620605,0.6277312636375427,35.0,29.09186017513275,0.5908544138073921,0.8138656318187714
28,286200.0,0.3125,-23.580434782608705,23.717776369513274,21.32718276977539,4136.9312190359615,49.793800354003906,1.0,0.18213048577308655,0.2861012816429138,0.6214829087257385,35.0,28.931860893964767,0.5910652428865433,0.8107414543628693
29,287100.0,0.3229166666666667,-23.78423913043477,23.76030827420169,21.49669075012207,4096.227157196584,50.2523307800293,0.9819445610046387,0.19088107347488403,0.2543027997016907,0.6234180927276611,34.84652876853943,28.66157379746437,0.595440536737442,0.8117090463638306
30,288000.0,0.3333333333333333,-23.900000000000006,23.83082853064667,21.63840675354004,3999.267790744133,51.071067810058594,0.9428267478942871,0.20588594675064087,0.21466608345508575,0.6272867321968079,34.51402735710144,28.32466170936823,0.6029429733753204,0.8136433660984039
31,288900.0,0.34375,-23.863275074110675,24.28673022841582,21.45307159423828,3590.063838699475,52.47509765625,0.8638125061988831,0.2087419629096985,0.12897858023643494,0.6162161827087402,33.842406302690506,27.596317932009697,0.6043709814548492,0.8081080913543701
32,289800.0,0.3541666666666667,-23.67126976284584,24.156747513578296,21.422590255737305,3288.058792814773,52.47163391113281,0.6859312057495117,0.28953415155410767,0.11411561071872711,0.5977448225021362,32.33041524887085,27.46998269110918,0.6447670757770538,0.7988724112510681
33,290700.0,0.3645833333333333,-23.318629570158095,24.012021089840403,21.441129684448242,3025.600218699257,53.11598205566406,0.5722976922988892,0.31603944301605225,0.09978510439395905,0.5914092063903809,31.364530384540558,27.348173387348652,0.6580197215080261,0.7957046031951904
34,291600.0,0.375,-22.80000000000001,23.896036953869157,21.469715118408203,2802.932393063015,54.09368896484375,0.4803205132484436,0.3374866247177124,0.08566688001155853,0.5873475670814514,30.58272436261177,27.228168480098248,0.6687433123588562,0.7936737835407257
35,292500.0,0.3854166666666667,-22.1633877840909,23.597006394599987,21.234102249145508,2493.0250090204886,56.718170166015625,0.3451012372970581,0.3582504391670227,0.011761143803596497,0.584536612033844,29.433360517024994,26.59996972233057,0.6791252195835114,0.792268306016922
36,293400.0,0.3958333333333333,-21.472443181818193,23.481444383399037,21.279756546020508,2275.327216187372,56.81130599975586,0.2647112011909485,0.3693666458129883,0.01482933759689331,0.5621336698532104,28.750045210123062,26.626049369573593,0.6846833229064941,0.7810668349266052
37,294300.0,0.40625,-20.745276988636363,23.434597378931187,21.38207244873047,2077.597427448986,58.50968933105469,0.1987764686346054,0.3810405731201172,0.003842398524284363,0.5587319135665894,28.189599983394146,26.532660387456417,0.6905202865600586,0.7793659567832947
38,295200.0,0.4166666666666667,-20.0,23.48033725303253,21.502967834472656,1870.306395726272,60.73145294189453,0.14270086586475372,0.391257643699646,-0.01022806391119957,0.5573740005493164,27.712957359850407,26.413061456754804,0.695628821849823,0.7786870002746582
39,296100.0,0.4270833333333333,-19.15486505681818,23.14759345748962,21.303102493286133,1505.9435636737348,66.47530364990234,-0.0040448009967803955,0.41487014293670654,-0.10447487235069275,0.5592867732048035,26.465619191527367,25.61196358501911,0.7074350714683533,0.7796433866024017
40,297000.0,0.4375,-18.219602272727286,23.14520167481828,21.43648338317871,1292.36664479663,66.93993377685547,-0.062505804002285,0.4165600538253784,-0.10045620799064636,0.5346853137016296,25.968700665980577,25.646122232079506,0.7082800269126892,0.7673426568508148
41,297900.0,0.4479166666666667,-17.34953835227273,23.19731554694397,21.625247955322266,1069.5020812282132,70.67901611328125,-0.11882519721984863,0.4267308712005615,-0.11592026799917221,0.5346077084541321,25.489985823631287,25.514677722007036,0.7133654356002808,0.767303854227066
42,298800.0,0.4583333333333333,-16.69999999999999,23.268388981681028,21.803607940673828,853.1440041347059,75.32723999023438,-0.17065612971782684,0.4388718008995056,-0.13499462604522705,0.5366625785827637,25.049422897398472,25.35254567861557,0.7194359004497528,0.7683312892913818
43,299700.0,0.46875,-16.373070790816314,23.093128658455612,21.744226455688477,545.0382614852955,83.51155090332031,-0.2750014662742615,0.45405346155166626,-0.2038429081439972,0.5381587743759155,24.162487536668777,24.767335280776024,0.7270267307758331,0.7690793871879578
44,300600.0,0.4791666666666667,-16.265688775510228,23.141648536116804,21.78569984436035,374.7201457952551,84.63700866699219,-0.31422626972198486,0.45579010248184204,-0.20509012043476105,0.5238915681838989,23.82907670736313,24.75673397630453,0.727895051240921,0.7619457840919495
45,301500.0,0.4895833333333333,-16.225462372448987,23.164820763692774,21.816360473632812,213.31932441584974,86.62507629394531,-0.35440099239349365,0.4642152190208435,-0.20781514048576355,0.5220163464546204,23.487591564655304,24.73357130587101,0.7321076095104218,0.7610081732273102
46,302400.0,0.5,-16.100000000000023,23.234034147968657,21.838716506958008,76.6326381697089,87.96076965332031,-0.38219547271728516,0.47107845544815063,-0.20619268715381622,0.5205944776535034,23.251338481903076,24.747362159192562,0.7355392277240753,0.7602972388267517
47,303300.0,0.5104166666666666,-15.867091836734687,23.281664900555313,21.860403060913086,115.36540584031141,90.26177215576172,-0.41598278284072876,0.4905604124069214,-0.20878468453884125,0.5291793346405029,22.964146345853806,24.72533018141985,0.7452802062034607,0.7645896673202515
48,304200.0,0.5208333333333334,-15.60612244897959,23.45795669598857,21.909114837646484,143.91612702899147,91.51742553710938,-0.4200524687767029,0.48805636167526245,-0.20447149872779846,0.5284359455108643,22.929554015398026,24.761992260813713,0.7440281808376312,0.7642179727554321
49,305100.0,0.53125,-15.317091836734676,23.582274081486844,21.96446418762207,180.18472673767184,93.06193542480469,-0.435297429561615,0.4943821430206299,-0.201214998960495,0.5293204188346863,22.799971848726273,24.789672508835793,0.7471910715103149,0.7646602094173431
50,306000.0,0.5416666666666666,-15.0,23.724364492518475,22.023509979248047,207.25889368382087,94.5587387084961,-0.44088542461395264,0.4982209801673889,-0.19771446287631989,0.5307467579841614,22.752473890781403,24.81942706555128,0.7491104900836945,0.7653733789920807
51,306900.0,0.5520833333333334,-14.284750566893422,23.598340264423086,21.913074493408203,267.9649199124631,101.52532958984375,-0.5034614205360413,0.5147389769554138,-0.24438460171222687,0.5385129451751709,22.22057792544365,24.42273088544607,0.7573694884777069,0.7692564725875854
52,307800.0,0.5625,-13.148790627362075,23.842867831765886,21.996116638183594,270.9810397003968,100.1627426147461,-0.48004060983657837,0.5027572512626648,-0.22768433392047882,0.5273653864860535,22.419654816389084,24.56468316167593,0.7513786256313324,0.7636826932430267
53,308700.0,0.5729166666666666,-12.113435374149674,23.863398291455326,22.186561584472656,306.50403853625295,104.345947265625,-0.5039140582084656,0.5177620649337769,-0.22554554045200348,0.53159099817276,22.216730505228043,24.58286290615797,0.7588810324668884,0.76579549908638
54,309600.0,0.5833333333333334,-11.699999999999989,24.017632666044847,22.365036010742188,311.01302533404265,111.35425567626953,-0.48966389894485474,0.5173192620277405,-0.23656179010868073,0.5407366156578064,22.337856858968735,24.489224784076214,0.7586596310138702,0.7703683078289032
55,310500.0,0.59375,-11.840196078431347,24.27130359411717,22.629150390625,292.7484012813423,109.60303497314453,-0.4429219961166382,0.5237046480178833,-0.19586601853370667,0.5502840280532837,22.735163033008575,24.835138842463493,0.7618523240089417,0.7751420140266418
56,311400.0,0.6041666666666666,-12.094226579520694,24.23513910685142,22.66182518005371,313.4188495473585,113.96597290039062,-0.45911115407943726,0.5447143912315369,-0.20858852565288544,0.5686273574829102,22.597555190324783,24.726997531950474,0.7723571956157684,0.7843136787414551
57,312300.0,0.6145833333333334,-12.426143790849665,24.342248207439695,22.638704299926758,306.32226873640826,111.00542449951172,-0.44051873683929443,0.5452662110328674,-0.1998598575592041,0.570717453956604,22.755590736865997,24.801191210746765,0.7726331055164337,0.785358726978302
58,313200.0,0.625,-12.800000000000011,24.306754688745116,22.605844497680664,314.61763515557107,106.42479705810547,-0.4486175775527954,0.5568159818649292,-0.1856938898563385,0.5722682476043701,22.68675059080124,24.921601936221123,0.7784079909324646,0.7861341238021851
59,314100.0,0.6354166666666666,-13.17941176470589,24.65919403467427,22.849580764770508,254.2298329614318,95.43025970458984,-0.356744647026062,0.5614253282546997,-0.10111864656209946,0.5840569138526917,23.467670500278473,25.640491504222155,0.7807126641273499,0.7920284569263458
60,315000.0,0.6458333333333334,-13.562254901960785,24.432666524473518,22.875247955322266,265.129256787971,96.67896270751953,-0.3855580687522888,0.5916203260421753,-0.10580822825431824,0.6057339310646057,23.222756415605545,25.600630059838295,0.7958101630210876,0.8028669655323029
61,315900.0,0.65625,-13.96397058823527,24.506072683598063,22.8632755279541,213.44895314473615,93.14518737792969,-0.33809924125671387,0.5786938071250916,-0.09431283175945282,0.607517659664154,23.626156449317932,25.69834093004465,0.7893469035625458,0.803758829832077
62,316800.0,0.6666666666666666,-14.399999999999977,24.29510047012866,22.845510482788086,192.00404331212775,89.25843048095703,-0.34358328580856323,0.5897302627563477,-0.08108402788639069,0.6090559959411621,23.579542070627213,25.81078576296568,0.7948651313781738,0.804527997970581
63,317700.0,0.6770833333333334,-14.901171874999989,24.58056404354005,23.114957809448242,90.03909394147647,80.08894348144531,-0.23072825372219086,0.5716497302055359,0.005197048187255859,0.6062096953392029,24.538809843361378,26.544174909591675,0.7858248651027679,0.8031048476696014
64,318600.0,0.6875,-15.469791666666652,24.256166066621006,23.108858108520508,133.85487197517602,80.66712188720703,-0.25306183099746704,0.5975641012191772,-0.0016186386346817017,0.6260510683059692,24.34897443652153,26.486241571605206,0.7987820506095886,0.8130255341529846
65,319500.0,0.6979166666666666,-16.078515625000023,24.34552233366128,23.0673885345459,357.72802946688813,76.87970733642578,-0.18673795461654663,0.5693202018737793,0.014273256063461304,0.6220670938491821,24.912727385759354,26.62132267653942,0.7846601009368896,0.8110335469245911
66,320400.0,0.7083333333333334,-16.69999999999999,24.25827812200191,22.995264053344727,500.7498822614655,73.17434692382812,-0.16113224625587463,0.5591840744018555,0.03069809079170227,0.618207573890686,25.130375906825066,26.76093377172947,0.7795920372009277,0.809103786945343
67,321300.0,0.71875,-17.50566406249999,24.504271671816866,23.08696174621582,800.8013137202603,67.39482879638672,-0.05531611666083336,0.5372673869132996,0.09661988914012909,0.6133137345314026,26.029813008382916,27.321269057691097,0.7686336934566498,0.8066568672657013
68,322200.0,0.7291666666666666,-18.50468749999999,24.47634586911613,22.933320999145508,954.3121536526921,65.60330963134766,-0.019152618944644928,0.5300663709640503,0.10616008937358856,0.6207886338233948,26.337202738970518,27.402360759675503,0.7650331854820251,0.8103943169116974
69,323100.0,0.7395833333333334,-19.426367187500006,24.514513386860358,22.706710815429688,1123.973748221296,61.41761016845703,0.032835446298122406,0.5057910680770874,0.1383873075246811,0.6072567105293274,26.77910129353404,27.67629211395979,0.7528955340385437,0.8036283552646637
70,324000.0,0.75,-20.0,24.516513732731426,22.491628646850586,1250.746770591752,57.509456634521484,0.07030867040157318,0.4845327138900757,0.17790865898132324,0.591271698474884,27.097623698413372,28.012223601341248,0.7422663569450378,0.795635849237442
71,324900.0,0.7604166666666666,-20.194648437500007,24.05247558672812,22.38340950012207,1597.4764041946469,54.45092010498047,0.11419716477394104,0.4543682932853699,0.2208503931760788,0.5734606385231018,27.4706759005785,28.37722834199667,0.7271841466426849,0.7867303192615509
72,325800.0,0.7708333333333334,-20.2096875,24.400163024905794,22.35546112060547,1911.3885685975724,52.81882858276367,0.265377938747406,0.3826873302459717,0.247355654835701,0.5607817769050598,28.75571247935295,28.60252306610346,0.6913436651229858,0.7803908884525299
73,326700.0,0.78125,-20.11988281250001,24.413226419232217,22.359085083007812,2013.899912059221,51.87089920043945,0.2939261198043823,0.3859987258911133,0.2624250054359436,0.5476483702659607,28.99837201833725,28.73061254620552,0.6929993629455566,0.7738241851329803
74,327600.0,0.7916666666666666,-20.0,24.473759950787894,22.372528076171875,2125.6816693660394,51.186798095703125,0.3427843451499939,0.3620876669883728,0.2727528214454651,0.5315605401992798,29.413666933774948,28.818398982286453,0.6810438334941864,0.7657802700996399
75,328500.0,0.8020833333333334,-19.85374999999999,24.422278571695017,22.300260543823242,2169.5818996689936,50.84062957763672,0.3585171103477478,0.34233853220939636,0.2639768719673157,0.5102874040603638,29.547395437955856,28.743803411722183,0.6711692661046982,0.7551437020301819
76,329400.0,0.8125,-19.669999999999987,24.41979864512905,22.28162384033203,2239.1626073697507,49.9751091003418,0.38959062099456787,0.31960856914520264,0.2775349020957947,0.4824451208114624,29.811520278453827,28.859046667814255,0.6598042845726013,0.7412225604057312
77,330300.0,0.8229166666666666,-19.50125,24.410858253647973,22.280115127563477,2304.804940181376,49.57646179199219,0.41650521755218506,0.3029676675796509,0.28688687086105347,0.46362555027008057,30.040294349193573,28.938538402318954,0.6514838337898254,0.7318127751350403
78,331200.0,0.8333333333333334,-19.400000000000006,24.402922032317974,22.27329444885254,2372.332416970564,49.36726760864258,0.44444042444229126,0.2869647741317749,0.29426997900009155,0.4476366639137268,30.277743607759476,29.001294821500778,0.6434823870658875,0.7238183319568634
79,332100.0,0.84375,-19.48942307692306,24.418680690148335,22.2825984954834,2455.8474192229187,49.02261734008789,0.4822962284088135,0.2682906985282898,0.31234145164489746,0.4285012483596802,30.599517941474915,29.15490233898163,0.6341453492641449,0.7142506241798401
80,333000.0,0.8541666666666666,-19.738461538461536,24.407403292392587,22.23627471923828,2530.2428367355114,49.04361343383789,0.5102101564407349,0.2575136423110962,0.3187306523323059,0.42113399505615234,30.836786329746246,29.2092105448246,0.6287568211555481,0.7105669975280762
81,333900.0,0.8645833333333334,-19.968269230769238,24.38973139919659,22.1509952545166,2601.888875635587,48.946529388427734,0.5369247794151306,0.24689127504825592,0.3284858465194702,0.41252875328063965,31.06386062502861,29.292129695415497,0.623445637524128,0.7062643766403198
82,334800.0,0.875,-20.0,24.376152572913497,22.079832077026367,2668.477188751682,48.86895751953125,0.5621602535247803,0.23755477368831635,0.34214264154434204,0.4046909809112549,31.278362154960632,29.408212453126907,0.6187773868441582,0.7023454904556274
83,335700.0,0.8854166666666666,-19.859671945701365,24.320638891958197,21.993268966674805,2700.372290525229,48.92100143432617,0.5796919465065002,0.21748249232769012,0.34624236822128296,0.3892245888710022,31.427381545305252,29.443060129880905,0.6087412461638451,0.6946122944355011
84,336600.0,0.8958333333333334,-19.702714932126696,24.31539760541682,22.00921630859375,2754.9786315168553,49.15605926513672,0.6025925278663635,0.20888620615005493,0.35796570777893066,0.3832365870475769,31.62203648686409,29.54270851612091,0.6044431030750275,0.6916182935237885
85,337500.0,0.90625,-19.544400452488674,24.311610023579135,22.0395565032959,2804.474177761132,49.768680572509766,0.621294379234314,0.2043190598487854,0.3580283522605896,0.3869568705558777,31.78100222349167,29.54324099421501,0.6021595299243927,0.6934784352779388
86,338400.0,0.9166666666666666,-19.400000000000006,24.311235504760987,22.069326400756836,2851.0383032776153,50.42582702636719,0.6398388147354126,0.19944995641708374,0.35633915662765503,0.3903418779373169,31.938629925251007,29.528882831335068,0.5997249782085419,0.6951709389686584
87,339300.0,0.9270833333333334,-19.268910845588238,24.181668738146016,21.928560256958008,2821.152261230178,50.1413459777832,0.6783320307731628,0.12239842861890793,0.36247342824935913,0.33096590638160706,32.265822261571884,29.581024140119553,0.561199214309454,0.6654829531908035
88,340200.0,0.9375,-19.14111519607843,24.213923441167026,21.963376998901367,2874.2117347265544,50.305885314941406,0.7120192050933838,0.10932262241840363,0.38369250297546387,0.3182094991207123,32.55216324329376,29.761386275291443,0.5546613112092018,0.6591047495603561
89,341100.0,0.9479166666666666,-19.017761948529426,24.237450564636276,22.01331329345703,2907.052225110946,51.036930084228516,0.7268521785736084,0.10854071378707886,0.3820003271102905,0.32623302936553955,32.67824351787567,29.74700278043747,0.5542703568935394,0.6631165146827698
90,342000.0,0.9583333333333334,-18.900000000000006,24.259208792212178,22.048141479492188,2931.340531775377,51.75043869018555,0.7406486868858337,0.10550037026405334,0.3779261112213135,0.3318740129470825,32.79551383852959,29.712371945381165,0.5527501851320267,0.6659370064735413
91,342900.0,0.96875,-18.847823660714283,24.346115290362775,22.152263641357422,2991.1243056998173,53.10429000854492,0.7252219319343567,0.15622001886367798,0.3599501848220825,0.37988728284835815,32.66438642144203,29.5595765709877,0.578110009431839,0.6899436414241791
92,343800.0,0.9791666666666666,-18.875446428571422,24.319759815138468,22.1527099609375,3001.2152615822265,53.96744918823242,0.7214218378067017,0.1608499437570572,0.3445725440979004,0.39219075441360474,32.632085621356964,29.428866624832153,0.5804249718785286,0.6960953772068024
93,344700.0,0.9895833333333334,-18.915345982142867,24.309878601188416,22.138206481933594,3029.3189494119306,54.428497314453125,0.7334986925125122,0.15634815394878387,0.34375351667404175,0.3938934803009033,32.734738886356354,29.421904891729355,0.5781740769743919,0.6969467401504517
94,345600.0,1.0,-18.900000000000006,24.30817922069241,22.133169174194336,3065.009413322043,54.83213806152344,0.748123049736023,0.15298977494239807,0.34595078229904175,0.39689159393310547,32.859045922756195,29.440581649541855,0.576494887471199,0.6984457969665527
95,346500.0,1.0104166666666667,-18.721146616541347,24.134451301837828,21.92365074157715,3017.1720264050336,55.0881462097168,0.739205539226532,0.12289538979530334,0.31352776288986206,0.3782668709754944,32.78324708342552,29.164985984563828,0.5614476948976517,0.6891334354877472
96,347400.0,1.0208333333333333,-18.396867167919794,24.11694002546136,21.92081069946289,3051.0168993980187,54.971805572509766,0.7601022124290466,0.11091741919517517,0.329306423664093,0.3636874556541443,32.960868805646896,29.29910460114479,0.5554587095975876,0.6818437278270721
97,348300.0,1.03125,-18.04915413533834,24.130680772510914,22.00621795654297,3093.028913021392,55.40468215942383,0.7801418900489807,0.10688181221485138,0.3310004472732544,0.37014585733413696,33.131206065416336,29.313503801822662,0.5534409061074257,0.6850729286670685
98,349200.0,1.0416666666666667,-17.80000000000001,24.161199094454503,22.089868545532227,3137.7174489873732,55.928897857666016,0.8052942752838135,0.10078536719083786,0.32504111528396606,0.3790765404701233,33.345001339912415,29.26284947991371,0.5503926835954189,0.6895382702350616
99,350100.0,1.0520833333333333,-17.77919407894737,23.576143900769694,21.356107711791992,2882.622702345033,55.76671600341797,0.744986355304718,0.004976280033588409,0.20076613128185272,0.3012159764766693,32.8323840200901,28.206512115895748,0.5024881400167942,0.6506079882383347
100,351000.0,1.0625,-17.945394736842104,23.45496685395699,21.15213394165039,2884.1423119341243,54.00380325317383,0.7626038789749146,-0.022486373782157898,0.2483673244714737,0.23169873654842377,32.982132971286774,28.611122258007526,0.48875681310892105,0.6158493682742119
101,351900.0,1.0729166666666667,-18.163898026315792,23.45513732903305,21.131301879882812,2928.3530130077374,53.828857421875,0.7667518258094788,-0.011277243494987488,0.26282161474227905,0.24058227241039276,33.01739051938057,28.733983725309372,0.49436137825250626,0.6202911362051964
102,352800.0,1.0833333333333333,-18.30000000000001,23.481252612679782,21.102785110473633,2974.884960770805,53.86808395385742,0.7760927677154541,-0.0012359172105789185,0.26283055543899536,0.2589259147644043,33.09678852558136,28.73405972123146,0.49938204139471054,0.6294629573822021
103,353700.0,1.09375,-18.14474381625442,23.77992153319684,21.43179702758789,3157.420095252421,54.059078216552734,0.8311325311660767,0.041209377348423004,0.3174298405647278,0.3070821464061737,33.56462651491165,29.198153644800186,0.5206046886742115,0.6535410732030869
104,354600.0,1.1041666666666667,-17.652650176678435,23.92075455870946,21.600013732910156,3251.85879592227,54.793724060058594,0.8601617217063904,0.06065354123711586,0.3011928200721741,0.35711967945098877,33.81137463450432,29.06013897061348,0.5303267706185579,0.6785598397254944
105,355500.0,1.1145833333333333,-16.934231448763228,24.052790440920376,21.75027084350586,3331.3986245398655,55.14861297607422,0.8957448601722717,0.06821828335523605,0.2914614677429199,0.3805689215660095,34.11383131146431,28.97742247581482,0.534109141677618,0.6902844607830048
106,356400.0,1.125,-16.100000000000023,24.2051129178746,21.93607521057129,3402.0632412960053,55.54393768310547,0.9261100888252258,0.07943910360336304,0.28118830919265747,0.4028458595275879,34.37193575501442,28.89010062813759,0.5397195518016815,0.701422929763794
107,357300.0,1.1354166666666667,-13.380603181586935,23.131624984881,20.379343032836914,2800.7993947847103,56.19203567504883,0.7100757360458374,-0.03816001117229462,-0.028332147747278214,0.2727034091949463,32.53564375638962,26.259176744148135,0.4809199944138527,0.6363517045974731
108,358200.0,1.1458333333333333,-8.453575504255411,22.88393712360903,20.77944564819336,2565.10998316262,52.062191009521484,0.6843702793121338,-0.12081758677959442,0.06936907768249512,0.08730017393827438,32.31714737415314,27.08963716030121,0.4395912066102028,0.5436500869691372
109,359100.0,1.15625,-3.5997600747961656,23.053059589206157,21.951679229736328,2461.794914088317,54.76453399658203,0.6704448461532593,-0.12976723909378052,0.02869682013988495,0.09824948012828827,32.198781192302704,26.743922971189022,0.43511638045310974,0.5491247400641441
110,360000.0,1.1666666666666667,-1.1000000000000227,23.25246329466688,22.684734344482422,2395.0756258283222,61.394805908203125,0.6634581089019775,-0.12886235117912292,-0.08576710522174835,0.11388441920280457,32.13939392566681,25.77097960561514,0.43556882441043854,0.5569422096014023
111,360900.0,1.1770833333333333,-2.465969081922367,24.25171673114278,23.913591384887695,2860.642474771539,63.02345275878906,0.8515464663505554,-0.026268884539604187,0.07117699086666107,0.19350001215934753,33.73814496397972,27.10500442236662,0.4868655577301979,0.5967500060796738
112,361800.0,1.1875,-6.1883689136607245,24.47886391749529,23.646404266357422,3033.252462327823,69.58404541015625,0.8665635585784912,0.04227961599826813,-0.0008749812841415405,0.32911938428878784,33.865790247917175,26.492562659084797,0.5211398079991341,0.6645596921443939
113,362700.0,1.1979166666666667,-10.016584288568708,24.383492563109712,23.028072357177734,3124.541319620862,65.82770538330078,0.8560510277748108,0.07245543599128723,-0.0024990439414978027,0.3776649236679077,33.77643373608589,26.47875812649727,0.5362277179956436,0.6888324618339539
114,363600.0,1.2083333333333333,-11.699999999999989,24.222986142409866,22.304729461669922,3173.2665554381647,61.12430191040039,0.8288674354553223,0.09691967070102692,0.013800293207168579,0.4151405096054077,33.54537320137024,26.617302492260933,0.5484598353505135,0.7075702548027039
115,364500.0,1.21875,-11.249807760185547,23.700851778723575,21.415910720825195,2951.158337074082,58.02751922607422,0.7380067110061646,0.04885009676218033,-0.04043322801589966,0.3602641224861145,32.7730570435524,26.156317561864853,0.5244250483810902,0.6801320612430573
116,365400.0,1.2291666666666667,-10.447009883017358,23.499505852861944,21.481151580810547,2879.1770737219367,55.03005599975586,0.7051266431808472,0.03235781192779541,0.011916376650333405,0.3228291869163513,32.4935764670372,26.601289201527834,0.5161789059638977,0.6614145934581757
117,366300.0,1.2395833333333333,-9.695707064340468,23.4039832040973,21.539100646972656,2842.56219574742,56.47877502441406,0.669780433177948,0.04261337220668793,-0.01953187584877014,0.3467298150062561,32.19313368201256,26.333979055285454,0.521306686103344,0.673364907503128
118,367200.0,1.25,-9.399999999999977,23.313850417208528,21.539976119995117,2809.595526477574,57.86848068237305,0.6374127268791199,0.05230385810136795,-0.05048442631959915,0.3548671007156372,31.91800817847252,26.070882376283407,0.526151929050684,0.6774335503578186
119,368100.0,1.2604166666666667,-9.86457889125802,23.093578303281504,21.359960556030273,2734.470461598899,58.15611267089844,0.6219047904014587,0.014465659856796265,-0.08184095472097397,0.323591411113739,31.7861907184124,25.80435188487172,0.5072328299283981,0.6617957055568695
120,369000.0,1.2708333333333333,-10.713752665245181,22.93272523348236,21.096256256103516,2724.283546193449,57.76198959350586,0.5981299877166748,0.015438474714756012,-0.096962571144104,0.3189300298690796,31.584104895591736,25.675818145275116,0.507719237357378,0.6594650149345398
121,369900.0,1.28125,-11.331050106609837,22.767178695616963,20.803295135498047,2716.3025952227063,56.918212890625,0.5614807605743408,0.029442548751831055,-0.1044735461473465,0.3210177421569824,31.272586464881897,25.611974857747555,0.5147212743759155,0.6605088710784912
122,370800.0,1.2916666666666667,-11.100000000000023,22.624288551102666,20.654945373535156,2694.061710653821,56.11589813232422,0.5244594216346741,0.041645973920822144,-0.10496391355991364,0.32219332456588745,30.95790508389473,25.607806734740734,0.5208229869604111,0.6610966622829437
123,371700.0,1.3020833333333333,-9.939285714285688,22.02994344672436,20.063112258911133,2404.479774780869,59.05538558959961,0.3720185160636902,0.014775767922401428,-0.263320654630661,0.2600056827068329,29.662157386541367,24.26177443563938,0.5073878839612007,0.6300028413534164
124,372600.0,1.3125,-8.407142857142844,21.748992337864138,20.545759201049805,2241.673423304127,57.633636474609375,0.30215615034103394,-0.013371467590332031,-0.24928449094295502,0.2063964605331421,29.06832727789879,24.381081826984882,0.493314266204834,0.603198230266571
125,373500.0,1.3229166666666667,-6.846428571428589,21.661179716509082,20.972124099731445,2124.3480763832754,65.52682495117188,0.23570416867733002,-0.0007388144731521606,-0.3452010750770569,0.2310250848531723,28.503485433757305,23.565790861845016,0.4996305927634239,0.6155125424265862
126,374400.0,1.3333333333333333,-5.600000000000023,21.713218560679593,21.32697296142578,1973.5535280729464,75.51990509033203,0.1681278795003891,0.02034243941307068,-0.42675358057022095,0.24096305668354034,27.929086975753307,22.872594565153122,0.5101712197065353,0.6204815283417702
127,375300.0,1.34375,-4.625,22.08939362657992,21.0399112701416,1420.092473869632,94.09489440917969,-0.0022265538573265076,0.033764712512493134,-0.5913732051849365,0.21599401533603668,26.481074292212725,21.47332775592804,0.5168823562562466,0.6079970076680183
128,376200.0,1.3541666666666667,-3.6499999999999773,21.59209776405413,21.22220802307129,927.6911266738371,95.02276611328125,-0.2690746784210205,0.11385306715965271,-0.5876966118812561,0.181969553232193,24.212865233421326,21.504578799009323,0.5569265335798264,0.5909847766160965
129,377100.0,1.3645833333333333,-2.6750000000000114,21.37517027090655,21.227554321289062,652.6985478463348,109.71746063232422,-0.38759928941726685,0.10731036961078644,-0.6342284083366394,0.198702871799469,23.205406039953232,21.109058529138565,0.5536551848053932,0.5993514358997345
130,378000.0,1.375,-1.6999999999999886,21.262039312616537,21.32064437866211,439.076150441877,119.8012924194336,-0.47674673795700073,0.12065310776233673,-0.6458830833435059,0.2026279717683792,22.447652727365494,21.0099937915802,0.5603265538811684,0.6013139858841896
131,378900.0,1.3854166666666667,-0.7250000000000227,20.883232069150154,20.98063087463379,96.2037124392179,155.8748779296875,-0.6394807696342468,0.14584670960903168,-0.765606701374054,0.22157934308052063,21.064413458108902,19.99234303832054,0.5729233548045158,0.6107896715402603
132,379800.0,1.3958333333333333,0.25,20.96148044120298,21.123933792114258,64.79055613576162,153.2947540283203,-0.6879564523696899,0.1411854773759842,-0.7357582449913025,0.20182782411575317,20.652370154857635,20.24605491757393,0.5705927386879921,0.6009139120578766
133,380700.0,1.40625,1.2250000000000227,21.033789875191474,21.201181411743164,122.82597812953054,181.72987365722656,-0.7402428984642029,0.163173645734787,-0.7708275318145752,0.2259245216846466,20.207935363054276,19.94796597957611,0.5815868228673935,0.6129622608423233
134,381600.0,1.4166666666666667,2.1999999999999886,21.24014085336688,21.348983764648438,162.85328462939327,206.33612060546875,-0.7565206289291382,0.1783055067062378,-0.7850801348686218,0.2411133348941803,20.069574654102325,19.826818853616714,0.5891527533531189,0.6205566674470901
135,382500.0,1.4270833333333333,2.971986607142867,21.114717884650986,21.2689208984375,251.06959264483305,265.4117736816406,-0.8494504690170288,0.23837493360042572,-0.865943968296051,0.278117299079895,19.279671013355255,19.139476269483566,0.6191874668002129,0.6390586495399475
136,383400.0,1.4375,3.4669642857143117,21.42768013024886,21.41240692138672,271.70915972063597,280.7953186035156,-0.8318648338317871,0.245085209608078,-0.8587587475776672,0.28516054153442383,19.42914891242981,19.20055064558983,0.622542604804039,0.6425802707672119
137,384300.0,1.4479166666666667,3.878459821428578,21.335799498097856,21.495792388916016,344.61186472247147,321.78814697265625,-0.8934116363525391,0.3153863847255707,-0.8863658308982849,0.31536564230918884,18.906001091003418,18.96589043736458,0.6576931923627853,0.6576828211545944
138,385200.0,1.4583333333333333,4.399999999999977,21.639082289569842,21.603046417236328,358.5011146639811,352.2080078125,-0.8701098561286926,0.3184545636177063,-0.8973699808120728,0.3376479148864746,19.104066222906113,18.87235516309738,0.6592272818088531,0.6688239574432373
139,386100.0,1.46875,5.118415178571411,21.09897636704534,21.39731788635254,497.6305949785519,441.6048278808594,-1.0,0.4883151650428772,-0.9842021465301514,0.41213786602020264,18.0,18.134281754493713,0.7441575825214386,0.7060689330101013
140,387000.0,1.4791666666666667,5.908035714285688,21.78469904905728,21.553735733032227,450.0072198570461,434.16595458984375,-0.9048512578010559,0.4137059450149536,-0.9498122930526733,0.40583181381225586,18.808764308691025,18.426595509052277,0.7068529725074768,0.7029159069061279
141,387900.0,1.4895833333333333,6.643638392857156,21.365421752605585,21.62955665588379,593.5040051437321,491.4557800292969,-1.0,0.6149681806564331,-0.9793744087219238,0.4421446919441223,18.0,18.175317525863647,0.8074840903282166,0.7210723459720612
142,388800.0,1.5,7.199999999999989,21.90981878701382,21.753267288208008,557.301284177998,525.95361328125,-0.9424610733985901,0.521523118019104,-0.9832696318626404,0.463955283164978,18.489080876111984,18.142208129167557,0.760761559009552,0.731977641582489
143,389700.0,1.5104166666666667,7.625,21.744003670261975,21.919898986816406,655.244155823332,549.6505737304688,-1.0,0.6250585913658142,-0.9780653715133667,0.47525179386138916,18.0,18.186444342136383,0.8125292956829071,0.7376258969306946
144,390600.0,1.5208333333333333,8.050000000000011,22.072259001954535,21.989669799804688,653.2963655202091,589.6981811523438,-0.9804130792617798,0.5752529501914978,-0.9952144026756287,0.4996463656425476,18.166488826274872,18.040677577257156,0.7876264750957489,0.7498231828212738
145,391500.0,1.53125,8.475000000000023,22.052110387446533,22.080482482910156,724.6945369628095,607.388916015625,-1.0,0.667111873626709,-0.9942908883094788,0.5083904266357422,18.0,18.04852744936943,0.8335559368133545,0.7541952133178711
146,392400.0,1.5416666666666667,8.899999999999977,22.2148477217753,22.147842407226562,744.8102545526133,628.81298828125,-1.0,0.6583718657493591,-0.9997215270996094,0.5185877680778503,18.0,18.00236701965332,0.8291859328746796,0.7592938840389252
147,393300.0,1.5520833333333333,9.324999999999989,22.23620368229217,22.190196990966797,803.8449301431307,654.0741577148438,-1.0,0.7543948292732239,-1.0,0.5485397577285767,18.0,18.0,0.8771974146366119,0.7742698788642883
148,394200.0,1.5625,9.75,22.348207223461998,22.24391746520996,828.7436580784116,663.5928955078125,-1.0,0.7655475735664368,-1.0,0.5503366589546204,18.0,18.0,0.8827737867832184,0.7751683294773102
149,395100.0,1.5729166666666667,10.175000000000011,22.4289594301452,22.30145263671875,857.9374530495259,670.406982421875,-1.0,0.791584849357605,-1.0,0.5481099486351013,18.0,18.0,0.8957924246788025,0.7740549743175507
150,396000.0,1.5833333333333333,10.600000000000023,22.51867605788516,22.358386993408203,877.2131048886436,674.865234375,-1.0,0.7986180186271667,-1.0,0.5432438850402832,18.0,18.0,0.8993090093135834,0.7716219425201416
151,396900.0,1.59375,10.201562500000023,23.160702314008745,22.89998435974121,759.6188717366792,583.870361328125,-0.9379593133926392,0.5757619738578796,-0.894768238067627,0.4519363045692444,18.527345836162567,18.89446997642517,0.7878809869289398,0.7259681522846222
152,397800.0,1.6041666666666667,8.737500000000011,22.822561678682234,22.755300521850586,832.9294435248155,662.1226196289062,-1.0,0.6501064896583557,-0.97872394323349,0.5037729144096375,18.0,18.180846482515335,0.8250532448291779,0.7518864572048187
153,398700.0,1.6145833333333333,7.079687499999977,23.22687635859893,22.73894691467285,740.6228584086089,575.316650390625,-0.9481826424598694,0.5063775777816772,-0.9300963282585144,0.45872873067855835,18.44044753909111,18.594181209802628,0.7531887888908386,0.7293643653392792
154,399600.0,1.625,6.100000000000023,22.91049871573989,22.542924880981445,791.1743595924725,531.520263671875,-1.0,0.5611304044723511,-0.9287641644477844,0.44652295112609863,18.0,18.605504602193832,0.7805652022361755,0.7232614755630493
155,400500.0,1.6354166666666667,5.903765368852476,23.617039892441994,22.671472549438477,651.5278725035008,434.5813293457031,-0.8864490985870361,0.38182973861694336,-0.8266782164573669,0.4077962636947632,18.965182662010193,19.47323516011238,0.6909148693084717,0.7038981318473816
156,401400.0,1.6458333333333333,5.88504098360653,23.0063620351022,22.641124725341797,746.9539433335312,438.10577392578125,-1.0,0.4660775065422058,-0.8404235243797302,0.41792601346969604,18.0,19.356400042772293,0.7330387532711029,0.708963006734848
157,402300.0,1.65625,5.848796106557359,23.66241184280517,22.66834831237793,602.8165562473976,411.94329833984375,-0.8774400353431702,0.29950934648513794,-0.8253769874572754,0.39249104261398315,19.041759699583054,19.48429560661316,0.649754673242569,0.6962455213069916
158,403200.0,1.6666666666666667,5.600000000000023,22.941108760921622,22.674535751342773,688.2075112731625,397.4212646484375,-1.0,0.3811933994293213,-0.8270366787910461,0.37239378690719604,18.0,19.470188230276108,0.6905966997146606,0.686196893453598
159,404100.0,1.6770833333333333,5.140720022474852,23.782036170865695,22.865760803222656,483.4948103939148,348.59295654296875,-0.799048662185669,0.1870703399181366,-0.7699586749076843,0.33733153343200684,19.708086371421814,19.955351263284683,0.5935351699590683,0.6686657667160034
160,405000.0,1.6875,4.603668693812779,22.68457509340135,22.83501434326172,600.4989803996843,350.040771484375,-0.9921481013298035,0.2957136034965515,-0.7953051924705505,0.334944486618042,18.06674113869667,19.73990586400032,0.6478568017482758,0.667472243309021
161,405900.0,1.6979166666666667,3.9897830182443386,23.660105658319765,22.824176788330078,371.99266945949,317.31646728515625,-0.7353706955909729,0.0902262032032013,-0.7840818166732788,0.2971864342689514,20.24934908747673,19.83530455827713,0.5451131016016006,0.6485932171344757
162,406800.0,1.7083333333333333,3.3000000000000114,22.445785777082733,22.753631591796875,517.8154161936816,293.11749267578125,-0.9697075486183167,0.2321363091468811,-0.7831328511238098,0.270859956741333,18.25748583674431,19.843370765447617,0.6160681545734406,0.6354299783706665
163,407700.0,1.71875,2.203326612903197,23.84924417697198,22.9530086517334,243.50688736344293,228.5196075439453,-0.5811828970909119,0.036259084939956665,-0.6684665679931641,0.25173360109329224,21.55994537472725,20.818034172058105,0.5181295424699783,0.6258668005466461
164,408600.0,1.7291666666666667,0.7362903225806576,22.423189249573795,22.732107162475586,420.2567587801351,223.64663696289062,-0.8729830384254456,0.2290503978729248,-0.6833918690681458,0.26873070001602173,19.079644173383713,20.69116911292076,0.6145251989364624,0.6343653500080109
165,409500.0,1.7395833333333333,-0.5488911290322562,23.574924063305446,22.43735694885254,187.35732855829735,177.0927276611328,-0.546127438545227,0.030719242990016937,-0.6320687532424927,0.23365594446659088,21.85791677236557,21.127415597438812,0.5153596214950085,0.6168279722332954
166,410400.0,1.75,-1.1000000000000227,22.335341743127913,22.148151397705078,340.90749066472324,139.76486206054688,-0.8150153756141663,0.1910753846168518,-0.5716145634651184,0.20626497268676758,19.572369307279587,21.641276210546494,0.5955376923084259,0.6031324863433838
167,411300.0,1.7604166666666667,-1.1000000000000227,22.798589153732507,22.115934371948242,87.0489775225188,112.23284149169922,-0.513311505317688,0.033784471452236176,-0.48539578914642334,0.18455813825130463,22.136852204799652,22.3741357922554,0.5168922357261181,0.5922790691256523
168,412200.0,1.7708333333333333,-1.1000000000000227,22.247532249186236,22.18779945373535,136.55362515100512,105.56954956054688,-0.6185427904129028,0.13237126171588898,-0.4647672176361084,0.17980697751045227,21.242386281490326,22.54947865009308,0.5661856308579445,0.5899034887552261
169,413100.0,1.78125,-1.1000000000000227,22.554909585960388,22.26874351501465,54.81538915812557,104.21327209472656,-0.4968155026435852,0.0790092796087265,-0.47247785329818726,0.17676633596420288,22.277068227529526,22.48393824696541,0.5395046398043633,0.5883831679821014
170,414000.0,1.7916666666666667,-1.1000000000000227,22.182277740022244,22.33482551574707,80.50024681256605,103.78638458251953,-0.563911497592926,0.12747222185134888,-0.4860774874687195,0.1733689159154892,21.70675227046013,22.368341356515884,0.5637361109256744,0.5866844579577446
171,414900.0,1.8020833333333333,-1.1000000000000227,22.320443295237112,22.334138870239258,31.87435147623482,104.96751403808594,-0.4960971474647522,0.09201037138700485,-0.5122637748718262,0.1706036925315857,22.283174246549606,22.145757913589478,0.5460051856935024,0.5853018462657928
172,415800.0,1.8125,-1.1000000000000227,22.093191941971213,22.35090446472168,39.707441129040376,102.48194122314453,-0.5294984579086304,0.11609519273042679,-0.5162367224693298,0.16290684044361115,21.999263107776642,22.111987859010696,0.5580475963652134,0.5814534202218056
173,416700.0,1.8229166666666667,-1.1000000000000227,22.16409154213386,22.35967254638672,111.48808003039866,100.5617446899414,-0.4811862111091614,0.09495868533849716,-0.5196241140365601,0.1582002341747284,22.40991720557213,22.08319503068924,0.5474793426692486,0.5791001170873642
174,417600.0,1.8333333333333333,-1.1000000000000227,22.078988489400672,22.35976219177246,147.74539208328508,98.35134887695312,-0.4788653254508972,0.09992563724517822,-0.5197188854217529,0.15238720178604126,22.429644733667374,22.0823894739151,0.5499628186225891,0.5761936008930206
175,418500.0,1.84375,-1.4278846153846416,22.31020039881099,22.547697067260742,329.49570056133683,90.4014663696289,-0.38742595911026,0.09091610461473465,-0.4580525755882263,0.14960557222366333,23.20687934756279,22.606553107500076,0.5454580523073673,0.5748027861118317
176,419400.0,1.8541666666666667,-2.1576923076922867,22.256030420140917,22.513416290283203,388.68566141671585,91.35859680175781,-0.3739635944366455,0.0972810834646225,-0.47049689292907715,0.1587747037410736,23.321309447288513,22.500776410102844,0.5486405417323112,0.5793873518705368
177,420300.0,1.8645833333333333,-2.908653846153868,22.275483739618608,22.398935317993164,489.9415781678062,86.53828430175781,-0.33371949195861816,0.0819631963968277,-0.458102822303772,0.14803235232830048,23.663384318351746,22.60612601041794,0.5409815981984138,0.5740161761641502
178,421200.0,1.875,-3.3000000000000114,22.252446964238118,22.2818660736084,562.3419642037386,80.92588806152344,-0.3093882203102112,0.07473566383123398,-0.43397659063339233,0.13426540791988373,23.870200127363205,22.811198979616165,0.537367831915617,0.5671327039599419
179,422100.0,1.8854166666666667,-3.168846153846175,22.15777333826145,22.140966415405273,582.3114042458296,77.46414947509766,-0.30608826875686646,0.040877290070056915,-0.4340614080429077,0.09920509904623032,23.898249715566635,22.810478031635284,0.5204386450350285,0.5496025495231152
180,423000.0,1.8958333333333333,-2.7739743589743853,22.1767307981778,22.17474365234375,637.8951146032948,74.44014739990234,-0.2786519527435303,0.021437078714370728,-0.40965598821640015,0.07866215705871582,24.131458401679993,23.0179241001606,0.5107185393571854,0.5393310785293579
181,423900.0,1.90625,-2.3671153846153743,22.180347174791166,22.247283935546875,675.6837719600857,74.78388214111328,-0.26089024543762207,0.00950726866722107,-0.4091053009033203,0.0720425620675087,24.282432913780212,23.022604942321777,0.5047536343336105,0.5360212810337543
182,424800.0,1.9166666666666667,-2.1999999999999886,22.192571017521573,22.320663452148438,718.3643985637116,75.65353393554688,-0.23880375921726227,-0.00594976544380188,-0.4143033027648926,0.0645165890455246,24.47016804665327,22.978421926498413,0.49702511727809906,0.5322582945227623
183,425700.0,1.9270833333333333,-2.314374999999984,22.283121558005632,22.437488555908203,801.548483832041,75.05933380126953,-0.19305941462516785,-0.0153888538479805,-0.3961638808250427,0.06137660890817642,24.858994975686073,23.132607012987137,0.49230557307600975,0.5306883044540882
184,426600.0,1.9375,-2.5183333333333167,22.27927117170759,22.42559814453125,849.8611747299237,75.5699234008789,-0.17135070264339447,-0.024994000792503357,-0.4024808406829834,0.05860138311982155,25.043519027531147,23.07891285419464,0.4875029996037483,0.5293006915599108
185,427500.0,1.9479166666666667,-2.713124999999991,22.28481439889407,22.41409683227539,904.3405134834408,74.19867706298828,-0.14287082850933075,-0.04175741970539093,-0.39263254404067993,0.044672414660453796,25.28559795767069,23.16262337565422,0.47912129014730453,0.5223362073302269
186,428400.0,1.9583333333333333,-2.8000000000000114,22.287316342100382,22.396095275878906,951.987504202393,73.08550262451172,-0.11737307906150818,-0.05657002329826355,-0.3833380937576294,0.033216848969459534,25.50232882797718,23.24162620306015,0.4717149883508682,0.5166084244847298
187,429300.0,1.96875,-2.6927989130434753,22.25242559465795,22.32244300842285,975.6870985881267,73.62458801269531,-0.1141769289970398,-0.05123232305049896,-0.39134687185287476,0.04045265167951584,25.52949610352516,23.173551589250565,0.4743838384747505,0.5202263258397579
188,430200.0,1.9791666666666667,-2.4641304347825894,22.255630236635852,22.34979820251465,1005.7348570659901,72.44048309326172,-0.09499074518680573,-0.06614159047603607,-0.3764645457267761,0.025234445929527283,25.69257866591215,23.300051361322403,0.46692920476198196,0.5126172229647636
189,431100.0,1.9895833333333333,-2.2533967391304373,22.270464389594224,22.38184928894043,1034.4728669265216,72.44816589355469,-0.07440903782844543,-0.08099231123924255,-0.3716515898704529,0.016208134591579437,25.867523178458214,23.34096148610115,0.4595038443803787,0.5081040672957897
190,432000.0,2.0,-2.1999999999999886,22.28552832762324,22.40690803527832,1064.6397517333683,72.32743072509766,-0.052383825182914734,-0.09623700380325317,-0.3658626079559326,0.005113616585731506,26.054737485945225,23.390167832374573,0.4518814980983734,0.5025568082928658
191,432900.0,2.0104166666666665,-2.378197010869542,22.224580493149574,22.374624252319336,1069.4289821842108,71.35185241699219,-0.03335851430892944,-0.1408911794424057,-0.36570918560028076,-0.0331624299287796,26.2164526283741,23.391471922397614,0.42955441027879715,0.4834187850356102
192,433800.0,2.0208333333333335,-2.6951195652173965,22.21440117246061,22.32286834716797,1109.4680089448327,70.08279418945312,-0.0033637136220932007,-0.16302891075611115,-0.35330671072006226,-0.05136312544345856,26.471408434212208,23.49689295887947,0.4184855446219444,0.4743184372782707
193,434700.0,2.03125,-3.039482336956496,22.20073335155911,22.254070281982422,1150.684672065905,68.64183044433594,0.023406684398651123,-0.17765291035175323,-0.33643317222595215,-0.06457759439945221,26.698956817388535,23.640318036079407,0.4111735448241234,0.4677112028002739
194,435600.0,2.0416666666666665,-3.3000000000000114,22.19088898526212,22.185832977294922,1193.3784152534333,67.12899780273438,0.052629634737968445,-0.19268594682216644,-0.316087007522583,-0.07654431462287903,26.947351895272732,23.813260436058044,0.4036570265889168,0.4617278426885605
195,436500.0,2.0520833333333335,-3.4536562499999945,22.124682552139177,22.07859992980957,1207.9847943685704,66.1041030883789,0.06753218173980713,-0.21397508680820465,-0.31063908338546753,-0.09311182796955109,27.07402354478836,23.859567791223526,0.3930124565958977,0.45344408601522446
196,437400.0,2.0625,-3.528250000000014,22.105334967580973,22.035274505615234,1243.7988650188781,64.7105712890625,0.09705305099487305,-0.23193423449993134,-0.2891042232513428,-0.10813938081264496,27.32495093345642,24.042614102363586,0.38403288275003433,0.4459303095936775
197,438300.0,2.0729166666666665,-3.4887187499999754,22.10317001538607,22.01344871520996,1281.7104239952566,63.8389778137207,0.1278546303510666,-0.24611623585224152,-0.27249258756637573,-0.11641255021095276,27.586764357984066,24.183813005685806,0.37694188207387924,0.4417937248945236
198,439200.0,2.0833333333333335,-3.3000000000000114,22.1160964909771,22.016441345214844,1318.894533479378,63.153568267822266,0.16103680431842804,-0.26008081436157227,-0.25735780596733093,-0.12408135831356049,27.86881283670664,24.312458649277687,0.36995959281921387,0.43795932084321976
199,440100.0,2.09375,-2.7433734939759233,22.10377137619406,21.962366104125977,1332.539758123279,63.799739837646484,0.1633404642343521,-0.2565482258796692,-0.27578219771385193,-0.1136549562215805,27.888393945991993,24.15585131943226,0.3717258870601654,0.44317252188920975
200,441000.0,2.1041666666666665,-1.8156626506024054,22.13010461279464,22.0372371673584,1345.3488296507137,63.46028137207031,0.18518294394016266,-0.2692101001739502,-0.26526790857315063,-0.1256760060787201,28.074055023491383,24.24522277712822,0.3653949499130249,0.43716199696063995
201,441900.0,2.1145833333333335,-0.8051204819277018,22.19498487922658,22.188623428344727,1360.9911094203785,63.96861267089844,0.2143625169992447,-0.2825019359588623,-0.260894238948822,-0.13253118097782135,28.32208139449358,24.282398968935013,0.35874903202056885,0.4337344095110893
202,442800.0,2.125,0.0,22.27792150300536,22.34499168395996,1379.042721335673,64.96964263916016,0.24456153810024261,-0.2927910089492798,-0.26363900303840637,-0.13759899139404297,28.578773073852062,24.259068474173546,0.3536044955253601,0.4312005043029785
203,443700.0,2.1354166666666665,0.5383294371516172,22.175087223617595,22.35811996459961,1318.4135627131366,65.27912139892578,0.26603561639785767,-0.3524562120437622,-0.283272385597229,-0.19001244008541107,28.76130273938179,24.092184722423553,0.3237718939781189,0.40499377995729446
204,444600.0,2.1458333333333335,0.9208865311994145,22.222181989767137,22.421127319335938,1337.5559983447977,64.92097473144531,0.29736918210983276,-0.3640176057815552,-0.2762306332588196,-0.21102841198444366,29.02763804793358,24.152039617300034,0.3179911971092224,0.39448579400777817
205,445500.0,2.15625,1.1180003596475672,22.30902548593724,22.475379943847656,1369.9034785215983,65.16191864013672,0.3098036050796509,-0.3505318760871887,-0.2760363817214966,-0.21164251863956451,29.133330643177032,24.15369075536728,0.32473406195640564,0.39417874068021774
206,446400.0,2.1666666666666665,1.1000000000000227,22.39158856628677,22.499263763427734,1404.2786598927526,65.48918914794922,0.31121140718460083,-0.32750725746154785,-0.27948033809661865,-0.20440612733364105,29.145296961069107,24.12441712617874,0.3362463712692261,0.3977969363331795
207,447300.0,2.1770833333333335,0.42713724723159885,22.758973801149125,22.80793571472168,1580.5615848346538,63.252986907958984,0.39551812410354614,-0.28058940172195435,-0.1944589614868164,-0.18080805242061615,29.861904054880142,24.84709882736206,0.3597052991390228,0.4095959737896919
208,448200.0,2.1875,-0.8838529128551045,22.948720184168906,22.755125045776367,1702.8389619131012,64.92306518554688,0.40453189611434937,-0.213249072432518,-0.21138527989387512,-0.1149597018957138,29.93852111697197,24.70322512090206,0.393375463783741,0.4425201490521431
209,449100.0,2.1979166666666665,-2.17791661651421,22.99468566841682,22.52130889892578,1783.258529799609,64.5553207397461,0.3905870318412781,-0.1571512073278427,-0.2215839922428131,-0.06518930196762085,29.819989770650864,24.61653606593609,0.42142439633607864,0.4674053490161896
210,450000.0,2.2083333333333335,-2.8000000000000114,22.972823011708783,22.291458129882812,1830.968340545924,63.55331039428711,0.36590635776519775,-0.11102895438671112,-0.22242385149002075,-0.014757402241230011,29.61020404100418,24.609397262334824,0.44448552280664444,0.492621298879385
211,450900.0,2.21875,-2.7228474857685114,22.883856185396837,22.16228675842285,1825.1800032506462,62.915496826171875,0.3433126211166382,-0.100162073969841,-0.2221112698316574,0.016755007207393646,29.418157279491425,24.612054206430912,0.4499189630150795,0.5083775036036968
212,451800.0,2.2291666666666665,-2.4765180265654863,22.829602175648517,22.132917404174805,1828.3955836338916,63.90153884887695,0.32230091094970703,-0.08157923817634583,-0.23106496036052704,0.05669105052947998,29.23955774307251,24.53594783693552,0.4592103809118271,0.52834552526474
213,452700.0,2.2395833333333335,-2.241929554079718,22.765663080718525,22.057846069335938,1822.327916024221,65.99566650390625,0.2953740358352661,-0.06107763946056366,-0.25387006998062134,0.09388010203838348,29.010679304599762,24.34210440516472,0.46946118026971817,0.5469400510191917
214,453600.0,2.25,-2.1999999999999886,22.680920195863337,21.957246780395508,1808.5119066390084,67.84359741210938,0.2650446891784668,-0.042302533984184265,-0.27325424551963806,0.1201067864894867,28.752879858016968,24.177338913083076,0.47884873300790787,0.5600533932447433
215,454500.0,2.2604166666666665,-2.3355906072106336,22.36542105227602,21.633764266967773,1698.0717388363464,69.54179382324219,0.20556877553462982,-0.07144904136657715,-0.32730966806411743,0.09611812233924866,28.247334592044353,23.717867821455002,0.4642754793167114,0.5480590611696243
216,455400.0,2.2708333333333335,-2.4968690702087315,22.186328520815835,21.476285934448242,1665.0482610058802,68.66609954833984,0.17037077248096466,-0.07074609398841858,-0.3295612931251526,0.08992712199687958,27.9481515660882,23.698729008436203,0.4646269530057907,0.5449635609984398
217,456300.0,2.28125,-2.6597129981024636,22.02452648465288,21.309946060180664,1639.170428790617,69.89962768554688,0.12663696706295013,-0.051403388381004333,-0.34723740816116333,0.10667440295219421,27.576414220035076,23.54848203063011,0.47429830580949783,0.5533372014760971
218,457200.0,2.2916666666666665,-2.8000000000000114,21.86738826349938,21.22386932373047,1611.401774628522,71.12012481689453,0.08357498049736023,-0.031911700963974,-0.36249446868896484,0.1216491237282753,27.210387334227562,23.4187970161438,0.484044149518013,0.5608245618641376
219,458100.0,2.3020833333333335,-3.10241935483873,21.50178049545866,21.02374267578125,1488.283800272851,73.83236694335938,0.016016371548175812,-0.06911604106426239,-0.4303576946258545,0.0849476307630539,26.636139158159494,22.841959595680237,0.4654419794678688,0.542473815381527
220,459000.0,2.3125,-3.485483870967755,21.331715772030407,21.144224166870117,1445.1738504846332,74.60099029541016,-0.02147015556693077,-0.06945933401584625,-0.45038843154907227,0.0797141045331955,26.31750367768109,22.671698331832886,0.4652703329920769,0.5398570522665977
221,459900.0,2.3229166666666665,-3.5258064516128798,21.212642060168264,21.22751808166504,1389.3070956817376,80.96995544433594,-0.0737343579530716,-0.044483110308647156,-0.5100873708724976,0.10612542927265167,25.87325795739889,22.16425734758377,0.4777584448456764,0.5530627146363258
222,460800.0,2.3333333333333335,-2.8000000000000114,21.241004630882912,21.32940673828125,1280.9139021476803,88.13585662841797,-0.1275346279144287,-0.018891140818595886,-0.5582846999168396,0.12532982230186462,25.415955662727356,21.754580050706863,0.49055442959070206,0.5626649111509323
223,461700.0,2.34375,-1.5500000000000114,21.63899798080473,20.973268508911133,730.8884627551196,109.56183624267578,-0.3038697838783264,0.01098555326461792,-0.7042324542999268,0.12475458532571793,23.917106837034225,20.514024138450623,0.505492776632309,0.562377292662859
224,462600.0,2.3541666666666665,-0.30000000000001137,21.070395133853935,21.197437286376953,261.8864207933591,110.19922637939453,-0.5572032332420349,0.09521958231925964,-0.6866360306739807,0.10038624703884125,21.763772517442703,20.663593739271164,0.5476097911596298,0.5501931235194206
225,463500.0,2.3645833333333335,0.9499999999999886,21.068421061683864,21.18604850769043,82.8740485641658,134.62042236328125,-0.6189368367195129,0.07342603802680969,-0.7422090172767639,0.1330694556236267,21.23903688788414,20.191223353147507,0.5367130190134048,0.5665347278118134
226,464400.0,2.375,2.1999999999999886,21.018325798892988,21.313152313232422,75.96114707032736,149.5758819580078,-0.699817955493927,0.09729557484388351,-0.7487996220588684,0.14263787865638733,20.55154737830162,20.13520321249962,0.5486477874219418,0.5713189393281937
227,465300.0,2.3854166666666665,3.4499999999999886,20.806956609731458,20.98674964904785,160.32913878782736,208.19259643554688,-0.8144069910049438,0.13365107774734497,-0.870445966720581,0.19276843965053558,19.577540576457977,19.10120928287506,0.5668255388736725,0.5963842198252678
228,466200.0,2.3958333333333335,4.699999999999989,21.12677200433683,21.18495750427246,186.66032203832088,207.67727661132812,-0.8044507503509521,0.14139783382415771,-0.8369809985160828,0.18040050566196442,19.662168622016907,19.385661512613297,0.5706989169120789,0.5902002528309822
229,467100.0,2.40625,5.949999999999989,21.062740853164428,21.23684310913086,266.3745722433501,262.6114196777344,-0.8748419880867004,0.22617091238498688,-0.8851627707481384,0.22944959998130798,19.063843101263046,18.976116448640823,0.6130854561924934,0.614724799990654
230,468000.0,2.4166666666666665,7.199999999999989,21.3854241201538,21.405519485473633,298.00405351883035,301.8563232421875,-0.8626299500465393,0.248616024851799,-0.8951879739761353,0.2584805488586426,19.167645424604416,18.89090222120285,0.6243080124258995,0.6292402744293213
231,468900.0,2.4270833333333335,8.17828947368423,20.925564412014296,21.192277908325195,460.4534791695671,418.8483581542969,-1.0,0.45615971088409424,-0.9912365674972534,0.36913084983825684,18.0,18.074489176273346,0.7280798554420471,0.6845654249191284
232,469800.0,2.4375,8.742105263157896,21.53569470848464,21.39838981628418,449.6478605365458,428.4808044433594,-0.9277059435844421,0.4309333562850952,-0.9627112746238708,0.3808806538581848,18.614499479532242,18.316954165697098,0.7154666781425476,0.6904403269290924
233,470700.0,2.4479166666666665,9.084868421052647,21.241091894559474,21.402698516845703,605.0308177243264,510.9072265625,-1.0,0.6785424947738647,-1.0,0.45828497409820557,18.0,18.0,0.8392712473869324,0.7291424870491028
234,471600.0,2.4583333333333335,9.399999999999977,21.50650406800412,21.49610137939453,631.4715470640377,544.302001953125,-1.0,0.6492922306060791,-1.0,0.4920859932899475,18.0,18.0,0.8246461153030396,0.7460429966449738
235,472500.0,2.46875,9.726105416156656,21.58411492859068,21.594314575195312,722.122386056108,591.1397094726562,-1.0,0.7996022701263428,-1.0,0.5467037558555603,18.0,18.0,0.8998011350631714,0.7733518779277802
236,473400.0,2.4791666666666665,10.003824969400227,21.720994519171597,21.69765853881836,787.2873635953991,634.3572998046875,-1.0,0.874869704246521,-1.0,0.5917379260063171,18.0,18.0,0.9374348521232605,0.7958689630031586
237,474300.0,2.4895833333333335,10.279632037943713,21.832880353398878,21.79206657409668,860.6280114924492,675.302490234375,-1.0,0.9656953811645508,-1.0,0.6340829730033875,18.0,18.0,0.9828476905822754,0.8170414865016937
238,475200.0,2.5,10.600000000000023,21.998589294859812,21.878101348876953,912.2129383490859,712.23779296875,-1.0,1.0,-1.0,0.6708843111991882,18.0,18.0,1.0,0.8354421555995941
239,476100.0,2.5104166666666665,11.115739202657778,22.200716282465237,21.878198623657227,949.6182823188391,788.5496826171875,-1.0,1.0,-1.0,0.7812536358833313,18.0,18.0,1.0,0.8906268179416656
240,477000.0,2.5208333333333335,11.800498338870455,22.404875698512797,21.933897018432617,987.3841378704045,821.433837890625,-1.0,1.0,-1.0,0.8127852082252502,18.0,18.0,1.0,0.9063926041126251
241,477900.0,2.53125,12.435008305647841,22.601149500254678,22.01962661743164,1023.6776072224362,858.5125122070312,-1.0,1.0,-1.0,0.841315507888794,18.0,18.0,1.0,0.920657753944397
242,478800.0,2.5416666666666665,12.800000000000011,22.76946516987283,22.10218048095703,1054.7994785176604,895.986328125,-1.0,1.0,-1.0,0.8718981742858887,18.0,18.0,1.0,0.9359490871429443
243,479700.0,2.5520833333333335,12.73404910714288,22.902801818427463,22.25248908996582,1079.4712237691829,859.5518798828125,-1.0,1.0,-1.0,0.7883745431900024,18.0,18.0,1.0,0.8941872715950012
244,480600.0,2.5625,12.375321428571453,23.00276950493611,22.315509796142578,1097.9974002533143,859.3033447265625,-1.0,1.0,-1.0,0.7820223569869995,18.0,18.0,1.0,0.8910111784934998
245,481500.0,2.5729166666666665,11.953933035714272,23.07582446918076,22.324983596801758,1111.5660646194817,838.5404052734375,-1.0,1.0,-1.0,0.7620435357093811,18.0,18.0,1.0,0.8810217678546906
246,482400.0,2.5833333333333335,11.699999999999989,23.129753245387974,22.319272994995117,1121.6031075053834,803.1408081054688,-1.0,1.0,-1.0,0.7239657640457153,18.0,18.0,1.0,0.8619828820228577
247,483300.0,2.59375,11.667328124999983,23.17126276375285,22.44209098815918,1129.3304132743551,719.2529907226562,-1.0,1.0,-1.0,0.5822731256484985,18.0,18.0,1.0,0.7911365628242493
248,484200.0,2.6041666666666665,11.70637499999998,23.196714117780743,22.50878143310547,1134.0665935932193,704.2778930664062,-1.0,1.0,-1.0,0.5547550320625305,18.0,18.0,1.0,0.7773775160312653
249,485100.0,2.6145833333333335,11.74223437500001,23.20344360608692,22.547624588012695,1135.3237323252056,689.2603149414062,-1.0,1.0,-1.0,0.5312779545783997,18.0,18.0,1.0,0.7656389772891998
250,486000.0,2.625,11.699999999999989,23.183992913299505,22.578266143798828,1131.738109075922,670.3489990234375,-1.0,1.0,-1.0,0.503577709197998,18.0,18.0,1.0,0.751788854598999
251,486900.0,2.6354166666666665,11.497406506147513,23.302803133244538,22.65715789794922,1065.4370278095087,633.3199462890625,-1.0,0.8798046112060547,-1.0,0.43977051973342896,18.0,18.0,0.9399023056030273,0.7198852598667145
252,487800.0,2.6458333333333335,11.124334016393448,23.306139251508057,22.70000457763672,1026.736220406487,610.3350219726562,-1.0,0.8246844410896301,-1.0,0.4092223644256592,18.0,18.0,0.9123422205448151,0.7046111822128296
253,488700.0,2.65625,10.614094518442641,23.338985566924976,22.721946716308594,966.1022398196891,580.4510498046875,-1.0,0.7299080491065979,-1.0,0.37321507930755615,18.0,18.0,0.864954024553299,0.6866075396537781
254,489600.0,2.6666666666666665,10.0,23.33517370221705,22.733549118041992,904.5820244053659,546.1567993164062,-1.0,0.6399425268173218,-1.0,0.33303821086883545,18.0,18.0,0.8199712634086609,0.6665191054344177
255,490500.0,2.6770833333333335,8.958691939890684,23.778925382690375,23.17001724243164,730.4417258943681,445.2593688964844,-0.9577616453170776,0.35075679421424866,-0.8775602579116821,0.2742898464202881,18.35902601480484,19.040737807750702,0.6753783971071243,0.637144923210144
256,491400.0,2.6875,7.461429872495444,23.397944547518705,22.999345779418945,716.9225375308453,479.817138671875,-1.0,0.33317965269088745,-0.9450148344039917,0.30856865644454956,18.0,18.46737390756607,0.6665898263454437,0.6542843282222748
257,492300.0,2.6979166666666665,5.983452868852453,23.51421054492465,22.98279571533203,610.1228016206211,398.7438049316406,-0.9611926078796387,0.19517257809638977,-0.8999340534210205,0.24926809966564178,18.32986283302307,18.850560545921326,0.5975862890481949,0.6246340498328209
258,493200.0,2.7083333333333335,5.0,23.15190640446002,22.777889251708984,604.7008263659902,364.9283447265625,-1.0,0.19188138842582703,-0.9042658805847168,0.2350868582725525,18.0,18.813740015029907,0.5959406942129135,0.6175434291362762
259,494100.0,2.71875,4.666365131578971,23.360426105873216,22.70721435546875,510.54165581892784,303.41656494140625,-0.9241821765899658,0.10349550098180771,-0.8551408648490906,0.19091489911079407,18.64445149898529,19.23130264878273,0.5517477504909039,0.595457449555397
260,495000.0,2.7291666666666665,4.6380847953216175,22.961913646219728,22.564861297607422,534.0522976933183,279.7341003417969,-0.9816805124282837,0.13067808747291565,-0.8414708971977234,0.1773185431957245,18.15571564435959,19.34749737381935,0.5653390437364578,0.5886592715978622
261,495900.0,2.7395833333333335,4.640762061403507,23.255735599763852,22.43413543701172,445.06264763628053,249.43374633789062,-0.8864077925682068,0.05689964443445206,-0.8090683221817017,0.15339739620685577,18.965533763170242,19.622919261455536,0.528449822217226,0.5766986981034279
262,496800.0,2.75,4.399999999999977,22.81447564003986,22.31001853942871,484.0486299287978,223.63548278808594,-0.9587345123291016,0.10196265578269958,-0.7778648138046265,0.1356210708618164,18.350756645202637,19.888149082660675,0.5509813278913498,0.5678105354309082
263,497700.0,2.7604166666666665,3.7061602870813317,22.802975695749694,22.425844192504883,299.5577211065354,178.4448699951172,-0.7868452072143555,0.003833182156085968,-0.6871474981307983,0.10294606536626816,19.81181573867798,20.659246265888214,0.501916591078043,0.5514730326831341
264,498600.0,2.7708333333333335,2.7787081339712927,22.622760935424765,22.38765525817871,279.5318544115802,172.8541259765625,-0.7721057534217834,0.030352555215358734,-0.6935848593711853,0.11397363990545273,19.93710109591484,20.604528695344925,0.5151762776076794,0.5569868199527264
265,499500.0,2.78125,1.986901913875613,22.57943615394703,22.3369140625,238.78565115187033,155.72882080078125,-0.7289032936096191,0.024606868624687195,-0.6816361546516418,0.104840949177742,20.304322004318237,20.706092685461044,0.5123034343123436,0.552420474588871
266,500400.0,2.7916666666666665,1.6999999999999886,22.432398186935075,22.290449142456055,221.92303709178015,142.0492706298828,-0.7214536070823669,0.036471083760261536,-0.6714959144592285,0.09830644726753235,20.36764433979988,20.792284727096558,0.5182355418801308,0.5491532236337662
267,501300.0,2.8020833333333335,1.8022727272727366,22.438685663272736,22.29242706298828,191.0151227016295,133.82032775878906,-0.6759938597679138,0.060825202614068985,-0.6496548652648926,0.12136395275592804,20.754052191972733,20.977933645248413,0.5304126013070345,0.560681976377964
268,502200.0,2.8125,1.9257575757575864,22.33616757039556,22.349178314208984,180.2992478798664,129.26271057128906,-0.6724151372909546,0.07154959440231323,-0.6436295509338379,0.1183605045080185,20.784471333026886,21.029148817062378,0.5357747972011566,0.5591802522540092
269,503100.0,2.8229166666666665,2.0613636363636374,22.335512448086945,22.38077735900879,155.84216463914007,128.49473571777344,-0.6453041434288025,0.06360801309347153,-0.6510472893714905,0.1169959083199501,21.01491478085518,20.96609804034233,0.5318040065467358,0.558497954159975
270,504000.0,2.8333333333333335,2.1999999999999886,22.258420873784644,22.403379440307617,145.2712092875616,126.363037109375,-0.6412088871002197,0.06596345454454422,-0.6535951495170593,0.11151689291000366,21.049724459648132,20.944441229104996,0.5329817272722721,0.5557584464550018
271,504900.0,2.84375,2.3467400568181915,22.154473887948996,22.338600158691406,136.89803183890447,128.26461791992188,-0.6454248428344727,0.05669069290161133,-0.6791712641716003,0.10490758717060089,21.013888835906982,20.727044254541397,0.5283453464508057,0.5524537935853004
272,505800.0,2.8541666666666665,2.5041856060606165,22.133146575537353,22.342777252197266,116.90943194740046,122.36241912841797,-0.6261040568351746,0.04508413374423981,-0.6692851781845093,0.09039238095283508,21.178115516901016,20.81107598543167,0.5225420668721199,0.5451961904764175
273,506700.0,2.8645833333333335,2.6595383522727047,22.070774384951847,22.345468521118164,104.35151025519485,119.70384216308594,-0.6190750598907471,0.039969585835933685,-0.6669378280639648,0.08228395879268646,21.23786199092865,20.8310284614563,0.5199847929179668,0.5411419793963432
274,507600.0,2.875,2.8000000000000114,22.05347568502566,22.35948371887207,86.1620031521406,116.65870666503906,-0.6008524894714355,0.027430318295955658,-0.6617796421051025,0.07156091928482056,21.392753839492798,20.87487304210663,0.5137151591479778,0.5357804596424103
275,508500.0,2.8854166666666665,2.4551785714285757,22.11624695736475,22.501605987548828,56.16128213624805,108.74922180175781,-0.5591907501220703,0.004288658499717712,-0.6262770891189575,0.047016069293022156,21.746878623962402,21.17664474248886,0.5021443292498589,0.5235080346465111
276,509400.0,2.8958333333333335,1.518392857142885,22.001532530070904,22.444665908813477,44.40604947652878,109.06805419921875,-0.5582383275032043,0.00012978911399841309,-0.6390891671180725,0.04590067267417908,21.754974216222763,21.067742079496384,0.5000648945569992,0.5229503363370895
277,510300.0,2.90625,0.5224107142857406,21.95534585708191,22.337961196899414,26.011638808461296,101.20487213134766,-0.5325416326522827,-0.01769249141216278,-0.6238725185394287,0.0290708988904953,21.973396122455597,21.197083592414856,0.4911537542939186,0.5145354494452477
278,511200.0,2.9166666666666665,0.0,21.855687034742857,22.22132110595703,75.134040635174,93.36199188232422,-0.5247690081596375,-0.026249662041664124,-0.6016629338264465,0.01134231686592102,22.03946343064308,21.385865062475204,0.48687516897916794,0.5056711584329605
279,512100.0,2.9270833333333335,0.022979910714298057,21.88172517632148,22.18130111694336,163.43480082830206,88.49886322021484,-0.4881480932235718,-0.012973390519618988,-0.5668457746505737,0.023937761783599854,22.35074120759964,21.681810915470123,0.4935133047401905,0.5119688808917999
280,513000.0,2.9375,0.26098214285713084,21.86690224100448,22.23286247253418,218.60734050543152,85.91171264648438,-0.4672752618789673,-0.025273770093917847,-0.5483852028846741,0.010719150304794312,22.528160274028778,21.83872577548027,0.4873631149530411,0.5053595751523972
281,513900.0,2.9479166666666665,0.6434933035714039,21.88585693241771,22.287811279296875,279.90644049283094,85.83902740478516,-0.4382302761077881,-0.04661323130130768,-0.5467902421951294,-0.0003962963819503784,22.7750426530838,21.8522829413414,0.47669338434934616,0.4998018518090248
282,514800.0,2.9583333333333335,1.1000000000000227,21.90701150885451,22.360719680786133,331.10171056422274,85.97416687011719,-0.41201072931289673,-0.06702624261379242,-0.545016884803772,-0.014566794037818909,22.997908800840378,21.86735647916794,0.4664868786931038,0.49271660298109055
283,515700.0,2.96875,1.877851562499984,21.747656810142928,22.229982376098633,286.1185863120359,91.0408706665039,-0.44559764862060547,-0.0918775349855423,-0.6050900816917419,-0.030667737126350403,22.712419986724854,21.356734305620193,0.45406123250722885,0.4846661314368248
284,516600.0,2.9791666666666665,2.9792708333333167,21.791837256381825,22.332721710205078,318.53915595151005,88.88439178466797,-0.42159849405288696,-0.12277303636074066,-0.587239146232605,-0.06236037611961365,22.91641280055046,21.508467257022858,0.43861348181962967,0.4688198119401932
285,517500.0,2.9895833333333335,3.966054687499991,21.82605619159517,22.447511672973633,332.05265730368563,91.52873229980469,-0.4081421494483948,-0.14217962324619293,-0.5918074250221252,-0.07591566443443298,23.030791729688644,21.469636887311935,0.42891018837690353,0.4620421677827835
286,518400.0,3.0,4.399999999999977,21.871459282723265,22.54694175720215,357.36741147178753,93.56256103515625,-0.3866451382637024,-0.16592861711978912,-0.5924449563026428,-0.0930749773979187,23.21351632475853,21.464217871427536,0.41703569144010544,0.45346251130104065
287,519300.0,3.0104166666666665,3.8798828125,22.157422426370715,22.822221755981445,512.0566465376006,88.34314727783203,-0.28230592608451843,-0.1652788370847702,-0.5066928267478943,-0.0935458093881607,24.100399628281593,22.1931109726429,0.4173605814576149,0.45322709530591965
288,520200.0,3.0208333333333335,2.6848958333333144,22.172834098552244,22.798120498657227,571.7593102273468,88.80384063720703,-0.2521202564239502,-0.16840364038944244,-0.5079622268676758,-0.08784198760986328,24.356977820396423,22.182321071624756,0.4157981798052788,0.45607900619506836
289,521100.0,3.03125,1.3974609375,22.163197791124617,22.659378051757812,642.183508036091,84.09156799316406,-0.2138681709766388,-0.18702878057956696,-0.4887743592262268,-0.10363949835300446,24.68212054669857,22.345417946577072,0.4064856097102165,0.44818025082349777
290,522000.0,3.0416666666666665,0.6000000000000227,22.140670483450947,22.488332748413086,701.5655118229643,78.79922485351562,-0.18266476690769196,-0.20093752443790436,-0.459608256816864,-0.11981576681137085,24.94734948128462,22.593329817056656,0.3995312377810478,0.4400921165943146
291,522900.0,3.0520833333333335,0.2447368421052829,22.3084683309782,22.512645721435547,818.6603379258353,73.5928955078125,-0.11271170526742935,-0.18924038112163544,-0.3837769627571106,-0.11294838786125183,25.54195050522685,23.23789581656456,0.4053798094391823,0.4435258060693741
292,523800.0,3.0625,-0.08903508771931001,22.342614684563102,22.500680923461914,875.6489721107783,72.14066314697266,-0.07987077534198761,-0.19295622408390045,-0.35804980993270874,-0.10958684980869293,25.821098409593105,23.456576615571976,0.4035218879580498,0.44520657509565353
293,524700.0,3.0729166666666665,-0.3782894736842195,22.36423099331728,22.463294982910156,932.1804296121018,70.59876251220703,-0.04126250743865967,-0.20921282470226288,-0.3378451466560364,-0.11615554988384247,26.149268686771393,23.62831625342369,0.39539358764886856,0.44192222505807877
294,525600.0,3.0833333333333335,-0.6000000000000227,22.3825135142842,22.42653465270996,984.5455712925092,69.06755828857422,-0.004609793424606323,-0.22389747202396393,-0.3180634677410126,-0.1245298981666565,26.460816755890846,23.796460524201393,0.38805126398801804,0.43773505091667175
295,526500.0,3.09375,-0.7429605263158123,22.40588548634622,22.410486221313477,1032.265416693928,67.37237548828125,0.037158846855163574,-0.2464955598115921,-0.29455530643463135,-0.14039582014083862,26.81585019826889,23.996279895305634,0.37675222009420395,0.4298020899295807
296,527400.0,3.1041666666666665,-0.842631578947362,22.43647554232774,22.400033950805664,1079.027758067468,66.29249572753906,0.07413403689861298,-0.25937461853027344,-0.27779415249824524,-0.14667631685733795,27.13013931363821,24.138749703764915,0.3703126907348633,0.426661841571331
297,528300.0,3.1145833333333335,-0.945986842105242,22.463479730184247,22.392635345458984,1122.7054590330438,65.43250274658203,0.1068461537361145,-0.2680944800376892,-0.2645947337150574,-0.15040142834186554,27.408192306756973,24.250944763422012,0.3659527599811554,0.42479928582906723
298,529200.0,3.125,-1.1000000000000227,22.486550673557304,22.381729125976562,1165.577015146662,64.70301818847656,0.13609549403190613,-0.2729784846305847,-0.25448065996170044,-0.15173889696598053,27.656811699271202,24.336914390325546,0.36351075768470764,0.42413055151700974
299,530100.0,3.1354166666666665,-1.4674999999999727,22.62458801679128,22.489879608154297,1262.6272264594634,63.138267517089844,0.19883345067501068,-0.2680508494377136,-0.20967401564121246,-0.14711140096187592,28.19008433073759,24.717770867049694,0.3659745752811432,0.42644429951906204
300,531000.0,3.1458333333333335,-2.0266666666666424,22.69681336340011,22.45568084716797,1334.6598017184128,63.01601028442383,0.2302069216966629,-0.252438485622406,-0.20749540627002716,-0.12725111842155457,28.456758834421635,24.73628904670477,0.373780757188797,0.4363744407892227
301,531900.0,3.15625,-2.5475000000000136,22.74679820245933,22.365612030029297,1401.3935725290687,62.240413665771484,0.2501586675643921,-0.23120857775211334,-0.2027524709701538,-0.11266586184501648,28.626348674297333,24.776603996753693,0.38439571112394333,0.44366706907749176
302,532800.0,3.1666666666666665,-2.8000000000000114,22.800785847452516,22.28367805480957,1463.4765549973572,61.48847198486328,0.2597302794456482,-0.20128728449344635,-0.1974848359823227,-0.09285733103752136,28.70770737528801,24.821378894150257,0.3993563577532768,0.4535713344812393
303,533700.0,3.1770833333333335,-2.7296875000000114,22.79314289613285,22.214147567749023,1483.2085595950489,60.6356315612793,0.2661309242248535,-0.19891150295734406,-0.19507792592048645,-0.09613311290740967,28.762112855911255,24.841837629675865,0.400544248521328,0.45193344354629517
304,534600.0,3.1875,-2.5208333333333144,22.862466260490294,22.2434139251709,1524.8096038615843,60.67054748535156,0.26860886812210083,-0.17024265229701996,-0.1936919391155243,-0.07307982444763184,28.783175379037857,24.853618517518044,0.41487867385149,0.4634600877761841
305,535500.0,3.1979166666666665,-2.3015624999999886,22.919743471863455,22.265674591064453,1553.871585224142,61.8207893371582,0.2561207413673401,-0.13131959736347198,-0.207558274269104,-0.034744441509246826,28.67702630162239,24.735754668712616,0.434340201318264,0.4826277792453766
306,536400.0,3.2083333333333335,-2.1999999999999886,22.936027150464326,22.26399803161621,1568.227014159312,63.302242279052734,0.23561756312847137,-0.09429985284805298,-0.22507540881633759,0.004909627139568329,28.502749286592007,24.58685902506113,0.4528500735759735,0.5024548135697842
307,537300.0,3.21875,-2.1999999999999886,22.844082945992568,22.18461799621582,1547.0349317911118,64.40025329589844,0.21035896241664886,-0.08674986660480499,-0.24710625410079956,0.021172046661376953,28.288051180541515,24.399596840143204,0.4566250666975975,0.5105860233306885
308,538200.0,3.2291666666666665,-2.1999999999999886,22.771852774215233,22.10318374633789,1546.2830354553257,65.42388153076172,0.1863485425710678,-0.0652589350938797,-0.2621259093284607,0.04919504001736641,28.083962611854076,24.271929770708084,0.46737053245306015,0.5245975200086832
309,539100.0,3.2395833333333335,-2.1999999999999886,22.6780290675772,21.9913330078125,1539.7589846095332,66.84688568115234,0.1556321233510971,-0.03991934657096863,-0.27983129024505615,0.08108468353748322,27.822873048484325,24.121434032917023,0.4800403267145157,0.5405423417687416
310,540000.0,3.25,-2.1999999999999886,22.565588722758548,21.855722427368164,1526.7770620627969,68.23597717285156,0.1228039562702179,-0.017178818583488464,-0.2962016463279724,0.10866837203502655,27.543833628296852,23.982286006212234,0.49141059070825577,0.5543341860175133
311,540900.0,3.2604166666666665,-2.1999999999999886,22.360098434424515,21.639047622680664,1475.5504617716103,69.62381744384766,0.0778878927230835,-0.01582004874944687,-0.32493406534194946,0.11440879851579666,27.16204708814621,23.73806044459343,0.49208997562527657,0.5572043992578983
312,541800.0,3.2708333333333335,-2.1999999999999886,22.2076804624092,21.494991302490234,1451.4995765074743,70.15963745117188,0.04342208802700043,-0.003469027578830719,-0.334184467792511,0.12367156147956848,26.869087748229504,23.659432023763657,0.49826548621058464,0.5618357807397842
313,542700.0,3.28125,-2.1999999999999886,22.05391058682693,21.365890502929688,1426.4672373260992,71.68863677978516,0.005543932318687439,0.01485355943441391,-0.35022473335266113,0.13968662917613983,26.547123424708843,23.52308976650238,0.507426779717207,0.5698433145880699
314,543600.0,3.2916666666666665,-2.1999999999999886,21.902664560860785,21.30733299255371,1400.2764609292587,73.5442123413086,-0.031333208084106445,0.03231531381607056,-0.3677746057510376,0.15411898493766785,26.233667731285095,23.37391585111618,0.5161576569080353,0.5770594924688339
315,544500.0,3.3020833333333335,-2.08935546875,21.519950222283285,21.079565048217773,1269.4591143481914,78.4642105102539,-0.11467970162630081,0.011325657367706299,-0.4504685401916504,0.13243764638900757,25.525222536176443,22.67101740837097,0.5056628286838531,0.5662188231945038
316,545400.0,3.3125,-1.8132812499999886,21.380001335716827,21.27981185913086,1216.5805851507844,79.715576171875,-0.15110842883586884,0.011286988854408264,-0.46723926067352295,0.12302745133638382,25.215578354895115,22.528466284275055,0.5056434944272041,0.5615137256681919
317,546300.0,3.3229166666666665,-1.45556640625,21.283449387336873,21.442378997802734,1143.5754383981307,89.66862487792969,-0.19930939376354218,0.03254202753305435,-0.5318179130554199,0.14826452732086182,24.80587015300989,21.97954773902893,0.5162710137665272,0.5741322636604309
318,547200.0,3.3333333333333335,-1.1000000000000227,21.30848765676103,21.56122589111328,1025.9674801194435,101.01669311523438,-0.2482585459947586,0.05472388491034508,-0.5860092043876648,0.1667187660932541,24.389802359044552,21.51892176270485,0.5273619424551725,0.583359383046627
319,548100.0,3.34375,-0.7584960937500114,21.796095652246834,21.364530563354492,549.8661353769286,118.68885803222656,-0.3652576804161072,0.06427474319934845,-0.68023681640625,0.1618250459432602,23.39530971646309,20.717987060546875,0.5321373715996742,0.5809125229716301
320,549000.0,3.3541666666666665,-0.37421875000001137,21.22512708839838,21.422500610351562,127.2561830763693,121.874267578125,-0.5887720584869385,0.14345864951610565,-0.6831791400909424,0.15383478999137878,21.495437502861023,20.69297730922699,0.5717293247580528,0.5769173949956894
321,549900.0,3.3645833333333335,0.07216796875002274,21.285426222324872,21.36623764038086,46.084515608375426,136.86386108398438,-0.6304355263710022,0.12740515172481537,-0.7149372696876526,0.17407327890396118,21.14129802584648,20.423033207654953,0.5637025758624077,0.5870366394519806
322,550800.0,3.375,0.6000000000000227,21.239507549784605,21.387264251708984,108.36155320396813,146.8078155517578,-0.7025739550590515,0.14864584803581238,-0.7223691344261169,0.18401268124580383,20.528121381998062,20.359862357378006,0.5743229240179062,0.5920063406229019
323,551700.0,3.3854166666666665,1.3726207386363853,21.17715916560377,21.11837387084961,174.7121770529069,180.60726928710938,-0.7805004119873047,0.1613924354314804,-0.8061509132385254,0.20784077048301697,19.86574649810791,19.647717237472534,0.5806962177157402,0.6039203852415085
324,552600.0,3.3958333333333335,2.401988636363626,21.435295262213344,21.236520767211914,213.02163145056196,181.31985473632812,-0.7897731065750122,0.17023764550685883,-0.784123957157135,0.19929662346839905,19.786928594112396,19.834946364164352,0.5851188227534294,0.5996483117341995
325,553500.0,3.40625,3.4803622159091105,21.514308425754905,21.321989059448242,281.0647510349968,214.8033447265625,-0.8396287560462952,0.21705938875675201,-0.8148061037063599,0.2253189980983734,19.36315557360649,19.57414811849594,0.608529694378376,0.6126594990491867
326,554400.0,3.4166666666666665,4.399999999999977,21.745325380993904,21.475988388061523,325.7803351098827,246.87777709960938,-0.8496471047401428,0.24501670897006989,-0.8303573131561279,0.2453109174966812,19.277999609708786,19.441962838172913,0.6225083544850349,0.6226554587483406
327,555300.0,3.4270833333333335,5.193075284090924,21.615864437788673,21.425146102905273,432.41302769065334,312.341552734375,-0.9352501630783081,0.34135615825653076,-0.8982781767845154,0.29286104440689087,18.55037361383438,18.86463549733162,0.6706780791282654,0.6464305222034454
328,556200.0,3.4375,5.935511363636351,21.965974120063947,21.57687759399414,464.1103519836445,334.27703857421875,-0.9164807796478271,0.36053383350372314,-0.8937529921531677,0.30635374784469604,18.70991337299347,18.903099566698074,0.6802669167518616,0.653176873922348
329,557100.0,3.4479166666666665,6.485191761363637,21.827117149228343,21.677719116210938,575.921049092624,386.0702209472656,-0.9881453514099121,0.4714031219482422,-0.9213962554931641,0.34134769439697266,18.100764513015747,18.668131828308105,0.7357015609741211,0.6706738471984863
330,558000.0,3.4583333333333335,6.699999999999989,22.210019839378447,21.791093826293945,593.1241792983724,426.5266418457031,-0.9552142024040222,0.4778282046318054,-0.9346714019775391,0.36996108293533325,18.38067927956581,18.555293083190918,0.7389141023159027,0.6849805414676666
331,558900.0,3.46875,6.699999999999989,22.085138677212285,21.799238204956055,709.2092973598982,475.9400634765625,-1.0,0.6295878887176514,-0.9629815220832825,0.41146475076675415,18.0,18.3146570622921,0.8147939443588257,0.7057323753833771
332,559800.0,3.4791666666666665,6.699999999999989,22.303870707763224,21.86547088623047,744.2572462976973,491.86737060546875,-1.0,0.6332111954689026,-0.9617107510566711,0.4278411269187927,18.0,18.325458616018295,0.8166055977344513,0.7139205634593964
333,560700.0,3.4895833333333335,6.699999999999989,22.394179343163387,21.90605354309082,815.6127746564264,516.5091552734375,-1.0,0.730988621711731,-0.971197247505188,0.44754308462142944,18.0,18.244823396205902,0.8654943108558655,0.7237715423107147
334,561600.0,3.5,6.699999999999989,22.528679506081062,21.958106994628906,868.4849723733419,531.996826171875,-1.0,0.7815834879875183,-0.9731111526489258,0.460282564163208,18.0,18.22855520248413,0.8907917439937592,0.730141282081604
335,562500.0,3.5104166666666665,6.699999999999989,22.667359192875608,22.029403686523438,912.699195169393,541.9859619140625,-1.0,0.8148674368858337,-0.9697659015655518,0.4684182405471802,18.0,18.25698983669281,0.9074337184429169,0.7342091202735901
336,563400.0,3.5208333333333335,6.699999999999989,22.764231907456576,22.068058013916016,960.5886465939544,556.6661987304688,-1.0,0.8627824783325195,-0.9743305444717407,0.47881484031677246,18.0,18.218190371990204,0.9313912391662598,0.7394074201583862
337,564300.0,3.53125,6.699999999999989,22.854814019812352,22.110437393188477,999.5407628159018,561.709716796875,-1.0,0.8972066044807434,-0.9720180034637451,0.4821438789367676,18.0,18.237846970558167,0.9486033022403717,0.7410719394683838
338,565200.0,3.5416666666666665,6.699999999999989,22.928783865728747,22.143091201782227,1031.9550883837542,565.1910400390625,-1.0,0.9252716898918152,-0.9705827832221985,0.483694851398468,18.0,18.250046342611313,0.9626358449459076,0.741847425699234
339,566100.0,3.5520833333333335,6.875097656249977,23.001823683159785,22.125869750976562,1059.7682968250674,573.265380859375,-1.0,0.9462687373161316,-0.9774484634399414,0.49024903774261475,18.0,18.191688060760498,0.9731343686580658,0.7451245188713074
340,567000.0,3.5625,7.258593749999989,23.083280244671755,22.174646377563477,1083.2917740485454,563.5878295898438,-1.0,0.9586315155029297,-0.9649693965911865,0.47999465465545654,18.0,18.297760128974915,0.9793157577514648,0.7399973273277283
341,567900.0,3.5729166666666665,7.637792968749977,23.156220164854744,22.227054595947266,1104.120691767636,568.91650390625,-1.0,0.9691147208213806,-0.9645110368728638,0.4773264527320862,18.0,18.301656186580658,0.9845573604106903,0.7386632263660431
342,568800.0,3.5833333333333335,7.800000000000011,23.219677887690352,22.282236099243164,1117.2180433267097,571.8244018554688,-1.0,0.9712193012237549,-0.9629257917404175,0.4730963706970215,18.0,18.31513077020645,0.9856096506118774,0.7365481853485107
343,569700.0,3.59375,7.742030400815224,23.398538280410207,22.441280364990234,1078.8782270986906,546.712646484375,-1.0,0.8752669095993042,-0.9292445182800293,0.4528541564941406,18.0,18.60142159461975,0.9376334547996521,0.7264270782470703
344,570600.0,3.6041666666666665,7.612601902173935,23.437647894500913,22.4356746673584,1079.1442795966198,557.831787109375,-1.0,0.8663454651832581,-0.9455257654190063,0.45936477184295654,18.0,18.463030993938446,0.933172732591629,0.7296823859214783
345,571500.0,3.6145833333333335,7.42687245244565,23.50891285568082,22.45180892944336,1060.1094687406498,533.9496459960938,-1.0,0.8234429359436035,-0.9319392442703247,0.44053781032562256,18.0,18.57851642370224,0.9117214679718018,0.7202689051628113
346,572400.0,3.625,7.199999999999989,23.547275999316298,22.435192108154297,1042.6407714965283,516.4378051757812,-1.0,0.7904163002967834,-0.92827969789505,0.42635101079940796,18.0,18.609622567892075,0.8952081501483917,0.713175505399704
347,573300.0,3.6354166666666665,6.952717391304361,23.767962064770302,22.607913970947266,965.5070940541453,462.8269348144531,-1.0,0.6333349347114563,-0.8656507730484009,0.39905279874801636,18.0,19.141968429088593,0.8166674673557281,0.6995263993740082
348,574200.0,3.6458333333333335,6.691304347826076,23.770585915639288,22.58269500732422,944.2090692819363,469.1657409667969,-1.0,0.6024781465530396,-0.8859795331954956,0.40491485595703125,18.0,18.969173967838287,0.8012390732765198,0.7024574279785156
349,575100.0,3.65625,6.409239130434798,23.808232683746382,22.59189796447754,900.0338013000292,437.7460632324219,-1.0,0.5310132503509521,-0.8718457221984863,0.3755500316619873,18.0,19.089311361312866,0.7655066251754761,0.6877750158309937
350,576000.0,3.6666666666666665,6.100000000000023,23.76659453687165,22.57415008544922,854.6110411272651,416.2733154296875,-1.0,0.47283047437667847,-0.8713714480400085,0.35197657346725464,18.0,19.093342691659927,0.7364152371883392,0.6759882867336273
351,576900.0,3.6770833333333335,5.748828124999989,23.796026325955438,22.757858276367188,774.7410169665551,363.577880859375,-1.0,0.34668806195259094,-0.8079730272293091,0.3220961093902588,18.0,19.632229268550873,0.6733440309762955,0.6610480546951294
352,577800.0,3.6875,5.346875000000011,23.66060072810137,22.74266815185547,721.8244694252022,366.1251220703125,-1.0,0.2900146245956421,-0.8319730162620544,0.32118159532546997,18.0,19.428229361772537,0.645007312297821,0.660590797662735
353,578700.0,3.6979166666666665,4.896484375,23.56112157888873,22.752769470214844,663.9164053064956,336.374267578125,-0.9934707880020142,0.22557830810546875,-0.8236691951751709,0.2841671109199524,18.05549830198288,19.498811841011047,0.6127891540527344,0.6420835554599762
354,579600.0,3.7083333333333335,4.399999999999977,23.449833363354912,22.70768165588379,617.2891335725304,315.84765625,-0.9827485084533691,0.1850663423538208,-0.8267016410827637,0.25832128524780273,18.146637678146362,19.47303605079651,0.5925331711769104,0.6291606426239014
355,580500.0,3.71875,3.7835937500000227,23.678096904568406,22.861703872680664,521.6202671371981,260.147705078125,-0.8810552358627319,0.13505573570728302,-0.741623044013977,0.23277433216571808,19.01103049516678,20.196204125881195,0.5675278678536415,0.616387166082859
356,581400.0,3.7291666666666665,3.0500000000000114,23.32599067393096,22.696680068969727,529.7578830403183,255.76365661621094,-0.9171926379203796,0.16007640957832336,-0.754143476486206,0.24054037034511566,18.703862577676773,20.08978044986725,0.5800382047891617,0.6202701851725578
357,582300.0,3.7395833333333335,2.31640625,23.51376560463973,22.497314453125,447.7834706721271,215.39381408691406,-0.8330426216125488,0.10511206090450287,-0.713189959526062,0.2096872180700302,19.419137716293335,20.437885344028473,0.5525560304522514,0.6048436090350151
358,583200.0,3.75,1.6999999999999886,23.14112969158117,22.27988052368164,465.79636670021523,180.9091796875,-0.8815512657165527,0.13515605032444,-0.6702874898910522,0.18861322104930878,19.0068142414093,20.802556335926056,0.56757802516222,0.5943066105246544
359,584100.0,3.7604166666666665,1.1941406249999886,22.957994797239905,22.29899024963379,307.49172857279274,141.8544464111328,-0.7434431314468384,0.08865143358707428,-0.5727805495262146,0.17621125280857086,20.180733382701874,21.631365329027176,0.5443257167935371,0.5881056264042854
360,585000.0,3.7708333333333335,0.7281249999999773,22.91480576883589,22.303281784057617,266.18909379902067,132.50491333007812,-0.6951392292976379,0.10369083285331726,-0.5587016344070435,0.18001972138881683,20.591316550970078,21.75103610754013,0.5518454164266586,0.5900098606944084
361,585900.0,3.78125,0.32304687499998863,22.765603996259927,22.317655563354492,246.42511134704665,124.77108001708984,-0.6851466298103333,0.11886454373598099,-0.5538562536239624,0.17449115216732025,20.676253646612167,21.79222184419632,0.5594322718679905,0.5872455760836601
362,586800.0,3.7916666666666665,0.0,22.719901635957,22.32683753967285,212.61700246517478,119.370849609375,-0.6528168320655823,0.11626212298870087,-0.5554566383361816,0.17025311291217804,20.95105692744255,21.778618574142456,0.5581310614943504,0.585126556456089
363,587700.0,3.8020833333333335,-0.27499999999997726,22.736478662665093,22.445178985595703,174.7941835725743,109.84381866455078,-0.6047928929328918,0.12873013317584991,-0.5197137594223022,0.17086781561374664,21.35926041007042,22.08243304491043,0.564365066587925,0.5854339078068733
364,588600.0,3.8125,-0.5500000000000114,22.62461670535623,22.46379852294922,157.7111627832321,109.23443603515625,-0.5965665578842163,0.13850125670433044,-0.5299630761146545,0.1762094497680664,21.42918425798416,21.995313853025436,0.5692506283521652,0.5881047248840332
365,589500.0,3.8229166666666665,-0.8249999999999886,22.592194492069268,22.44925880432129,128.57796177726615,105.53386688232422,-0.5689973831176758,0.13230663537979126,-0.5295587778091431,0.17096002399921417,21.663522243499756,21.998750388622284,0.5661533176898956,0.5854800119996071
366,590400.0,3.8333333333333335,-1.1000000000000227,22.492326526709746,22.41667366027832,111.37509154192676,101.30452728271484,-0.5610615611076355,0.13435426354408264,-0.5246782898902893,0.16445812582969666,21.7309767305851,22.04023453593254,0.5671771317720413,0.5822290629148483
367,591300.0,3.84375,-1.375,22.54729798109389,22.46259307861328,73.47722042024027,94.2879409790039,-0.5129726529121399,0.127730131149292,-0.490109384059906,0.1575385332107544,22.13973245024681,22.3340702354908,0.563865065574646,0.5787692666053772
368,592200.0,3.8541666666666665,-1.6499999999999773,22.426758890904125,22.427505493164062,63.353498825523715,92.11751556396484,-0.5149316787719727,0.1340760737657547,-0.48683416843414307,0.15587209165096283,22.123080730438232,22.361909568309784,0.5670380368828773,0.5779360458254814
369,593100.0,3.8645833333333335,-1.9250000000000114,22.421821634036064,22.38455581665039,36.886140028162885,88.34944915771484,-0.4871216416358948,0.12078844010829926,-0.47431689500808716,0.14577439427375793,22.359466046094894,22.46830639243126,0.5603942200541496,0.572887197136879
370,594000.0,3.875,-2.1999999999999886,22.32618527912615,22.33772850036621,50.72349688560349,85.00702667236328,-0.48412203788757324,0.11966711282730103,-0.46152162551879883,0.13583894073963165,22.384962677955627,22.57706618309021,0.5598335564136505,0.5679194703698158
371,594900.0,3.8854166666666665,-2.4750000000000227,22.419103939321303,22.406795501708984,181.77449813366536,80.20465850830078,-0.4280722737312317,0.11400885879993439,-0.41661155223846436,0.13337890803813934,22.86138567328453,22.958801805973053,0.5570044293999672,0.5666894540190697
372,595800.0,3.8958333333333335,-2.75,22.387647032097277,22.379011154174805,251.8081794101435,79.33041381835938,-0.4073488116264343,0.10970967262983322,-0.41227030754089355,0.13281536102294922,23.03753510117531,22.995702385902405,0.5548548363149166,0.5664076805114746
373,596700.0,3.90625,-3.0249999999999773,22.397151139962034,22.355993270874023,340.6275556272474,77.1119155883789,-0.3736535310745239,0.09370368719100952,-0.3988046646118164,0.12151864916086197,23.323944985866547,23.11016035079956,0.5468518435955048,0.560759324580431
374,597600.0,3.9166666666666665,-3.3000000000000114,22.385929278823596,22.328264236450195,415.9148432661552,75.41304779052734,-0.3467881679534912,0.08128531277179718,-0.38817423582077026,0.11199796199798584,23.552300572395325,23.200518995523453,0.5406426563858986,0.5559989809989929
375,598500.0,3.9270833333333335,-3.4364889705882433,22.387608007868266,22.305837631225586,489.71096864481456,73.63592529296875,-0.3169328272342682,0.061437640339136124,-0.3767143487930298,0.09682118147611618,23.80607096850872,23.297928035259247,0.5307188201695681,0.5484105907380581
376,599400.0,3.9375,-3.3889705882352814,22.397905239953275,22.30913543701172,554.8995785236428,72.45410919189453,-0.2891342043876648,0.046444814652204514,-0.3657401204109192,0.08586901426315308,24.04235926270485,23.391208976507187,0.5232224073261023,0.5429345071315765
377,600300.0,3.9479166666666665,-3.2969669117646845,22.413184003938113,22.342548370361328,613.5740434653343,71.91082763671875,-0.26238101720809937,0.03138373792171478,-0.35768717527389526,0.0760476291179657,24.269761353731155,23.45965901017189,0.5156918689608574,0.5380238145589828
378,601200.0,3.9583333333333335,-3.3000000000000114,22.425572733977162,22.371761322021484,668.9443425301835,71.81917572021484,-0.23645034432411194,0.01621643453836441,-0.35411715507507324,0.06739480793476105,24.49017207324505,23.490004181861877,0.5081082172691822,0.5336974039673805
379,602100.0,3.96875,-3.44834558823527,22.476652581153303,22.427383422851562,744.9906646487259,70.9041748046875,-0.19647859036922455,-0.0018303245306015015,-0.3366250991821289,0.05525890737771988,24.82993198186159,23.638686656951904,0.49908483773469925,0.5276294536888599
380,603000.0,3.9791666666666665,-3.6485294117646845,22.485859958874187,22.405309677124023,803.9878575150695,70.65237426757812,-0.16844959557056427,-0.015072852373123169,-0.3322991728782654,0.04876769706606865,25.068178437650204,23.675457030534744,0.4924635738134384,0.5243838485330343
381,603900.0,3.9895833333333335,-3.824448529411768,22.496844583420398,22.378093719482422,862.9963095374484,69.59004974365234,-0.13856208324432373,-0.03082248568534851,-0.3188302516937256,0.036478057503700256,25.32222229242325,23.789942860603333,0.48458875715732574,0.5182390287518501
382,604800.0,4.0,-3.8999999999999773,22.512034669511365,22.35066795349121,916.7333528683376,68.61857604980469,-0.10965593159198761,-0.045828551054000854,-0.3044155240058899,0.02572556585073471,25.567924581468105,23.912468045949936,0.4770857244729996,0.5128627829253674
383,605700.0,4.010416666666667,-3.8999999999999773,22.553224605446985,22.351152420043945,973.1595781607947,67.95802307128906,-0.080098457634449,-0.050763025879859924,-0.2867673635482788,0.024420835077762604,25.819163110107183,24.06247740983963,0.47461848706007004,0.5122104175388813
384,606600.0,4.020833333333333,-3.8999999999999773,22.5769068968699,22.350202560424805,1017.671465457653,67.45033264160156,-0.05382314324378967,-0.06304189562797546,-0.2736663222312927,0.017365723848342896,26.042503282427788,24.173836261034012,0.46847905218601227,0.5086828619241714
385,607500.0,4.03125,-3.8999999999999773,22.601367606317922,22.34375762939453,1062.0264466190229,66.8938217163086,-0.0257570743560791,-0.07765959203243256,-0.26081693172454834,0.008596628904342651,26.281064867973328,24.28305608034134,0.4611702039837837,0.5042983144521713
386,608400.0,4.041666666666667,-3.8999999999999773,22.627116598699104,22.336559295654297,1105.6918062923503,66.28347778320312,0.0028696656227111816,-0.09208698570728302,-0.24717703461647034,-0.00042134523391723633,26.524392157793045,24.398995205760002,0.4539565071463585,0.4997893273830414
387,609300.0,4.052083333333333,-3.8999999999999773,22.598799143381484,22.280311584472656,1125.212130438365,65.81623077392578,0.02019822597503662,-0.11470736563205719,-0.24582329392433167,-0.016668863594532013,26.67168492078781,24.41050200164318,0.4426463171839714,0.491665568202734
388,610200.0,4.0625,-3.8999999999999773,22.61333622684475,22.265581130981445,1163.8292181860293,64.90953063964844,0.04882652312517166,-0.13197244703769684,-0.23023103177547455,-0.030038386583328247,26.91502544656396,24.543036229908466,0.4340137764811516,0.4849808067083359
389,611100.0,4.072916666666667,-3.8999999999999773,22.63592356931275,22.256696701049805,1203.0380733568752,64.28480529785156,0.07690019905567169,-0.14483188092708588,-0.2172650843858719,-0.03719934821128845,27.15365169197321,24.65324678272009,0.42758405953645706,0.4814003258943558
390,612000.0,4.083333333333333,-3.8999999999999773,22.664124310951138,22.251684188842773,1242.5199960234934,63.67340087890625,0.10600315034389496,-0.15692292153835297,-0.2045726329088211,-0.04332077503204346,27.401026777923107,24.76113262027502,0.4215385392308235,0.47833961248397827
391,612900.0,4.09375,-4.029687500000023,22.672577737225765,22.24112319946289,1274.2724202129002,62.85270690917969,0.13727453351020813,-0.17905102670192719,-0.19193941354751587,-0.058731094002723694,27.66683353483677,24.868514984846115,0.4104744866490364,0.47063445299863815
392,613800.0,4.104166666666667,-4.287500000000023,22.68725082870492,22.211963653564453,1319.2175199410765,62.15102005004883,0.16756115853786469,-0.1889481097459793,-0.18117637932300568,-0.06328199803829193,27.92426984757185,24.96000077575445,0.40552594512701035,0.46835900098085403
393,614700.0,4.114583333333333,-4.4765625,22.69924992397415,22.16008186340332,1367.4778479105833,61.37783432006836,0.19481877982616425,-0.19276468455791473,-0.17099913954734802,-0.06372207403182983,28.155959628522396,25.046507313847542,0.40361765772104263,0.4681389629840851
394,615600.0,4.125,-4.399999999999977,22.725053880245127,22.130176544189453,1416.5118519245302,60.611480712890625,0.2210932821035385,-0.1927877813577652,-0.1591796875,-0.06191529333591461,28.379292897880077,25.14697265625,0.4036061093211174,0.4690423533320427
395,616500.0,4.135416666666667,-4.125,22.6902554753554,22.086624145507812,1426.400820755243,60.182342529296875,0.23455555737018585,-0.20765931904315948,-0.16413363814353943,-0.0723491758108139,28.49372223764658,25.104864075779915,0.39617034047842026,0.46382541209459305
396,617400.0,4.145833333333333,-3.8500000000000227,22.724743005174673,22.136592864990234,1466.8143250524033,59.85484313964844,0.2558786869049072,-0.20519287884235382,-0.15861961245536804,-0.07235559821128845,28.67496883869171,25.15173329412937,0.3974035605788231,0.4638222008943558
397,618300.0,4.15625,-3.5749999999999886,22.786391841934062,22.177974700927734,1513.7144036893892,60.140174865722656,0.2710321545600891,-0.18910770118236542,-0.16384512186050415,-0.05930124223232269,28.803773313760757,25.107316464185715,0.4054461494088173,0.47034937888383865
398,619200.0,4.166666666666667,-3.3000000000000114,22.865141132450162,22.22045135498047,1560.9184097588977,60.531856536865234,0.28081440925598145,-0.1648121029138565,-0.16988378763198853,-0.04245530068874359,28.886922478675842,25.055987805128098,0.41759394854307175,0.4787723496556282
399,620100.0,4.177083333333333,-3.0249999999999773,22.8809836704865,22.205398559570312,1573.0083858081775,61.062191009521484,0.2774481773376465,-0.15234054625034332,-0.18809115886688232,-0.03586031496524811,28.858309507369995,24.9012251496315,0.42382972687482834,0.48206984251737595
400,621000.0,4.1875,-2.75,22.940343986274513,22.23708724975586,1601.7676362022285,61.57329177856445,0.2732866406440735,-0.12357345223426819,-0.19608420133590698,-0.016519077122211456,28.822936445474625,24.83328428864479,0.4382132738828659,0.49174046143889427
401,621900.0,4.197916666666667,-2.4750000000000227,22.981917619252954,22.254425048828125,1622.477524252167,62.770687103271484,0.2584611177444458,-0.08717162907123566,-0.21083833277225494,0.016285277903079987,28.69691950082779,24.707874171435833,0.45641418546438217,0.50814263895154
402,622800.0,4.208333333333333,-2.1999999999999886,22.99243523272628,22.257715225219727,1630.953405567955,64.25022888183594,0.23786874115467072,-0.052689969539642334,-0.2267470508813858,0.05228068679571152,28.5218842998147,24.57265006750822,0.47365501523017883,0.5261403433978558
403,623700.0,4.21875,-2.11388888888888,22.99069326661379,22.283447265625,1638.8492204587626,65.37012481689453,0.2272917777299881,-0.03330443799495697,-0.23194091022014618,0.08014970272779465,28.4319801107049,24.528502263128757,0.4833477810025215,0.5400748513638973
404,624600.0,4.229166666666667,-2.2953703703703923,22.93772528543178,22.199256896972656,1639.22653260709,67.3528060913086,0.20331208407878876,-0.006522998213768005,-0.25282400846481323,0.11745728552341461,28.228152714669704,24.350995928049088,0.496738500893116,0.5587286427617073
405,625500.0,4.239583333333333,-2.5791666666666515,22.83548498404133,22.051782608032227,1630.7728878948872,68.55386352539062,0.17183659970760345,0.01909610629081726,-0.26939278841018677,0.14769768714904785,27.96061109751463,24.210161298513412,0.5095480531454086,0.5738488435745239
406,626400.0,4.25,-2.8000000000000114,22.702621016953913,21.872146606445312,1615.3665743635859,69.30654907226562,0.1366489976644516,0.042119212448596954,-0.28262847661972046,0.17310717701911926,27.66151648014784,24.097657948732376,0.5210596062242985,0.5865535885095596
407,627300.0,4.260416666666667,-2.9328125000000114,22.486098003407676,21.65348243713379,1563.6404083650837,69.3635482788086,0.099032923579216,0.030212655663490295,-0.30128180980682373,0.16581600904464722,27.341779850423336,23.939104616642,0.5151063278317451,0.5829080045223236
408,628200.0,4.270833333333333,-3.0615740740740875,22.33105573902435,21.49831771850586,1543.3063864960855,69.53845977783203,0.0677889883518219,0.039825111627578735,-0.30891287326812744,0.173280268907547,27.076206400990486,23.874240577220917,0.5199125558137894,0.5866401344537735
409,629100.0,4.28125,-3.184548611111097,22.17060454531844,21.357810974121094,1519.8941972681657,70.63275146484375,0.030872121453285217,0.057109538465738297,-0.3234548568725586,0.18752261996269226,26.762413032352924,23.750633716583252,0.5285547692328691,0.5937613099813461
410,630000.0,4.291666666666667,-3.3000000000000114,22.010644276104586,21.28850746154785,1494.9262477081436,72.02255249023438,-0.0054905712604522705,0.07345281541347504,-0.33980029821395874,0.2002791315317154,26.453330144286156,23.61169746518135,0.5367264077067375,0.6001395657658577
411,630900.0,4.302083333333333,-3.3609374999999773,21.742093441345332,21.19462013244629,1420.1858811706206,75.08695983886719,-0.060072824358940125,0.06609426438808441,-0.3903268575668335,0.19377176463603973,25.98938099294901,23.182221710681915,0.5330471321940422,0.5968858823180199
412,631800.0,4.3125,-3.309722222222206,21.604177726208945,21.345993041992188,1380.5713989477883,77.75096130371094,-0.09398932009935379,0.07339030504226685,-0.41935235261917114,0.19683906435966492,25.701090779155493,22.935505002737045,0.5366951525211334,0.5984195321798325
413,632700.0,4.322916666666667,-3.128645833333337,21.500507683374053,21.49656105041504,1321.7709001767957,85.26181030273438,-0.13499435782432556,0.09092500805854797,-0.4757212996482849,0.21590512990951538,25.352547958493233,22.45636895298958,0.545462504029274,0.6079525649547577
414,633600.0,4.333333333333333,-2.8000000000000114,21.499094615403123,21.60264015197754,1219.952313292078,94.46766662597656,-0.17826053500175476,0.10935799777507782,-0.5285605788230896,0.23078858852386475,24.984785452485085,22.00723508000374,0.5546789988875389,0.6153942942619324
415,634500.0,4.34375,-2.3062499999999773,21.920159403253706,21.377241134643555,743.0768870239972,110.19438934326172,-0.2943859398365021,0.1152268648147583,-0.6287997961044312,0.22248168289661407,23.997719511389732,21.155201733112335,0.5576134324073792,0.611240841448307
416,635400.0,4.354166666666667,-1.7083333333333144,21.39769946027093,21.46717643737793,327.9320140608777,112.54753875732422,-0.5059444904327393,0.18396928906440735,-0.6305186152458191,0.20767110586166382,22.199471831321716,21.140591770410538,0.5919846445322037,0.6038355529308319
417,636300.0,4.364583333333333,-1.1062499999999886,21.38164741501197,21.44046974182129,173.678270708638,127.09183502197266,-0.556786835193634,0.1716158092021942,-0.6647750735282898,0.22345313429832458,21.76731190085411,20.849411875009537,0.5858079046010971,0.6117265671491623
418,637200.0,4.375,-0.6000000000000227,21.32711289469563,21.48145866394043,52.29547991007653,137.3365936279297,-0.6259613633155823,0.1853967308998108,-0.6748676896095276,0.22976383566856384,21.17932841181755,20.763624638319016,0.5926983654499054,0.6148819178342819
419,638100.0,4.385416666666667,-0.17500000000001137,21.18048719550137,21.278682708740234,119.24856564211379,161.61532592773438,-0.7168978452682495,0.17513976991176605,-0.7460645437240601,0.22710593044757843,20.40636831521988,20.15845137834549,0.587569884955883,0.6135529652237892
420,639000.0,4.395833333333333,0.25,21.44541809747102,21.345516204833984,145.33425690024634,163.3870849609375,-0.7162399291992188,0.16381090879440308,-0.733709454536438,0.21863077580928802,20.41196060180664,20.263469636440277,0.5819054543972015,0.609315387904644
421,639900.0,4.40625,0.6750000000000114,21.478319844184,21.379545211791992,205.49502737206438,183.6430206298828,-0.7701290249824524,0.19553318619728088,-0.756624698638916,0.23660722374916077,19.953903287649155,20.068690061569214,0.5977665930986404,0.6183036118745804
422,640800.0,4.416666666666667,1.1000000000000227,21.72386067988657,21.4605770111084,240.344408069705,201.42813110351562,-0.7753218412399292,0.20632576942443848,-0.7679925560951233,0.24979719519615173,19.909764349460602,19.972063273191452,0.6031628847122192,0.6248985975980759
423,641700.0,4.427083333333333,1.5249999999999773,21.62784462889482,21.396039962768555,327.8278516103638,239.8970947265625,-0.8588550686836243,0.2650059461593628,-0.8229622840881348,0.2771257162094116,19.199731916189194,19.504820585250854,0.6325029730796814,0.6385628581047058
424,642600.0,4.4375,1.9499999999999886,21.963862152199226,21.496431350708008,355.74404213995075,251.79237365722656,-0.8447017669677734,0.2726691961288452,-0.819241464138031,0.28313276171684265,19.320034980773926,19.536447554826736,0.6363345980644226,0.6415663808584213
425,643500.0,4.447916666666667,2.375,21.928078457858817,21.590085983276367,440.67470640107217,281.18914794921875,-0.906948447227478,0.3397018313407898,-0.8379925489425659,0.30317193269729614,18.790938198566437,19.37706333398819,0.6698509156703949,0.6515859663486481
426,644400.0,4.458333333333333,2.8000000000000114,22.24768243512534,21.702184677124023,469.50967683689214,308.8595886230469,-0.892038106918335,0.35129278898239136,-0.8503372669219971,0.32109272480010986,18.917676091194153,19.272133231163025,0.6756463944911957,0.6605463624000549
427,645300.0,4.46875,3.3421875000000227,21.936589004560403,21.615005493164062,608.839758253209,368.4239807128906,-1.0,0.4798209071159363,-0.9130836129188538,0.362402081489563,18.0,18.738789290189743,0.7399104535579681,0.6812010407447815
428,646200.0,4.479166666666667,4.004166666666663,22.471676263228176,21.735729217529297,599.9698049059799,374.8076171875,-0.9413046836853027,0.45250779390335083,-0.896854817867279,0.36456865072250366,18.498910188674927,18.876734048128128,0.7262538969516754,0.6822843253612518
429,647100.0,4.489583333333333,4.614062499999989,22.2971092020166,21.844972610473633,724.4930210495573,412.71337890625,-1.0,0.5999968647956848,-0.9137426614761353,0.38549572229385376,18.0,18.73318737745285,0.7999984323978424,0.6927478611469269
430,648000.0,4.5,5.0,22.59342819368584,21.964086532592773,741.0798137262007,444.73126220703125,-0.9905365109443665,0.5735060572624207,-0.9225549697875977,0.40333062410354614,18.080439656972885,18.65828275680542,0.7867530286312103,0.7016653120517731
431,648900.0,4.510416666666667,5.190178571428589,22.54792226288663,21.912668228149414,840.566872608486,498.8556213378906,-1.0,0.731348991394043,-0.9652382135391235,0.4422309994697571,18.0,18.29547518491745,0.8656744956970215,0.7211154997348785
432,649800.0,4.520833333333333,5.340476190476181,22.710929078527556,21.984600067138672,875.1493622969731,494.90057373046875,-1.0,0.7447543144226074,-0.9483940005302429,0.4401845335960388,18.0,18.438650995492935,0.8723771572113037,0.7200922667980194
433,650700.0,4.53125,5.470535714285688,22.788736628856157,22.021129608154297,928.896130611256,510.8912048339844,-1.0,0.8083385825157166,-0.9546113014221191,0.4497328996658325,18.0,18.385803937911987,0.9041692912578583,0.7248664498329163
434,651600.0,4.541666666666667,5.600000000000023,22.887645555754546,22.069114685058594,963.4989450109209,515.0264892578125,-1.0,0.8353946208953857,-0.9504971504211426,0.45110124349594116,18.0,18.420774221420288,0.9176973104476929,0.7255506217479706
435,652500.0,4.552083333333333,5.729419642857124,23.02327431082358,22.14316749572754,977.1491482610116,513.7399291992188,-1.0,0.8216403722763062,-0.9389671087265015,0.4505429267883301,18.0,18.518779575824738,0.9108201861381531,0.725271463394165
436,653400.0,4.5625,5.851071428571402,23.09892361332851,22.178112030029297,1002.3765731988725,520.1109619140625,-1.0,0.8397535681724548,-0.9402442574501038,0.453233003616333,18.0,18.507923811674118,0.9198767840862274,0.7266165018081665
437,654300.0,4.572916666666667,5.972187500000018,23.17964307085623,22.212322235107422,1016.9744643640332,517.0376586914062,-1.0,0.8409898281097412,-0.9344635605812073,0.4491855502128601,18.0,18.557059735059738,0.9204949140548706,0.72459277510643
438,655200.0,4.583333333333333,6.100000000000023,23.24463729270724,22.2386531829834,1027.8193864199166,512.8243408203125,-1.0,0.840678334236145,-0.9296485781669617,0.44414860010147095,18.0,18.597987085580826,0.9203391671180725,0.7220743000507355
439,656100.0,4.59375,6.520446428571404,23.296550642183036,22.191410064697266,1037.9878846091653,519.351318359375,-1.0,0.8425517082214355,-0.9418565630912781,0.4483632445335388,18.0,18.494219213724136,0.9212758541107178,0.7241816222667694
440,657000.0,4.604166666666667,7.229285714285709,23.36756123084342,22.248640060424805,1039.7143510257729,503.22576904296875,-1.0,0.8280317783355713,-0.9244071841239929,0.43047088384628296,18.0,18.64253893494606,0.9140158891677856,0.7152354419231415
441,657900.0,4.614583333333333,7.798482142857154,23.424067031222762,22.328277587890625,1039.1508578517387,510.04119873046875,-1.0,0.8139036893844604,-0.9266942739486694,0.42460113763809204,18.0,18.62309867143631,0.9069518446922302,0.712300568819046
442,658800.0,4.625,7.800000000000011,23.467371563886047,22.39886474609375,1027.8593399408855,515.43505859375,-1.0,0.7879852056503296,-0.9320916533470154,0.41691452264785767,18.0,18.57722094655037,0.8939926028251648,0.7084572613239288
443,659700.0,4.635416666666667,7.375,23.66874271087147,22.61003303527832,955.3495392509353,476.8490905761719,-1.0,0.6400232911109924,-0.879848837852478,0.39658576250076294,18.0,19.021284878253937,0.8200116455554962,0.6982928812503815
444,660600.0,4.645833333333333,6.949999999999989,23.669308524850408,22.56761932373047,931.7658084009513,485.2854919433594,-1.0,0.6059996485710144,-0.9055231213569641,0.40449637174606323,18.0,18.803053468465805,0.8029998242855072,0.7022481858730316
445,661500.0,4.65625,6.524999999999977,23.70821507402104,22.56741714477539,887.7030929578027,446.9351806640625,-1.0,0.5335687398910522,-0.8872341513633728,0.37177878618240356,18.0,18.95850971341133,0.7667843699455261,0.6858893930912018
446,662400.0,4.666666666666667,6.100000000000023,23.666042216573658,22.531431198120117,842.6022113555995,422.234619140625,-1.0,0.4752897024154663,-0.8856911659240723,0.3482806086540222,18.0,18.971625089645386,0.7376448512077332,0.6741403043270111
447,663300.0,4.677083333333333,5.675000000000011,23.712932927946326,22.722578048706055,759.8995891894089,362.04327392578125,-1.0,0.3396969437599182,-0.8128352165222168,0.3159109354019165,18.0,19.590900659561157,0.6698484718799591,0.6579554677009583
448,664200.0,4.6875,5.25,23.582788939675652,22.697433471679688,708.7746935024944,365.21575927734375,-1.0,0.2839657664299011,-0.8377938270568848,0.31820639967918396,18.0,19.37875247001648,0.6419828832149506,0.659103199839592
449,665100.0,4.697916666666667,4.824999999999989,23.484638706365786,22.70720863342285,651.587366250692,333.69207763671875,-0.9935656785964966,0.21930591762065887,-0.8271996974945068,0.2803100347518921,18.05469173192978,19.468802571296692,0.6096529588103294,0.640155017375946
450,666000.0,4.708333333333333,4.399999999999977,23.37473953744427,22.666074752807617,604.7524197220243,313.5981140136719,-0.9824196100234985,0.1780768632888794,-0.8301522731781006,0.25453805923461914,18.149433314800262,19.443705677986145,0.5890384316444397,0.6272690296173096
451,666900.0,4.71875,3.9884943181818358,23.49545485522259,22.738636016845703,527.3187695980095,270.26055908203125,-0.9075011610984802,0.137488454580307,-0.7721632719039917,0.2336595505475998,18.786240130662918,19.93661218881607,0.5687442272901535,0.6168297752737999
452,667800.0,4.729166666666667,3.5943181818182097,23.229864630123984,22.601991653442383,520.5072770389024,259.36572265625,-0.9255229830741882,0.14729957282543182,-0.7744645476341248,0.23036368191242218,18.6330546438694,19.91705134510994,0.5736497864127159,0.6151818409562111
453,668700.0,4.739583333333333,3.202982954545462,23.335583523873197,22.435094833374023,454.487861847839,225.63107299804688,-0.8623882532119751,0.10388490557670593,-0.7406953573226929,0.20274655520915985,19.16969984769821,20.20408946275711,0.551942452788353,0.6013732776045799
454,669600.0,4.75,2.8000000000000114,23.059285567855056,22.26233673095703,458.23889913888047,195.0372314453125,-0.8903799057006836,0.12046085298061371,-0.7034891247749329,0.1822168529033661,18.93177080154419,20.52034243941307,0.5602304264903069,0.591108426451683
455,670500.0,4.760416666666667,2.2985795454545723,22.86509536015575,22.359445571899414,304.98243982415886,152.50083923339844,-0.7537853717803955,0.08269752562046051,-0.5958417654037476,0.17088650166988373,20.092824339866638,21.435344994068146,0.5413487628102303,0.5854432508349419
456,671400.0,4.770833333333333,1.693181818181813,22.862366635292403,22.372533798217773,258.9692219730014,146.58595275878906,-0.6962264776229858,0.09408727288246155,-0.5925155282020569,0.18148210644721985,20.58207494020462,21.463618010282516,0.5470436364412308,0.5907410532236099
457,672300.0,4.78125,1.0911931818181984,22.687763621131865,22.37020492553711,244.82593271217794,137.2334747314453,-0.6939629316329956,0.11427047103643417,-0.5887664556503296,0.17602947354316711,20.601315081119537,21.4954851269722,0.5571352355182171,0.5880147367715836
458,673200.0,4.791666666666667,0.6000000000000227,22.66582175084602,22.352022171020508,208.17143792984703,129.2008056640625,-0.6561921834945679,0.10887780785560608,-0.587641179561615,0.17139890789985657,20.922366440296173,21.505049973726273,0.554438903927803,0.5856994539499283
459,674100.0,4.802083333333333,0.25625000000002274,22.67148887104537,22.45494842529297,173.24557035194516,116.18153381347656,-0.6109951138496399,0.12761075794696808,-0.5436967015266418,0.17351925373077393,21.30654153227806,21.878578037023544,0.563805378973484,0.586759626865387
460,675000.0,4.8125,-0.01666666666665151,22.573456245152386,22.46734046936035,154.97172136118928,114.46171569824219,-0.5999893546104431,0.1364685744047165,-0.5501756072044373,0.1789359599351883,21.400090485811234,21.823507338762283,0.5682342872023582,0.5894679799675941
461,675900.0,4.822916666666667,-0.28125,22.535833994274356,22.456523895263672,128.05552673233743,110.13117980957031,-0.5751346945762634,0.13189555704593658,-0.5480158925056458,0.17368346452713013,21.61135509610176,21.84186491370201,0.5659477785229683,0.5868417322635651
462,676800.0,4.833333333333333,-0.6000000000000227,22.443382852801335,22.42695426940918,110.36019011010481,105.71916198730469,-0.5658793449401855,0.13323591649532318,-0.5435734391212463,0.1677275151014328,21.690025568008423,21.879625767469406,0.5666179582476616,0.5838637575507164
463,677700.0,4.84375,-1.0046874999999886,22.58374848802987,22.548721313476562,61.22842414068282,95.65666961669922,-0.4945797324180603,0.12994883954524994,-0.4851379990577698,0.16366355121135712,22.296072274446487,22.376327008008957,0.564974419772625,0.5818317756056786
464,678600.0,4.854166666666667,-1.4458333333333258,22.41906868591593,22.50735855102539,55.76014385579654,94.67057037353516,-0.5060898065567017,0.14438851177692413,-0.4879506230354309,0.16885177791118622,22.198236644268036,22.352419704198837,0.5721942558884621,0.5844258889555931
465,679500.0,4.864583333333333,-1.8640624999999886,22.437163462748003,22.448537826538086,59.86360248884749,89.91094970703125,-0.4681931734085083,0.12685412168502808,-0.4727048873901367,0.15792185068130493,22.52035802602768,22.482008457183838,0.563427060842514,0.5789609253406525
466,680400.0,4.875,-2.1999999999999886,22.33399675408822,22.384601593017578,106.2380177208193,85.74557495117188,-0.4646400809288025,0.12744125723838806,-0.4568244218826294,0.14772391319274902,22.55055931210518,22.61699241399765,0.563720628619194,0.5738619565963745
467,681300.0,4.885416666666667,-2.4750000000000227,22.433667589533684,22.430971145629883,239.84703957428113,80.66059112548828,-0.4066987633705139,0.11690597981214523,-0.4142094850540161,0.14221738278865814,23.04306051135063,22.979219377040863,0.5584529899060726,0.5711086913943291
468,682200.0,4.895833333333333,-2.75,22.40724202621618,22.40264129638672,306.7059369812756,79.45620727539062,-0.38652336597442627,0.11307160556316376,-0.4076036810874939,0.14043527841567993,23.214551389217377,23.035368710756302,0.5565358027815819,0.57021763920784
469,683100.0,4.90625,-3.0249999999999773,22.420287281184244,22.377531051635742,390.36177584277186,77.29557800292969,-0.3541645407676697,0.09791414439678192,-0.3946024775505066,0.1299729347229004,23.489601403474808,23.145878940820694,0.548957072198391,0.5649864673614502
470,684000.0,4.916666666666667,-3.3000000000000114,22.410695098946746,22.349292755126953,460.2918436370744,75.58938598632812,-0.3290645480155945,0.08643922209739685,-0.3838955760002136,0.12074951827526093,23.702951341867447,23.236887603998184,0.5432196110486984,0.5603747591376305
471,684900.0,4.927083333333333,-3.5749999999999886,22.528810492655282,22.44947052001953,585.24461199695,72.53580474853516,-0.26883020997047424,0.07497665286064148,-0.3405476212501526,0.1136922612786293,24.21494321525097,23.605345219373703,0.5374883264303207,0.5568461306393147
472,685800.0,4.9375,-3.8500000000000227,22.535799941891582,22.426422119140625,652.2694553536453,72.56883239746094,-0.2426125556230545,0.06829838454723358,-0.3392476439476013,0.11541543155908585,24.437793277204037,23.61639502644539,0.5341491922736168,0.5577077157795429
473,686700.0,4.947916666666667,-4.125,22.554129295252096,22.409194946289062,723.0296504453125,71.2194595336914,-0.2111881673336029,0.05326132848858833,-0.32594674825668335,0.10421492159366608,24.704900577664375,23.72945263981819,0.5266306642442942,0.552107460796833
474,687600.0,4.958333333333333,-4.399999999999977,22.556929583691783,22.378034591674805,784.1100996337235,70.22917938232422,-0.1850753128528595,0.040805041790008545,-0.31546634435653687,0.09575287997722626,24.926859840750694,23.818536072969437,0.5204025208950043,0.5478764399886131
475,688500.0,4.96875,-4.541236413043464,22.52820411934414,22.313173294067383,828.5850509126923,69.36387634277344,-0.16669133305549622,0.023532599210739136,-0.31101304292678833,0.0824839174747467,25.083123669028282,23.8563891351223,0.5117662996053696,0.5412419587373734
476,689400.0,4.979166666666667,-4.501630434782612,22.527456066577372,22.302059173583984,884.1859654001232,68.23442077636719,-0.1405937373638153,0.007792942225933075,-0.29548120498657227,0.06956040859222412,25.30495323240757,23.988409757614136,0.5038964711129665,0.5347802042961121
477,690300.0,4.989583333333333,-4.4112092391304145,22.534450139224987,22.317554473876953,938.1795702660329,67.81116485595703,-0.11382104456424713,-0.006802499294281006,-0.2845988869667053,0.06103892996907234,25.5325211212039,24.080909460783005,0.4965987503528595,0.5305194649845362
478,691200.0,5.0,-4.399999999999977,22.55007317455886,22.33203887939453,991.0795126450712,67.62577056884766,-0.08546380698680878,-0.02196832001209259,-0.27661949396133423,0.05295555293560028,25.773557640612125,24.14873430132866,0.4890158399939537,0.5264777764678001
479,692100.0,5.010416666666667,-4.524728260869551,22.637679573717264,22.39143943786621,1073.0787040111668,67.06877136230469,-0.041488029062747955,-0.02561311423778534,-0.25154560804367065,0.054513294249773026,26.147351752966642,24.3618623316288,0.48719344288110733,0.5272566471248865
480,693000.0,5.020833333333333,-4.710869565217365,22.66133644493783,22.363941192626953,1126.5858078567958,66.93063354492188,-0.013571292161941528,-0.0343632847070694,-0.2441311478614807,0.053100086748600006,26.384644016623497,24.424885243177414,0.4828183576464653,0.5265500433743
481,693900.0,5.03125,-4.891576086956547,22.681741820653656,22.327438354492188,1179.9272930600944,66.0750732421875,0.016987353563308716,-0.04826909303665161,-0.22868521511554718,0.043872393667697906,26.644392505288124,24.55617567151785,0.4758654534816742,0.521936196833849
482,694800.0,5.041666666666667,-5.0,22.699645649455647,22.290786743164062,1230.750687561643,65.24329376220703,0.046561598777770996,-0.06128132343292236,-0.21274280548095703,0.03622933477163315,26.895773589611053,24.691686153411865,0.4693593382835388,0.5181146673858166
483,695700.0,5.052083333333333,-4.939224137931035,22.615651701672846,22.173717498779297,1230.3997831231293,64.55963134765625,0.056718721985816956,-0.09668809175491333,-0.21855181455612183,0.008640632033348083,26.982109136879444,24.642309576272964,0.45165595412254333,0.504320316016674
484,696600.0,5.0625,-4.737931034482756,22.626765966778805,22.172771453857422,1268.2423393154434,63.45106887817383,0.08705507218837738,-0.11757960915565491,-0.19860656559467316,-0.009487584233283997,27.239968113601208,24.811844192445278,0.44121019542217255,0.495256207883358
485,697500.0,5.072916666666667,-4.517672413793093,22.65412494174359,22.201059341430664,1305.8768109588118,63.15407180786133,0.11510606110095978,-0.13040409982204437,-0.18784576654434204,-0.015113458037376404,27.478401519358158,24.903310984373093,0.4347979500889778,0.4924432709813118
486,698400.0,5.083333333333333,-4.399999999999977,22.686349695285173,22.231245040893555,1345.1996863511877,62.95613479614258,0.14510896801948547,-0.14307920634746552,-0.1798364520072937,-0.02008362114429474,27.733426228165627,24.971390157938004,0.42846039682626724,0.48995818942785263
487,699300.0,5.09375,-4.4926536731634314,22.76565594479672,22.29106330871582,1412.3136823072825,62.558494567871094,0.1864628940820694,-0.14585797488689423,-0.16091865301132202,-0.0170678049325943,28.08493459969759,25.132191449403763,0.4270710125565529,0.49146609753370285
488,700200.0,5.104166666666667,-4.722938530734609,22.800128497926494,22.268003463745117,1465.7924368632036,62.30259323120117,0.21799243986606598,-0.15036322176456451,-0.1560259461402893,-0.013603851199150085,28.35293573886156,25.17377945780754,0.42481838911771774,0.49319807440042496
489,701100.0,5.114583333333333,-4.941754122938505,22.827063852035337,22.22129249572754,1520.1297220478202,61.57685089111328,0.2485676258802414,-0.15396393835544586,-0.14621219038963318,-0.013633325695991516,28.612824819982052,25.257196381688118,0.42301803082227707,0.49318333715200424
490,702000.0,5.125,-5.0,22.864014032708667,22.18266487121582,1574.4063966469073,60.84670639038086,0.2761753797531128,-0.15248490869998932,-0.13570471107959747,-0.010382577776908875,28.84749072790146,25.34650995582342,0.42375754565000534,0.49480871111154556
491,702900.0,5.135416666666667,-4.787771739130449,22.794617019276643,22.09008026123047,1567.6631361074262,59.926361083984375,0.2957119345664978,-0.1872786432504654,-0.13965187966823578,-0.039104267954826355,29.01355144381523,25.312959022819996,0.4063606783747673,0.4804478660225868
492,703800.0,5.145833333333333,-4.414130434782635,22.851765498390705,22.139888763427734,1611.3989296233763,59.26619338989258,0.3224022388458252,-0.1866426318883896,-0.12787428498268127,-0.043509602546691895,29.240419030189514,25.41306857764721,0.4066786840558052,0.47824519872665405
493,704700.0,5.15625,-4.058423913043498,22.943406714573143,22.210115432739258,1658.7788493350074,59.5946159362793,0.3370225429534912,-0.16722743213176727,-0.1315917819738388,-0.02865782380104065,29.364691615104675,25.38146985322237,0.41638628393411636,0.4856710880994797
494,705600.0,5.166666666666667,-3.8999999999999773,23.04021182362567,22.26518440246582,1703.6357773638733,60.178768157958984,0.3439444899559021,-0.14006322622299194,-0.1403622329235077,-0.008830681443214417,29.423528164625168,25.306921020150185,0.42996838688850403,0.4955846592783928
495,706500.0,5.177083333333333,-3.8999999999999773,23.039952657576805,22.24646759033203,1715.3000204346135,60.04663848876953,0.35291874408721924,-0.1442534178495407,-0.14799630641937256,-0.017723307013511658,29.499809324741364,25.242031395435333,0.42787329107522964,0.49113834649324417
496,707400.0,5.1875,-3.8999999999999773,23.096121412083107,22.234281539916992,1759.3514515991476,60.21531295776367,0.3544510006904602,-0.11684660613536835,-0.15318696200847626,0.0038369446992874146,29.51283350586891,25.197910822927952,0.4415766969323158,0.5019184723496437
497,708300.0,5.197916666666667,-3.8999999999999773,23.124563436432027,22.21259880065918,1791.5040284721479,60.9088020324707,0.3405507802963257,-0.08050240576267242,-0.1642843633890152,0.040237121284008026,29.39468163251877,25.10358291119337,0.4597487971186638,0.520118560642004
498,709200.0,5.208333333333333,-3.8999999999999773,23.112710360603103,22.170536041259766,1807.761508171261,61.878089904785156,0.3198281526565552,-0.04806455969810486,-0.17899738252162933,0.07989279925823212,29.21853929758072,24.97852224856615,0.47596772015094757,0.5399463996291161
499,710100.0,5.21875,-3.8999999999999773,23.079796879651326,22.14389419555664,1815.7936603096189,62.327735900878906,0.309825599193573,-0.03592391312122345,-0.1837444007396698,0.10446426272392273,29.13351759314537,24.938172593712807,0.4820380434393883,0.5522321313619614
500,711000.0,5.229166666666667,-3.8999999999999773,23.02891345197719,22.061254501342773,1818.149332877309,63.52848434448242,0.2886579632759094,-0.014344543218612671,-0.20101504027843475,0.13771171867847443,28.95359268784523,24.791372157633305,0.49282772839069366,0.5688558593392372
501,711900.0,5.239583333333333,-3.8999999999999773,22.945799286143938,21.95604705810547,1808.1075666916913,64.59452819824219,0.2598830461502075,0.006853722035884857,-0.2175021767616272,0.16438478231430054,28.709005892276764,24.65123149752617,0.5034268610179424,0.5821923911571503
502,712800.0,5.25,-3.8999999999999773,22.837366441560334,21.82550048828125,1789.6697708033628,65.6665267944336,0.22715909779071808,0.02595701813697815,-0.2342875897884369,0.18610095977783203,28.430852331221104,24.508555486798286,0.5129785090684891,0.593050479888916
503,713700.0,5.260416666666667,-3.765937500000007,22.397410758271803,21.39469337463379,1628.8345641381177,67.15194702148438,0.14666935801506042,-0.022957712411880493,-0.31034332513809204,0.14009708166122437,27.746689543128014,23.862081736326218,0.48852114379405975,0.5700485408306122
504,714600.0,5.270833333333333,-3.450833333333321,22.203071735553237,21.313892364501953,1585.8606609070155,65.47023010253906,0.11293168365955353,-0.03199616074562073,-0.3034104108810425,0.11699219793081284,27.459919311106205,23.92101150751114,0.48400191962718964,0.5584960989654064
505,715500.0,5.28125,-3.0853124999999864,22.050878237969414,21.22876739501953,1550.1428308794161,67.63874816894531,0.07045435905456543,-0.015580952167510986,-0.3276512622833252,0.1310034692287445,27.098862051963806,23.714964270591736,0.4922095239162445,0.5655017346143723
506,716400.0,5.291666666666667,-2.8000000000000114,21.9183771449716,21.238094329833984,1513.9994661074638,69.962158203125,0.03102806955575943,0.0006688088178634644,-0.3481549620628357,0.14197702705860138,26.763738591223955,23.540682822465897,0.5003344044089317,0.5709885135293007
507,717300.0,5.302083333333333,-2.916249999999991,21.652247105272068,21.1821346282959,1415.4475721628476,73.78611755371094,-0.023361552506685257,-0.024829983711242676,-0.40835297107696533,0.11920405924320221,26.301426803693175,23.028999745845795,0.48758500814437866,0.5596020296216011
508,718200.0,5.3125,-3.353333333333353,21.53086179140331,21.307527542114258,1363.9540149746965,76.71482849121094,-0.06173953413963318,-0.017831817269325256,-0.44282329082489014,0.12101678550243378,25.975213959813118,22.736002027988434,0.49108409136533737,0.5605083927512169
509,719100.0,5.322916666666667,-3.638750000000016,21.417313681125336,21.37288475036621,1288.2423094853928,83.12336730957031,-0.11845263838768005,0.009241580963134766,-0.5016201138496399,0.1435934454202652,25.49315257370472,22.23622903227806,0.5046207904815674,0.5717967227101326
510,720000.0,5.333333333333333,-3.3000000000000114,21.417908648972116,21.4283447265625,1162.2334265533193,89.65349578857422,-0.17822673916816711,0.03669629991054535,-0.548542857170105,0.16067519783973694,24.98507271707058,21.837385714054108,0.5183481499552727,0.5803375989198685
511,720900.0,5.34375,-2.3449218750000114,21.69786828796697,21.023540496826172,598.7967507853203,108.41185760498047,-0.35604238510131836,0.050209611654281616,-0.6905823349952698,0.14900672435760498,23.473639726638794,20.630050152540207,0.5251048058271408,0.5745033621788025
512,721800.0,5.354166666666667,-1.1947916666666742,21.131581182172624,21.224552154541016,159.48426512958432,106.60879516601562,-0.5872892141342163,0.11781573295593262,-0.6690227389335632,0.12044266611337662,21.50804167985916,20.813306719064713,0.5589078664779663,0.5602213330566883
513,722700.0,5.364583333333333,0.0027343749999886313,21.204803782871238,21.211910247802734,41.318503439346564,127.96174621582031,-0.6372681260108948,0.10109507292509079,-0.7217172980308533,0.14821353554725647,21.083220928907394,20.365402966737747,0.5505475364625454,0.5741067677736282
514,723600.0,5.375,1.1000000000000227,21.187720969278246,21.330591201782227,110.44737019176347,141.420166015625,-0.7153788805007935,0.12317061424255371,-0.7290102243423462,0.15554547309875488,20.419279515743256,20.303413093090057,0.5615853071212769,0.5777727365493774
515,724500.0,5.385416666666667,2.1394531249999886,21.038216221586936,21.010847091674805,190.1373061208289,190.118408203125,-0.8189653754234314,0.14048829674720764,-0.8486974835395813,0.1825225055217743,19.538794308900833,19.28607138991356,0.5702441483736038,0.5912612527608871
516,725400.0,5.395833333333333,3.198958333333337,21.341479556130935,21.173166275024414,220.97359283750745,188.0726318359375,-0.815549910068512,0.1482602059841156,-0.8170086741447449,0.16747203469276428,19.56782576441765,19.55542626976967,0.5741301029920578,0.5837360173463821
517,726300.0,5.40625,4.183984375000023,21.314059163312493,21.229524612426758,299.42281267953797,230.33311462402344,-0.8810051679611206,0.2217080295085907,-0.8585726618766785,0.20526885986328125,19.011456072330475,19.202132374048233,0.6108540147542953,0.6026344299316406
518,727200.0,5.416666666666667,5.0,21.582723238304766,21.366527557373047,333.9609714762144,262.4180908203125,-0.8764699101448059,0.24739913642406464,-0.871273398399353,0.22967852652072906,19.05000576376915,19.0941761136055,0.6236995682120323,0.6148392632603645
519,728100.0,5.427083333333333,5.699999999999989,21.17651054173075,21.145959854125977,483.431050658434,353.8868103027344,-1.0,0.43089497089385986,-0.9668875932693481,0.3189430236816406,18.0,18.28145545721054,0.7154474854469299,0.6594715118408203
520,729000.0,5.4375,6.399999999999977,21.670271807138192,21.30183982849121,483.9579669713295,356.03619384765625,-0.9484180808067322,0.4150947332382202,-0.9398020505905151,0.3228899836540222,18.438446313142776,18.51168256998062,0.7075473666191101,0.6614449918270111
521,729900.0,5.447916666666667,7.100000000000023,21.504428275440887,21.339271545410156,611.5573631617619,420.0338134765625,-1.0,0.6096804738044739,-0.9781045913696289,0.37313729524612427,18.0,18.186110973358154,0.8048402369022369,0.6865686476230621
522,730800.0,5.458333333333333,7.800000000000011,21.744044063259537,21.46270751953125,649.4577906551011,458.15032958984375,-1.0,0.6140486001968384,-0.983055591583252,0.40283340215682983,18.0,18.14402747154236,0.8070243000984192,0.7014167010784149
523,731700.0,5.46875,8.5,21.728577299936546,21.494850158691406,773.4274962056229,538.1090087890625,-1.0,0.8481647372245789,-1.0,0.5045262575149536,18.0,18.0,0.9240823686122894,0.7522631287574768
524,732600.0,5.479166666666667,9.199999999999989,21.863907290643,21.605085372924805,842.89319085936,581.650146484375,-1.0,0.926938533782959,-1.0,0.546222984790802,18.0,18.0,0.9634692668914795,0.773111492395401
525,733500.0,5.489583333333333,9.899999999999977,21.994590564356884,21.735063552856445,911.4250112780059,632.5135498046875,-1.0,1.0,-1.0,0.5941251516342163,18.0,18.0,1.0,0.7970625758171082
526,734400.0,5.5,10.600000000000023,22.1947206319349,21.860807418823242,948.4256023813991,685.7061767578125,-1.0,1.0,-1.0,0.6436117887496948,18.0,18.0,1.0,0.8218058943748474
527,735300.0,5.510416666666667,11.222443181818164,22.38673760881221,21.90470314025879,983.9339255230719,773.7615356445312,-1.0,1.0,-1.0,0.7579642534255981,18.0,18.0,1.0,0.8789821267127991
528,736200.0,5.520833333333333,11.693181818181813,22.567049089713578,21.971298217773438,1017.289091112404,820.252197265625,-1.0,1.0,-1.0,0.8051087856292725,18.0,18.0,1.0,0.9025543928146362
529,737100.0,5.53125,12.017329545454572,22.72832063246784,22.038015365600586,1047.1334764715932,856.088623046875,-1.0,1.0,-1.0,0.8392409682273865,18.0,18.0,1.0,0.9196204841136932
530,738000.0,5.541666666666667,12.199999999999989,22.870176753727037,22.09398078918457,1073.3912032834992,879.87841796875,-1.0,1.0,-1.0,0.8611146807670593,18.0,18.0,1.0,0.9305573403835297
531,738900.0,5.552083333333333,12.194088723776247,22.99340169492433,22.27539825439453,1096.1999406501518,809.04638671875,-1.0,1.0,-1.0,0.724486768245697,18.0,18.0,1.0,0.8622433841228485
532,739800.0,5.5625,12.02893356643358,23.08594818552558,22.367931365966797,1113.3306272338805,808.9628295898438,-1.0,1.0,-1.0,0.7118409276008606,18.0,18.0,1.0,0.8559204638004303
533,740700.0,5.572916666666667,11.824311625874145,23.15404305208483,22.40084457397461,1125.934303743323,799.0244750976562,-1.0,1.0,-1.0,0.6990427374839783,18.0,18.0,1.0,0.8495213687419891
534,741600.0,5.583333333333333,11.699999999999989,23.207308132879348,22.412893295288086,1135.7919397060748,776.9822998046875,-1.0,1.0,-1.0,0.6728124618530273,18.0,18.0,1.0,0.8364062309265137
535,742500.0,5.59375,11.80619658119656,23.25387693727123,22.463899612426758,1144.4112274546037,736.418212890625,-1.0,1.0,-1.0,0.609338641166687,18.0,18.0,1.0,0.8046693205833435
536,743400.0,5.604166666666667,12.069088319088337,23.293078624405723,22.508317947387695,1151.671222548051,719.9421997070312,-1.0,1.0,-1.0,0.5807557702064514,18.0,18.0,1.0,0.7903778851032257
537,744300.0,5.614583333333333,12.272435897435912,23.317007711853023,22.55828285217285,1156.1113219633594,707.36083984375,-1.0,1.0,-1.0,0.5555573105812073,18.0,18.0,1.0,0.7777786552906036
538,745200.0,5.625,12.199999999999989,23.315497677829683,22.605636596679688,1155.8509869709687,693.195068359375,-1.0,1.0,-1.0,0.5303489565849304,18.0,18.0,1.0,0.7651744782924652
539,746100.0,5.635416666666667,11.534895833333337,23.556061270927103,22.887470245361328,1057.833763499102,616.5594482421875,-1.0,0.8097811341285706,-0.9666303396224976,0.41779184341430664,18.0,18.28364211320877,0.9048905670642853,0.7088959217071533
540,747000.0,5.645833333333333,10.383796296296282,23.54868374102847,22.82936668395996,1025.84635994843,623.5274047851562,-1.0,0.7670043706893921,-1.0,0.4158168435096741,18.0,18.0,0.883502185344696,0.707908421754837
541,747900.0,5.65625,9.165798611111086,23.60701323614944,22.75611686706543,959.7202621410999,566.5364990234375,-1.0,0.6601783633232117,-0.9978455305099487,0.3625364303588867,18.0,18.018312990665436,0.8300891816616058,0.6812682151794434
542,748800.0,5.666666666666667,8.300000000000011,23.595608438353736,22.67060089111328,901.7012607233064,510.53350830078125,-1.0,0.5782264471054077,-0.9897466897964478,0.3164375424385071,18.0,18.087153136730194,0.7891132235527039,0.6582187712192535
543,749700.0,5.677083333333333,7.75,23.734844467678613,22.88043212890625,793.8074084182861,423.13092041015625,-1.0,0.38769054412841797,-0.9023813605308533,0.26265907287597656,18.0,18.829758435487747,0.693845272064209,0.6313295364379883
544,750600.0,5.6875,7.199999999999989,23.614090653940366,22.820451736450195,739.856726769542,429.9048767089844,-1.0,0.3274252414703369,-0.9343675971031189,0.2692717909812927,18.0,18.55787542462349,0.6637126207351685,0.6346358954906464
545,751500.0,5.697916666666667,6.649999999999977,23.532490401590167,22.843063354492188,677.8814783221366,388.22857666015625,-1.0,0.24342688918113708,-0.9162569642066956,0.22765551507472992,18.0,18.711815804243088,0.6217134445905685,0.613827757537365
546,752400.0,5.708333333333333,6.100000000000023,23.404652063131095,22.778684616088867,633.9601046202342,369.06341552734375,-1.0,0.19438430666923523,-0.9228411316871643,0.20944446325302124,18.0,18.655850380659103,0.5971921533346176,0.6047222316265106
547,753300.0,5.71875,5.550000000000011,23.44592334971037,22.871353149414062,566.9544288396568,313.5509338378906,-0.964295506477356,0.12679818272590637,-0.852832019329071,0.18400302529335022,18.303488194942474,19.250927835702896,0.5633990913629532,0.5920015126466751
548,754200.0,5.729166666666667,5.0,23.23018431003112,22.701444625854492,551.8805909497582,304.2509765625,-0.9762774109840393,0.12091471254825592,-0.8593002557754517,0.1880350410938263,18.201642006635666,19.19594782590866,0.560457356274128,0.5940175205469131
549,755100.0,5.739583333333333,4.449999999999989,23.291306643656753,22.529617309570312,493.84238080412365,260.794677734375,-0.9266530871391296,0.08045428991317749,-0.8170469999313354,0.15959514677524567,18.623448759317398,19.55510050058365,0.5402271449565887,0.5797975733876228
550,756000.0,5.75,3.8999999999999773,23.054321523911824,22.332019805908203,490.7307109635592,225.19921875,-0.9449933171272278,0.09040610492229462,-0.7786146998405457,0.1426444947719574,18.467556804418564,19.881775051355362,0.5452030524611473,0.5713222473859787
551,756900.0,5.760416666666667,3.3791193181818358,22.768776909339806,22.343717575073242,350.77786310132734,177.64288330078125,-0.8335170745849609,0.050271403044462204,-0.6839196085929871,0.12973205745220184,19.415104866027832,20.68668332695961,0.5251357015222311,0.5648660287261009
552,757800.0,5.770833333333333,2.9193181818181984,22.832980067741516,22.323837280273438,291.553536534974,165.38616943359375,-0.7569053173065186,0.04358534514904022,-0.6706147789955139,0.13514989614486694,20.066304802894592,20.79977437853813,0.5217926725745201,0.5675749480724335
553,758700.0,5.78125,2.524857954545439,22.589486111800966,22.3314208984375,288.64522291330945,153.58636474609375,-0.7707528471946716,0.07275024056434631,-0.6615763902664185,0.12963327765464783,19.94860079884529,20.876600682735443,0.5363751202821732,0.5648166388273239
554,759600.0,5.791666666666667,2.1999999999999886,22.633791112673578,22.33728790283203,240.55214745726354,146.20477294921875,-0.7139754295349121,0.05615101009607315,-0.6621561050415039,0.12695862352848053,20.431208848953247,20.871673107147217,0.5280755050480366,0.5634793117642403
555,760500.0,5.802083333333333,2.0028074866310135,22.520996628730643,22.41636085510254,222.9005262520861,134.50967407226562,-0.703113317489624,0.06543318927288055,-0.6423215270042419,0.11326219141483307,20.523536801338196,21.040267020463943,0.5327165946364403,0.5566310957074165
556,761400.0,5.8125,1.9211229946524213,22.50450054311341,22.430339813232422,191.9899118510772,132.80653381347656,-0.6699902415275574,0.058739326894283295,-0.6516213417053223,0.11503098905086517,20.805082947015762,20.96121859550476,0.5293696634471416,0.5575154945254326
557,762300.0,5.822916666666667,1.8538770053476128,22.402195176673047,22.442920684814453,177.03994855249448,128.3755645751953,-0.6628662943840027,0.06337840110063553,-0.6510148644447327,0.10908068716526031,20.865636497735977,20.966373652219772,0.5316892005503178,0.5545403435826302
558,763200.0,5.833333333333333,1.6999999999999886,22.373101242528662,22.439577102661133,151.2616232461841,124.52741241455078,-0.6372904777526855,0.055360399186611176,-0.6507450342178345,0.10370519757270813,21.083030939102173,20.968667209148407,0.5276801995933056,0.5518525987863541
559,764100.0,5.84375,1.4380974264705628,22.37701522787188,22.49551773071289,122.61489698577786,115.81665802001953,-0.6023147702217102,0.055250704288482666,-0.6212984323501587,0.0971764475107193,21.380324453115463,21.21896332502365,0.5276253521442413,0.5485882237553596
560,765000.0,5.854166666666667,1.1408088235294258,22.297429670294775,22.460765838623047,107.42422307975127,112.94049072265625,-0.5934574604034424,0.05472809448838234,-0.6213501691818237,0.09475978463888168,21.45561158657074,21.2185235619545,0.5273640472441912,0.5473798923194408
561,765900.0,5.864583333333333,0.8481158088235361,22.268832309762104,22.421672821044922,85.89507100285783,106.91790771484375,-0.572483241558075,0.04431137442588806,-0.6087818145751953,0.08291903138160706,21.633892446756363,21.32535457611084,0.522155687212944,0.5414595156908035
562,766800.0,5.875,0.6000000000000227,22.199889641783727,22.377771377563477,71.87782600257884,101.71034240722656,-0.5642958879470825,0.038784101605415344,-0.5964754819869995,0.07148130983114243,21.7034849524498,21.429958403110504,0.5193920508027077,0.5357406549155712
563,767700.0,5.885416666666667,0.38671875,22.21822421934354,22.409210205078125,44.58726684985095,94.921875,-0.530743420124054,0.02023734152317047,-0.5664744973182678,0.05179457366466522,21.98868092894554,21.684966772794724,0.5101186707615852,0.5258972868323326
564,768600.0,5.895833333333333,0.19375000000002274,22.125749573754206,22.385238647460938,32.176807170193825,92.74982452392578,-0.5266435742378235,0.014919489622116089,-0.5617654323577881,0.04355539381504059,22.0235296189785,21.7249938249588,0.507459744811058,0.5217776969075203
565,769500.0,5.90625,0.05390625000001137,22.09632128752918,22.376020431518555,60.43367213307269,89.5549087524414,-0.5032027363777161,-0.002146199345588684,-0.5500189065933228,0.029258452355861664,22.222776740789413,21.824839293956757,0.49892690032720566,0.5146292261779308
566,770400.0,5.916666666666667,0.0,22.055336598757265,22.373170852661133,116.85808567324831,87.27339935302734,-0.4855804443359375,-0.015793293714523315,-0.5415402054786682,0.01619570702314377,22.37256622314453,21.89690825343132,0.49210335314273834,0.5080978535115719
567,771300.0,5.927083333333333,0.0,21.959897670024077,22.311386108398438,138.51626595968435,86.70793914794922,-0.48569464683532715,-0.05299988389015198,-0.5613319873809814,-0.015349611639976501,22.37159550189972,21.728678107261658,0.473500058054924,0.49232519418001175
568,772200.0,5.9375,0.0,21.952538139850788,22.324419021606445,198.96662069640138,84.33616638183594,-0.45969903469085693,-0.07719919085502625,-0.551582932472229,-0.03621463477611542,22.592558205127716,21.811545073986053,0.4614004045724869,0.4818926826119423
569,773100.0,5.947916666666667,0.0,21.93356760598033,22.33049201965332,249.56605667288474,83.40495300292969,-0.4386270046234131,-0.09544150531291962,-0.5489964485168457,-0.04983983933925629,22.77167046070099,21.83353018760681,0.4522792473435402,0.47508008033037186
570,774000.0,5.958333333333333,0.0,21.929983812098953,22.342472076416016,304.8679040716342,82.15821838378906,-0.41229861974716187,-0.116609126329422,-0.542496919631958,-0.06586165726184845,22.995461732149124,21.888776183128357,0.441695436835289,0.4670691713690758
571,774900.0,5.96875,0.0,21.918379040361742,22.329254150390625,354.5524884181186,81.68634033203125,-0.39032214879989624,-0.1263948231935501,-0.539117157459259,-0.07124063372612,23.182261735200882,21.917504161596298,0.43680258840322495,0.46437968313694
572,775800.0,5.979166666666667,0.0,21.913419097662654,22.331375122070312,404.78288163539423,80.21126556396484,-0.3644760251045227,-0.1465587168931961,-0.5283040404319763,-0.08816570043563843,23.401953786611557,22.0094156563282,0.42672064155340195,0.4559171497821808
573,776700.0,5.989583333333333,0.0,21.91074621315545,22.326091766357422,453.6477450856759,78.9586410522461,-0.33746498823165894,-0.1677183359861374,-0.5182048678398132,-0.10479722917079926,23.6315476000309,22.095258623361588,0.4161408320069313,0.4476013854146004
574,777600.0,6.0,0.0,21.910389328589076,22.317066192626953,501.331371123235,77.57429504394531,-0.3092174530029297,-0.18925504386425018,-0.5054777264595032,-0.12248845398426056,23.871651649475098,22.203439325094223,0.4053724780678749,0.4387557730078697
575,778500.0,6.010416666666667,0.38977272727271384,21.678323502516605,22.074989318847656,436.3879042755357,79.59011840820312,-0.35557693243026733,-0.23042692244052887,-0.5660955309867859,-0.15631107985973358,23.477596074342728,21.68818798661232,0.38478653877973557,0.4218444600701332
576,779400.0,6.020833333333333,1.272727272727252,21.683642137436266,22.07974624633789,464.31483900711044,76.14356994628906,-0.3296709656715393,-0.2654116153717041,-0.5337532162666321,-0.19554312527179718,23.697796791791916,21.963097661733627,0.36729419231414795,0.4022284373641014
577,780300.0,6.03125,2.2193181818182097,21.70625042608509,22.166715621948242,478.9212051766803,76.17729949951172,-0.3114246129989624,-0.2874927520751953,-0.5202106237411499,-0.2156069129705429,23.85289078950882,22.078209698200226,0.35625362396240234,0.39219654351472855
578,781200.0,6.041666666666667,2.8000000000000114,21.745901803111792,22.264806747436523,500.9720142058134,76.89995574951172,-0.2843891382217407,-0.31365007162094116,-0.5121402144432068,-0.2346910983324051,24.082692325115204,22.146808177232742,0.3431749641895294,0.38265445083379745
579,782100.0,6.052083333333333,2.895454545454527,21.763056184422453,22.311994552612305,527.0145310597514,77.23883056640625,-0.2573539614677429,-0.3368227481842041,-0.5062692165374756,-0.2517469525337219,24.312491327524185,22.196711659431458,0.33158862590789795,0.37412652373313904
580,783000.0,6.0625,2.8000000000000114,21.767409400643317,22.301189422607422,558.2450134537556,76.26078033447266,-0.227247416973114,-0.35941529273986816,-0.4943240284919739,-0.27006667852401733,24.56839695572853,22.298245757818222,0.3202923536300659,0.36496666073799133
581,783900.0,6.072916666666667,2.704545454545439,21.767340542170928,22.26976203918457,590.9697370439701,74.43567657470703,-0.19550831615924835,-0.3804924488067627,-0.4744853973388672,-0.28919416666030884,24.83817931264639,22.46687412261963,0.30975377559661865,0.3554029166698456
582,784800.0,6.083333333333333,2.8000000000000114,21.774488043712324,22.242435455322266,621.8653907708364,72.55006408691406,-0.16265469789505005,-0.40041232109069824,-0.45164477825164795,-0.3070615530014038,25.117435067892075,22.661019384860992,0.2997938394546509,0.3464692234992981
583,785700.0,6.09375,3.1556818181817903,21.76378673073168,22.206562042236328,634.6374919180007,71.65917205810547,-0.14304184913635254,-0.4184522032737732,-0.44263917207717896,-0.3214796185493469,25.284144282341003,22.73756703734398,0.2907738983631134,0.33926019072532654
584,786600.0,6.104166666666667,3.627272727272725,21.78735599592568,22.23355484008789,652.8859789911807,70.53157043457031,-0.11308339238166809,-0.43809956312179565,-0.4211864471435547,-0.33943647146224976,25.53879116475582,22.919915199279785,0.2809502184391022,0.3302817642688751
585,787500.0,6.114583333333333,4.085227272727252,21.82058284916235,22.29213523864746,670.2484010376572,70.03054809570312,-0.08292251825332642,-0.45516347885131836,-0.4044133424758911,-0.35311901569366455,25.795158594846725,23.062486588954926,0.2724182605743408,0.3234404921531677
586,788400.0,6.125,4.399999999999977,21.85117265818252,22.355010986328125,687.9654290139779,69.81939697265625,-0.05349089950323105,-0.4697326421737671,-0.3920375108718872,-0.3642008304595947,26.045327354222536,23.16768115758896,0.26513367891311646,0.31789958477020264
587,789300.0,6.135416666666667,4.569642857142867,21.887812938997627,22.431604385375977,713.6721267989235,68.87120056152344,-0.010681379586458206,-0.48937034606933594,-0.3682844638824463,-0.3815452456474304,26.409208273515105,23.369582056999207,0.25531482696533203,0.3092273771762848
588,790200.0,6.145833333333333,4.652380952380952,21.917887260550174,22.473371505737305,740.4498251162693,68.56712341308594,0.0200347900390625,-0.4957907199859619,-0.35846245288848877,-0.3865060806274414,26.67029571533203,23.453069150447845,0.25210464000701904,0.3067469596862793
589,791100.0,6.15625,4.608928571428578,21.9376607095507,22.48846435546875,767.7139208003422,68.27809143066406,0.04155133664608002,-0.49449455738067627,-0.35235440731048584,-0.38784658908843994,26.85318636149168,23.50498753786087,0.25275272130966187,0.30607670545578003
590,792000.0,6.166666666666667,4.399999999999977,21.948017727804938,22.478174209594727,797.970711680866,68.00760650634766,0.05466996133327484,-0.4851725101470947,-0.349828839302063,-0.3842315077781677,26.964694671332836,23.526454865932465,0.25741374492645264,0.30788424611091614
591,792900.0,6.177083333333333,4.039682539682531,22.04711488524697,22.552146911621094,873.4175587526157,65.9122543334961,0.10784433782100677,-0.4734635353088379,-0.30520176887512207,-0.38588565587997437,27.416676871478558,23.905784964561462,0.26326823234558105,0.3070571720600128
592,793800.0,6.1875,3.610582010581993,22.132110104455762,22.55157470703125,943.7024559860072,66.07679748535156,0.12223954498767853,-0.4352959394454956,-0.3059222996234894,-0.3580702543258667,27.539036132395267,23.89966045320034,0.2823520302772522,0.32096487283706665
593,794700.0,6.197916666666667,3.1761904761904702,22.187838723593984,22.496139526367188,1003.7736487303098,66.4903335571289,0.11722487211227417,-0.3886951208114624,-0.31689029932022095,-0.32542747259140015,27.49641141295433,23.806432455778122,0.3056524395942688,0.3372862637042999
594,795600.0,6.208333333333333,2.8000000000000114,22.215495473544536,22.418907165527344,1052.6001803214635,67.12792205810547,0.1001034528017044,-0.33801889419555664,-0.3315157890319824,-0.28669822216033936,27.350879348814487,23.68211579322815,0.3309905529022217,0.3566508889198303
595,796500.0,6.21875,2.47057291666664,22.256734756412982,22.39690399169922,1105.0267995714366,66.78282165527344,0.10280652344226837,-0.30302315950393677,-0.3226691484451294,-0.257036030292511,27.37385544925928,23.7573122382164,0.3484884202480316,0.3714819848537445
596,797400.0,6.229166666666667,2.1557870370370438,22.266650790134918,22.326400756835938,1142.0209090224457,68.5472412109375,0.08294326066970825,-0.25452321767807007,-0.341577410697937,-0.2013409286737442,27.20501771569252,23.596592009067535,0.37273839116096497,0.3993295356631279
597,798300.0,6.239583333333333,1.8881076388888687,22.22391790344892,22.195125579833984,1156.6275107663787,70.73988342285156,0.051116764545440674,-0.20957748591899872,-0.36636173725128174,-0.14651484787464142,26.934492498636246,23.385925233364105,0.39521125704050064,0.4267425760626793
598,799200.0,6.25,1.6999999999999886,22.14012264182668,22.02894401550293,1155.599984520227,72.81599426269531,0.014339901506900787,-0.171147421002388,-0.3881359100341797,-0.09823121130466461,26.621889162808657,23.200844764709473,0.414426289498806,0.4508843943476677
599,800100.0,6.260416666666667,1.6162109375,21.891101647691585,21.75246238708496,1087.8597075826924,74.04547119140625,-0.036013029515743256,-0.1872887760400772,-0.4226665496826172,-0.10307808220386505,26.193889249116182,22.907334327697754,0.4063556119799614,0.4484609588980675
600,801000.0,6.270833333333333,1.6140624999999886,21.756729923237117,21.59819984436035,1073.2826710164136,74.16463470458984,-0.06440676748752594,-0.17816491425037384,-0.42644184827804565,-0.08983610570430756,25.95254247635603,22.875244289636612,0.4109175428748131,0.4550819471478462
601,801900.0,6.28125,1.6548828124999773,21.631514932207892,21.471153259277344,1056.3806970893384,76.55522918701172,-0.10216271132230759,-0.15262331068515778,-0.4447364807128906,-0.06047596037387848,25.631616953760386,22.71973991394043,0.4236883446574211,0.46976201981306076
602,802800.0,6.291666666666667,1.6999999999999886,21.509787185072298,21.409265518188477,1033.671373606371,79.71980285644531,-0.14075514674186707,-0.12704019248485565,-0.4669077396392822,-0.03301960229873657,25.30358125269413,22.5312842130661,0.4364799037575722,0.4834901988506317
603,803700.0,6.302083333333333,1.7173828124999773,21.28413356481667,21.325397491455078,952.668282576871,84.94734954833984,-0.2004738450050354,-0.13168008625507355,-0.5240777730941772,-0.03555397689342499,24.7959723174572,22.045338928699493,0.4341599568724632,0.4822230115532875
604,804600.0,6.3125,1.7536458333333371,21.190688960042223,21.492250442504883,901.7458718882116,89.79977416992188,-0.24030429124832153,-0.11785230040550232,-0.5569732189178467,-0.02101244032382965,24.457413524389267,21.765727639198303,0.44107384979724884,0.4894937798380852
605,805500.0,6.322916666666667,1.8880859375000227,21.107140531053176,21.637601852416992,828.5077949662193,102.68695068359375,-0.2945193648338318,-0.08684155344963074,-0.6237660050392151,0.017390549182891846,23.99658539891243,21.19798895716667,0.45657922327518463,0.5086952745914459
606,806400.0,6.333333333333333,2.1999999999999886,21.10139014248398,21.696895599365234,719.7000157237198,118.52181243896484,-0.3512372374534607,-0.055450066924095154,-0.6835075616836548,0.05194329097867012,23.514483481645584,20.690185725688934,0.4722749665379524,0.5259716454893351
607,807300.0,6.34375,2.8385416666666856,21.50488539174853,21.32149314880371,240.01195083501005,151.48497009277344,-0.5020074248313904,-0.01881815493106842,-0.8070138096809387,0.08581431210041046,22.23293688893318,19.64038261771202,0.4905909225344658,0.5429071560502052
608,808200.0,6.354166666666667,3.75902777777776,20.853171113446365,21.442564010620117,84.11612028026394,149.73434448242188,-0.732444703578949,0.07254960387945175,-0.787411630153656,0.07500912249088287,20.274220019578934,19.807001143693924,0.5362748019397259,0.5375045612454414
609,809100.0,6.364583333333333,4.75,21.20559975104078,21.361648559570312,94.09007996119274,183.29092407226562,-0.7102804183959961,0.027800992131233215,-0.8357336521148682,0.12013120949268341,20.462616443634033,19.39626395702362,0.5139004960656166,0.5600656047463417
610,810000.0,6.375,5.600000000000023,21.048871808997546,21.446533203125,172.78818832908303,201.33920288085938,-0.8077153563499451,0.10099028795957565,-0.8375508785247803,0.13679617643356323,19.634419471025467,19.380817532539368,0.5504951439797878,0.5683980882167816
611,810900.0,6.385416666666667,6.277734375000023,21.049994955790737,21.09730339050293,231.7677816694733,275.81927490234375,-0.8581989407539368,0.16099534928798676,-0.9364712238311768,0.22391384840011597,19.205309003591537,18.539994597434998,0.5804976746439934,0.611956924200058
612,811800.0,6.395833333333333,6.923263888888869,21.07788803012039,21.252002716064453,291.2489771675936,268.7658386230469,-0.895943820476532,0.23554536700248718,-0.9021832942962646,0.21621361374855042,18.884477525949478,18.83144199848175,0.6177726835012436,0.6081068068742752
613,812700.0,6.40625,7.58216145833336,21.131420578675943,21.16554832458496,352.1850486281936,335.32391357421875,-0.9263482689857483,0.3106750249862671,-0.9555450081825256,0.28431767225265503,18.62603971362114,18.377867430448532,0.6553375124931335,0.6421588361263275
614,813600.0,6.416666666666667,8.300000000000011,21.16631390736279,21.28394889831543,420.13712216034196,358.9956359863281,-0.9577033519744873,0.39378291368484497,-0.9502934813499451,0.307439386844635,18.359521508216858,18.422505408525467,0.6968914568424225,0.6537196934223175
615,814500.0,6.427083333333333,9.11122159090911,21.015187418421988,21.08985710144043,548.6215021433266,479.11065673828125,-1.0,0.6315118074417114,-1.0,0.48201507329940796,18.0,18.0,0.8157559037208557,0.741007536649704
616,815400.0,6.4375,9.984090909090924,21.1725019542219,21.16048812866211,615.778857337367,511.00457763671875,-1.0,0.7227439284324646,-1.0,0.5113736987113953,18.0,18.0,0.8613719642162323,0.7556868493556976
617,816300.0,6.447916666666667,10.864914772727275,21.261058520824747,21.289316177368164,712.1158968801724,578.4558715820312,-1.0,0.8831492066383362,-1.0,0.5854846835136414,18.0,18.0,0.9415746033191681,0.7927423417568207
618,817200.0,6.458333333333333,11.699999999999989,21.391744090980865,21.42593765258789,798.71395912099,659.1575317382812,-1.0,0.9975435733795166,-1.0,0.6714293956756592,18.0,18.0,0.9987717866897583,0.8357146978378296
619,818100.0,6.46875,12.457993493401773,21.622784987166824,21.490747451782227,842.8641221482976,790.6958618164062,-1.0,1.0,-1.0,0.8398941159248352,18.0,18.0,1.0,0.9199470579624176
620,819000.0,6.479166666666667,13.151997800586514,21.850537878620287,21.59954833984375,884.9996903576631,886.517578125,-1.0,1.0,-1.0,0.9441889524459839,18.0,18.0,1.0,0.9720944762229919
621,819900.0,6.489583333333333,13.795003207478032,22.070958341282335,21.746179580688477,925.7800982047235,954.8839111328125,-1.0,1.0,-1.0,1.0,18.0,18.0,1.0,1.0
622,820800.0,6.5,14.399999999999977,22.279986946018994,21.91316795349121,964.455740459723,987.20751953125,-1.0,1.0,-1.0,1.0,18.0,18.0,1.0,1.0
623,821700.0,6.510416666666667,14.901658724340166,22.47267183439027,22.073789596557617,1000.1127214483948,1017.783447265625,-1.0,1.0,-1.0,1.0,18.0,18.0,1.0,1.0
624,822600.0,6.520833333333333,15.24743401759531,22.6472464952991,22.213769912719727,1032.4255880824849,1043.08837890625,-1.0,1.0,-1.0,1.0,18.0,18.0,1.0,1.0
625,823500.0,6.53125,15.4694923020528,22.798482200108367,22.323715209960938,1060.427530260417,1060.84033203125,-1.0,1.0,-1.0,1.0,18.0,18.0,1.0,1.0
626,824400.0,6.541666666666667,15.600000000000023,22.931951504973313,22.40352439880371,1085.1479895898838,1071.4769287109375,-1.0,1.0,-1.0,1.0,18.0,18.0,1.0,1.0
627,825300.0,6.552083333333333,15.488458806818187,23.046261177425947,22.456167221069336,1106.3284553194417,1076.05419921875,-1.0,1.0,-1.0,1.0,18.0,18.0,1.0,1.0
628,826200.0,6.5625,15.107102272727275,23.135694916199952,22.469518661499023,1122.9115502119944,1070.8968505859375,-1.0,1.0,-1.0,1.0,18.0,18.0,1.0,1.0
629,827100.0,6.572916666666667,14.672194602272725,23.20408506822463,22.437944412231445,1135.6048633281482,1054.8304443359375,-1.0,1.0,-1.0,1.0,18.0,18.0,1.0,1.0
630,828000.0,6.583333333333333,14.399999999999977,23.25754980363638,22.37928581237793,1145.5391360700028,1033.5745849609375,-1.0,1.0,-1.0,1.0,18.0,18.0,1.0,1.0
631,828900.0,6.59375,14.655078124999989,23.30773685915142,22.325031280517578,1154.8599039418557,1005.7650146484375,-1.0,1.0,-1.0,0.9864574670791626,18.0,18.0,1.0,0.9932287335395813
632,829800.0,6.604166666666667,15.340624999999989,23.358010121171446,22.337444305419922,1164.1757391480737,964.1849975585938,-1.0,1.0,-1.0,0.9275097846984863,18.0,18.0,1.0,0.9637548923492432
633,830700.0,6.614583333333333,15.980859375000023,23.395462838108642,22.406095504760742,1171.099757947881,943.4288940429688,-1.0,1.0,-1.0,0.8788315653800964,18.0,18.0,1.0,0.9394157826900482
634,831600.0,6.625,16.100000000000023,23.40336086078088,22.477102279663086,1172.5516021028334,934.7301025390625,-1.0,1.0,-1.0,0.8481668829917908,18.0,18.0,1.0,0.9240834414958954
635,832500.0,6.635416666666667,15.19014423076925,23.36369927562538,22.910276412963867,1165.2409242337656,757.1355590820312,-1.0,1.0,-0.9975689649581909,0.5270903706550598,18.0,18.020663797855377,1.0,0.7635451853275299
636,833400.0,6.645833333333333,13.515384615384619,23.348527831593344,23.01865005493164,1122.163958896941,738.8873901367188,-1.0,0.9460066556930542,-1.0,0.5047205090522766,18.0,18.0,0.9730033278465271,0.7523602545261383
637,834300.0,6.65625,11.75793269230769,23.355233274794784,22.97903823852539,1054.3829609769944,675.311767578125,-1.0,0.8512723445892334,-1.0,0.4550839066505432,18.0,18.0,0.9256361722946167,0.7275419533252716
638,835200.0,6.666666666666667,10.600000000000023,23.36326781816649,22.891780853271484,977.4012561615248,600.3447265625,-1.0,0.7400652170181274,-1.0,0.3904508352279663,18.0,18.0,0.8700326085090637,0.6952254176139832
639,836100.0,6.677083333333333,10.213173076923056,23.568971445643,22.885009765625,852.30395226937,530.3939208984375,-1.0,0.5096162557601929,-1.0,0.3034222722053528,18.0,18.0,0.7548081278800964,0.6517111361026764
640,837000.0,6.6875,10.099230769230758,23.497592999476126,22.914764404296875,796.6662274078158,497.606689453125,-1.0,0.43925344944000244,-1.0,0.26135027408599854,18.0,18.0,0.7196267247200012,0.6306751370429993
641,837900.0,6.697916666666667,9.93567307692308,23.482255829740723,22.964313507080078,729.0789302679724,476.5970764160156,-1.0,0.3355230689048767,-1.0,0.23305588960647583,18.0,18.0,0.6677615344524384,0.6165279448032379
642,838800.0,6.708333333333333,9.399999999999977,23.390485938390782,22.981571197509766,683.1836419191799,458.9922790527344,-1.0,0.27880531549453735,-1.0,0.21357041597366333,18.0,18.0,0.6394026577472687,0.6067852079868317
643,839700.0,6.71875,8.383557692307704,23.48164818123223,23.162273406982422,600.9552474409595,396.4627380371094,-0.9870663285255432,0.1437278687953949,-0.928110659122467,0.17864491045475006,18.109936207532883,18.61105939745903,0.5718639343976974,0.589322455227375
644,840600.0,6.729166666666667,7.152051282051275,23.253506427146874,22.903467178344727,583.3223155289535,392.662353515625,-1.0,0.1347433179616928,-0.9511075615882874,0.19121530652046204,18.0,18.415585726499557,0.5673716589808464,0.595607653260231
645,841500.0,6.739583333333333,5.944519230769231,23.26943968746582,22.713241577148438,525.597212561444,319.4139404296875,-0.9631420969963074,0.08555903285741806,-0.8895547986030579,0.15288782119750977,18.313292175531387,18.938784211874008,0.542779516428709,0.5764439105987549
646,842400.0,6.75,5.0,23.035457643937036,22.427350997924805,517.1064114978927,272.128173828125,-0.9781914949417114,0.08968538790941238,-0.8524131774902344,0.14074084162712097,18.185372292995453,19.254487991333008,0.5448426939547062,0.5703704208135605
647,843300.0,6.760416666666667,4.28576388888888,22.787225469490693,22.429861068725586,369.519370006178,200.49087524414062,-0.8570750951766968,0.04373690485954285,-0.7293771505355835,0.12119369208812714,19.214861690998077,20.30029422044754,0.5218684524297714,0.5605968460440636
648,844200.0,6.770833333333333,3.645370370370358,22.824816216339116,22.371068954467773,313.7398385457981,185.08641052246094,-0.7866554260253906,0.03923150897026062,-0.7141959071159363,0.1314561814069748,19.81342887878418,20.42933478951454,0.5196157544851303,0.5657280907034874
649,845100.0,6.78125,3.1322916666666742,22.601968107118978,22.353710174560547,307.09316452474616,167.36672973632812,-0.7942563891410828,0.06481212377548218,-0.6975666284561157,0.1243196502327919,19.748820692300797,20.570683658123016,0.5324060618877411,0.562159825116396
650,846000.0,6.791666666666667,2.8000000000000114,22.628978486840197,22.341073989868164,262.16187941228264,156.7913055419922,-0.7423565983772278,0.05098633095622063,-0.6936199069023132,0.12149682641029358,20.189968913793564,20.604230791330338,0.5254931654781103,0.5607484132051468
651,846900.0,6.802083333333333,2.6317708333333485,22.539676394905882,22.410871505737305,242.80398612492735,143.44989013671875,-0.7221043109893799,0.07308688014745712,-0.6647935509681702,0.12235614657402039,20.36211335659027,20.849254816770554,0.5365434400737286,0.5611780732870102
652,847800.0,6.8125,2.5254629629629903,22.510697715341962,22.431631088256836,214.43517334860002,140.92469787597656,-0.6927211284637451,0.07030585408210754,-0.670412003993988,0.1249268427491188,20.611870408058167,20.8014979660511,0.5351529270410538,0.5624634213745594
653,848700.0,6.822916666666667,2.4064236111111086,22.420079606144895,22.440534591674805,197.5223435280052,136.3858184814453,-0.6823622584342957,0.07364261150360107,-0.6708085536956787,0.12023180723190308,20.699920803308487,20.79812729358673,0.5368213057518005,0.5601159036159515
654,849600.0,6.833333333333333,2.1999999999999886,22.380643076943613,22.431007385253906,173.07769769607646,131.7296905517578,-0.659562349319458,0.0675872191786766,-0.6699906587600708,0.11492780596017838,20.893720030784607,20.805079400539398,0.5337936095893383,0.5574639029800892
655,850500.0,6.84375,1.9250000000000114,22.39114752691995,22.481399536132812,143.10112025469246,121.74284362792969,-0.6227898597717285,0.0667371153831482,-0.6397837996482849,0.10837001353502274,21.206286191940308,21.06183770298958,0.5333685576915741,0.5541850067675114
656,851400.0,6.854166666666667,1.6499999999999773,22.30344482976335,22.446155548095703,128.58820246158737,118.34976196289062,-0.6156389117240906,0.0675148069858551,-0.6390745043754578,0.10603122413158417,21.26706925034523,21.06786671280861,0.5337574034929276,0.5530156120657921
657,852300.0,6.864583333333333,1.375,22.27593552336924,22.413007736206055,105.06130617513878,111.89111328125,-0.592792809009552,0.056432172656059265,-0.6264233589172363,0.09445326030254364,21.461261123418808,21.17540144920349,0.5282160863280296,0.5472266301512718
658,853200.0,6.875,1.1000000000000227,22.197929003412355,22.372438430786133,90.05227308893238,106.54327392578125,-0.5847025513648987,0.051397185772657394,-0.6153563261032104,0.08375149965286255,21.53002831339836,21.26947122812271,0.5256985928863287,0.5418757498264313
659,854100.0,6.885416666666667,0.7992187500000227,22.246108781575288,22.410037994384766,58.520172872102854,99.28477478027344,-0.5414698719978333,0.046634312719106674,-0.5782520174980164,0.07874640077352524,21.897506088018417,21.58485785126686,0.5233171563595533,0.5393732003867626
660,855000.0,6.895833333333333,0.48124999999998863,22.1437393315465,22.378189086914062,48.80870889910002,96.71940612792969,-0.5417796969413757,0.04599975422024727,-0.5726611018180847,0.07271943241357803,21.894872575998306,21.63238063454628,0.5229998771101236,0.536359716206789
661,855900.0,6.90625,0.19765625000002274,22.133132959580678,22.353805541992188,25.960019326521298,92.72241973876953,-0.5167524814605713,0.02869478613138199,-0.5595150589942932,0.05881405249238014,22.107603907585144,21.744121998548508,0.514347393065691,0.5294070262461901
662,856800.0,6.916666666666667,0.0,22.05487579844157,22.33095359802246,53.50389815638904,89.62979125976562,-0.5115841627120972,0.02113865315914154,-0.54901123046875,0.04592515528202057,22.151534616947174,21.833404541015625,0.5105693265795708,0.5229625776410103
663,857700.0,6.927083333333333,-0.07734375000001137,22.052458696193014,22.34561538696289,122.35434480639141,86.27982330322266,-0.4842471480369568,-0.008852168917655945,-0.5361441373825073,0.02068168669939041,22.383899241685867,21.942774832248688,0.495573915541172,0.5103408433496952
664,858600.0,6.9375,-0.06875000000002274,22.037544083479702,22.35440444946289,180.55676162186796,84.87117767333984,-0.46208614110946655,-0.02593514323234558,-0.530678927898407,0.007446557283401489,22.572267800569534,21.98922911286354,0.4870324283838272,0.5037232786417007
665,859500.0,6.947916666666667,-0.025781250000022737,22.039664333315898,22.377775192260742,242.60490151140115,83.58358764648438,-0.4352657198905945,-0.04540395736694336,-0.5237258076667786,-0.0069883838295936584,22.800241380929947,22.048330634832382,0.4772980213165283,0.49650580808520317
666,860400.0,6.958333333333333,0.0,22.041158167427227,22.39875030517578,300.76915985747377,82.695556640625,-0.40905994176864624,-0.06456586718559265,-0.5186247229576111,-0.020840957760810852,23.022990494966507,22.091689854860306,0.4677170664072037,0.4895795211195946
667,861300.0,6.96875,0.0,22.04441836474507,22.417160034179688,357.0299248182953,81.49054718017578,-0.38128018379211426,-0.08981677889823914,-0.5121995806694031,-0.04074461758136749,23.25911843776703,22.146303564310074,0.45509161055088043,0.47962769120931625
668,862200.0,6.979166666666667,0.0,22.049697299214927,22.420495986938477,411.68869662327455,80.4331283569336,-0.35339951515197754,-0.11050398647785187,-0.5048707723617554,-0.05639852583408356,23.49610412120819,22.20859843492508,0.44474800676107407,0.4718007370829582
669,863100.0,6.989583333333333,0.0,22.05591322639026,22.4209041595459,463.99919716008407,79.14989471435547,-0.3252667784690857,-0.13077200949192047,-0.4940478205680847,-0.07282565534114838,23.73523238301277,22.30059352517128,0.43461399525403976,0.4635871723294258
670,864000.0,7.0,0.0,22.063765423362725,22.415849685668945,514.3115526579829,77.85225677490234,-0.2965339422225952,-0.15109960734844208,-0.4816453456878662,-0.08918805420398712,23.97946149110794,22.406014561653137,0.42445019632577896,0.45540597289800644
671,864900.0,7.010416666666667,0.0,22.104386988427564,22.4243106842041,576.8029973000818,76.64155578613281,-0.2617640495300293,-0.15691174566745758,-0.46075189113616943,-0.09253974258899689,24.27500557899475,22.58360892534256,0.4215441271662712,0.45373012870550156
672,865800.0,7.020833333333333,0.0,22.11899656894326,22.415456771850586,622.7564167153729,75.51660919189453,-0.2335144430398941,-0.17298920452594757,-0.4458472728729248,-0.10504312813282013,24.5151272341609,22.71029818058014,0.4135053977370262,0.44747843593358994
673,866700.0,7.03125,0.0,22.13707572582257,22.402618408203125,667.8532997181138,74.2069091796875,-0.20291821658611298,-0.1923000067472458,-0.4290515184402466,-0.12025780975818634,24.77519515901804,22.853062093257904,0.4038499966263771,0.43987109512090683
674,867600.0,7.041666666666667,0.0,22.155293288833832,22.388071060180664,710.2115972675276,72.9143295288086,-0.17252135276794434,-0.21102119982242584,-0.4114288091659546,-0.13519535958766937,25.033568501472473,23.002855122089386,0.3944894000887871,0.4324023202061653
675,868500.0,7.052083333333333,0.0,22.075239384544943,22.300321578979492,708.708110552267,71.82427978515625,-0.16180971264839172,-0.25508320331573486,-0.4145246744155884,-0.17300264537334442,25.12461744248867,22.9765402674675,0.37245839834213257,0.4134986773133278
676,869400.0,7.0625,0.0,22.075034868117598,22.267717361450195,743.5707057256094,69.99166870117188,-0.12977080047130585,-0.2812248468399048,-0.39231014251708984,-0.1968999058008194,25.3969481959939,23.165363788604736,0.3593875765800476,0.4015500470995903
677,870300.0,7.072916666666667,0.0,22.082777019590196,22.24943733215332,776.3629272209281,68.75811767578125,-0.10115563124418259,-0.2983502745628357,-0.37327730655670166,-0.2110034078359604,25.640177134424448,23.327142894268036,0.35082486271858215,0.3944982960820198
678,871200.0,7.083333333333333,0.0,22.09532857603608,22.237777709960938,809.0741633551742,67.67074584960938,-0.07108913362026215,-0.31481122970581055,-0.3553084135055542,-0.223152294754982,25.89574236422777,23.47987848520279,0.3425943851470947,0.388423852622509
679,872100.0,7.09375,-0.19765625000002274,22.129439256967487,22.26470947265625,854.1403930585365,66.19004821777344,-0.027455050498247147,-0.3347253203392029,-0.3257661461830139,-0.23877130448818207,26.2666320707649,23.73098775744438,0.33263733983039856,0.38061434775590897
680,873000.0,7.104166666666667,-0.6187499999999773,22.130589824446304,22.240278244018555,896.2638537624231,65.30799865722656,0.00650380551815033,-0.3467597961425781,-0.3121640086174011,-0.24417363107204437,26.555282346904278,23.84660592675209,0.32662010192871094,0.3779131844639778
681,873900.0,7.114583333333333,-1.0054687499999773,22.119473789680967,22.170013427734375,938.7667970223581,64.11084747314453,0.0374729260802269,-0.3553493618965149,-0.2990267276763916,-0.2488543838262558,26.81851987168193,23.95827281475067,0.32232531905174255,0.3755728080868721
682,874800.0,7.125,-1.1000000000000227,22.116422711053985,22.10642433166504,979.3549903180074,62.81344223022461,0.06563650071620941,-0.36021989583969116,-0.282825767993927,-0.2524619698524475,27.05791025608778,24.09598097205162,0.3198900520801544,0.37376901507377625
683,875700.0,7.135416666666667,-0.7433593750000114,21.952225761156512,21.936676025390625,935.6712338705009,61.9937744140625,0.06310896575450897,-0.4053646922111511,-0.30035650730133057,-0.29154789447784424,27.036426208913326,23.94696968793869,0.29731765389442444,0.3542260527610779
684,876600.0,7.145833333333333,-0.10312499999997726,21.946042837547225,21.96477508544922,951.0711941614841,60.76648712158203,0.08819825947284698,-0.42033320665359497,-0.2776954174041748,-0.31219345331192017,27.2496852055192,24.139588952064514,0.2898333966732025,0.3439032733440399
685,877500.0,7.15625,0.5886718749999886,21.992198134172952,22.068740844726562,973.2235674896797,61.004859924316406,0.104498490691185,-0.41697221994400024,-0.2733005881309509,-0.31080687046051025,27.388237170875072,24.176945000886917,0.2915138900279999,0.3445965647697449
686,878400.0,7.166666666666667,1.1000000000000227,22.05284919334258,22.175739288330078,998.0363108341874,61.84489440917969,0.11645986139774323,-0.40668898820877075,-0.27945011854171753,-0.3039248585700989,27.489908821880817,24.1246739923954,0.2966555058956146,0.34803757071495056
687,879300.0,7.177083333333333,1.447035845588232,22.004422904424132,22.14655876159668,980.1764129334572,62.97711944580078,0.10335566103458405,-0.41047483682632446,-0.31053468585014343,-0.3140913248062134,27.378523118793964,23.86045517027378,0.29476258158683777,0.3429543375968933
688,880200.0,7.1875,1.7733455882353155,22.033312145889226,22.161727905273438,1000.9930599163615,63.19777297973633,0.10098795592784882,-0.39260268211364746,-0.3145502209663391,-0.3122560381889343,27.358397625386715,23.826323121786118,0.30369865894317627,0.34387198090553284
689,881100.0,7.197916666666667,2.03798253676473,22.08627481403738,22.19658851623535,1028.5907810900424,64.14949035644531,0.08895501494407654,-0.3575729727745056,-0.3242664337158203,-0.29147350788116455,27.25611762702465,23.743735313415527,0.3212135136127472,0.3542632460594177
690,882000.0,7.208333333333333,2.1999999999999886,22.130688474089197,22.215024948120117,1052.4773401483508,65.74236297607422,0.06939633190631866,-0.31540626287460327,-0.34117865562438965,-0.2594704031944275,27.08986882120371,23.599981427192688,0.34229686856269836,0.37026479840278625
691,882900.0,7.21875,2.2363970588235134,22.15949496321616,22.223466873168945,1073.8667392924722,66.97522735595703,0.05710624158382416,-0.2827805280685425,-0.34961146116256714,-0.231832817196846,26.985403053462505,23.52830258011818,0.35860973596572876,0.384083591401577
692,883800.0,7.229166666666667,2.1999999999999886,22.16309355537237,22.180734634399414,1089.2923507745047,69.18761444091797,0.03193359822034836,-0.23911796510219574,-0.369781494140625,-0.18641237914562225,26.77143558487296,23.356857299804688,0.38044101744890213,0.4067938104271889
693,884700.0,7.239583333333333,2.163602941176464,22.123926634199847,22.08356285095215,1090.0652515850195,71.69435119628906,-0.0021184533834457397,-0.1961001306772232,-0.3922158479690552,-0.13830114901065826,26.48199314624071,23.16616529226303,0.4019499346613884,0.43084942549467087
694,885600.0,7.25,2.1999999999999886,22.0496667959319,21.949527740478516,1078.6907441944877,74.20641326904297,-0.04014114290475845,-0.15770544111728668,-0.4121445417404175,-0.09311920404434204,26.158800285309553,22.99677139520645,0.42114727944135666,0.453440397977829
695,886500.0,7.260416666666667,2.3251838235294144,21.805243914770585,21.694913864135742,996.7336949054338,75.56065368652344,-0.09087826311588287,-0.18443869054317474,-0.4462137818336487,-0.11146381497383118,25.727534763514996,22.707182854413986,0.40778065472841263,0.4442680925130844
696,887400.0,7.270833333333333,2.486764705882365,21.6858449744621,21.570730209350586,976.8254267333808,75.85001373291016,-0.11802391707897186,-0.1778116375207901,-0.4468640685081482,-0.10275022685527802,25.49679670482874,22.70165541768074,0.41109418123960495,0.448624886572361
697,888300.0,7.28125,2.654963235294133,21.569420693560062,21.47041130065918,955.7177574720795,78.8610610961914,-0.15569475293159485,-0.1514367312192917,-0.4648010730743408,-0.07288506627082825,25.176594600081444,22.549190878868103,0.42428163439035416,0.4635574668645859
698,889200.0,7.291666666666667,2.8000000000000114,21.448861298839233,21.428983688354492,932.0419328414343,82.80870056152344,-0.19362039864063263,-0.12494431436061859,-0.48771417140960693,-0.04395303130149841,24.854226611554623,22.35442954301834,0.4375278428196907,0.4780234843492508
699,890100.0,7.302083333333333,2.842330121703867,21.311286006006696,21.488332748413086,900.5757516583025,87.3088150024414,-0.22524094581604004,-0.12127287685871124,-0.5183292627334595,-0.034967005252838135,24.58545196056366,22.094201266765594,0.4393635615706444,0.48251649737358093
700,891000.0,7.3125,2.7893509127789002,21.191381092476604,21.65069007873535,879.1569393773419,95.67191314697266,-0.2573394775390625,-0.10155731439590454,-0.5649791955947876,-0.006337523460388184,24.31261444091797,21.697676837444305,0.44922134280204773,0.4968312382698059
701,891900.0,7.322916666666667,2.7416962474645175,21.069614767905534,21.783266067504883,852.0053862314998,109.50055694580078,-0.29337480664253235,-0.07662098109722137,-0.6295174956321716,0.03135831654071808,24.006314143538475,21.14910128712654,0.4616895094513893,0.515679158270359
702,892800.0,7.333333333333333,2.8000000000000114,20.956673164517497,21.8145809173584,819.2828393569092,125.99221801757812,-0.3294389247894287,-0.05187158286571503,-0.6880848407745361,0.06592930853366852,23.699769139289856,20.651278853416443,0.4740642085671425,0.5329646542668343
703,893700.0,7.34375,3.2631842672413995,21.328476141850672,21.515859603881836,491.69766908797,153.7293243408203,-0.42151910066604614,-0.03420877456665039,-0.7867966890335083,0.09413883090019226,22.917087644338608,19.81222814321518,0.4828956127166748,0.5470694154500961
704,894600.0,7.354166666666667,4.1236637931034466,20.77746524941898,21.595539093017578,210.1130567699595,155.42625427246094,-0.605196475982666,0.04304341971874237,-0.7776758670806885,0.09119819849729538,21.35582995414734,19.889755129814148,0.5215217098593712,0.5455990992486477
705,895500.0,7.364583333333333,5.022311422413793,20.791908723332256,21.5435791015625,173.35922540813186,185.0656280517578,-0.6146764755249023,0.01400969922542572,-0.8165646195411682,0.12678876519203186,21.27524995803833,19.55920073390007,0.5070048496127129,0.5633943825960159
706,896400.0,7.375,5.600000000000023,20.672812000571696,21.60910987854004,85.71023071490424,204.92172241210938,-0.6628159880638123,0.03682716190814972,-0.823410153388977,0.1444425880908966,20.866064101457596,19.501013696193695,0.5184135809540749,0.5722212940454483
707,897300.0,7.385416666666667,5.798928571428576,20.438322143984237,21.349916458129883,36.819512798308246,260.92169189453125,-0.7276682257652283,0.047115061432123184,-0.9021725654602051,0.1988281011581421,20.31482008099556,18.831533193588257,0.5235575307160616,0.599414050579071
708,898200.0,7.395833333333333,5.874642857142874,20.431505778539872,21.421689987182617,39.1426123415893,259.19012451171875,-0.7313038110733032,0.04710603505373001,-0.8825840950012207,0.20010387897491455,20.283917605876923,18.998035192489624,0.523553017526865,0.6000519394874573
709,899100.0,7.40625,5.938035714285718,20.337021671775858,21.34670639038086,53.17642388259408,299.5247497558594,-0.7560563683509827,0.07602597773075104,-0.9189475774765015,0.24445509910583496,20.073520869016647,18.688945591449738,0.5380129888653755,0.6222275495529175
710,900000.0,7.416666666666667,6.100000000000023,20.35646502489135,21.39000701904297,56.33557606585998,315.0951232910156,-0.7559163570404053,0.08921085298061371,-0.9193158745765686,0.2635882496833801,20.074710965156555,18.685815066099167,0.5446054264903069,0.6317941248416901
711,900900.0,7.427083333333333,6.3709624474789734,20.030855877997112,21.08754539489746,99.74610482027211,401.27703857421875,-0.8321446776390076,0.16826745867729187,-1.0,0.3645084500312805,19.426770240068436,18.0,0.5841337293386459,0.6822542250156403
712,901800.0,7.4375,6.7160189075630115,20.221112055847016,21.213455200195312,84.38325333181442,386.361083984375,-0.7953295707702637,0.15222372114658356,-0.9659937024116516,0.35703688859939575,19.73969864845276,18.28905352950096,0.5761118605732918,0.6785184442996979
713,902700.0,7.447916666666667,7.1780659138655665,20.037172189247144,21.20513343811035,124.82529367787427,446.831298828125,-0.849344789981842,0.2211725115776062,-1.0,0.41406702995300293,19.280569285154343,18.0,0.6105862557888031,0.7070335149765015
714,903600.0,7.458333333333333,7.800000000000011,20.379697886418512,21.303556442260742,130.58441817950612,476.7211608886719,-0.817382276058197,0.20815812051296234,-1.0,0.44174724817276,19.552250653505325,18.0,0.6040790602564812,0.72087362408638
715,904500.0,7.46875,8.80051717515363,19.788337590063065,21.296804428100586,305.1629977328092,586.0948486328125,-1.0,0.4482067823410034,-1.0,0.6304289102554321,18.0,18.0,0.7241033911705017,0.8152144551277161
716,905400.0,7.479166666666667,10.168535996488174,20.69009702150896,21.394887924194336,290.1400337248218,649.9215698242188,-0.8998132944107056,0.37556666135787964,-1.0,0.6993135213851929,18.851586997509003,18.0,0.6877833306789398,0.8496567606925964
717,906300.0,7.489583333333333,11.60228681957858,20.4106502368532,21.556148529052734,493.7848599512823,735.364990234375,-1.0,0.7208101749420166,-1.0,0.7779614329338074,18.0,18.0,0.8604050874710083,0.8889807164669037
718,907200.0,7.5,12.800000000000011,20.771281274908006,21.727323532104492,536.7335204218274,842.58203125,-1.0,0.6883460283279419,-1.0,0.8784399032592773,18.0,18.0,0.844173014163971,0.9392199516296387
719,908100.0,7.510416666666667,13.782219482942423,20.811398876806265,21.8776912689209,692.6573765132476,962.492431640625,-1.0,0.9994000196456909,-1.0,1.0,18.0,18.0,0.9997000098228455,1.0
720,909000.0,7.520833333333333,14.673480810234537,21.06777108308023,22.057344436645508,740.3970793138984,1000.1433715820312,-1.0,1.0,-1.0,1.0,18.0,18.0,1.0,1.0
721,909900.0,7.53125,15.328001732409405,21.29624970663218,22.228708267211914,782.6685352082935,1035.2943115234375,-1.0,1.0,-1.0,1.0,18.0,18.0,1.0,1.0
722,910800.0,7.541666666666667,15.600000000000023,21.49955028137697,22.366456985473633,820.2799676007136,1061.612548828125,-1.0,1.0,-1.0,1.0,18.0,18.0,1.0,1.0
723,911700.0,7.552083333333333,15.53120535714288,21.67053807002759,22.44963264465332,851.9059901524887,1073.656005859375,-1.0,1.0,-1.0,1.0,18.0,18.0,1.0,1.0
724,912600.0,7.5625,15.33440476190475,21.811718910046068,22.476045608520508,878.0088649819144,1071.5360107421875,-1.0,1.0,-1.0,1.0,18.0,18.0,1.0,1.0
725,913500.0,7.572916666666667,15.120401785714307,21.92630578921552,22.464618682861328,899.1842451723173,1061.18017578125,-1.0,1.0,-1.0,1.0,18.0,18.0,1.0,1.0
726,914400.0,7.583333333333333,15.0,22.02058817355885,22.431684494018555,916.5991817259861,1046.91357421875,-1.0,1.0,-1.0,1.0,18.0,18.0,1.0,1.0
727,915300.0,7.59375,14.986249999999984,22.101865721211993,22.419164657592773,931.6089385515093,1001.9803466796875,-1.0,1.0,-1.0,0.9497125744819641,18.0,18.0,1.0,0.9748562872409821
728,916200.0,7.604166666666667,15.0,22.169677375189565,22.430484771728516,944.1313977545641,954.8062744140625,-1.0,1.0,-1.0,0.8883558511734009,18.0,18.0,1.0,0.9441779255867004
729,917100.0,7.614583333333333,15.013750000000016,22.22257612813314,22.45513916015625,953.8999121959047,911.3030395507812,-1.0,1.0,-1.0,0.8286405801773071,18.0,18.0,1.0,0.9143202900886536
730,918000.0,7.625,15.0,22.2565207721683,22.488073348999023,960.1663152353404,870.130859375,-1.0,1.0,-1.0,0.7706398963928223,18.0,18.0,1.0,0.8853199481964111
731,918900.0,7.635416666666667,14.930881696428571,22.48099547068324,22.701215744018555,887.0014049131273,766.471923828125,-1.0,0.8240536451339722,-1.0,0.590753436088562,18.0,18.0,0.9120268225669861,0.795376718044281
732,919800.0,7.645833333333333,14.760684523809516,22.52715224894422,22.81768035888672,869.3154309294583,745.2282104492188,-1.0,0.7836083173751831,-1.0,0.5506632328033447,18.0,18.0,0.8918041586875916,0.7753316164016724
733,920700.0,7.65625,14.435145089285697,22.600407751637135,22.893800735473633,828.9909826659343,715.9155883789062,-1.0,0.699370801448822,-1.0,0.5081374645233154,18.0,18.0,0.849685400724411,0.7540687322616577
734,921600.0,7.666666666666667,13.899999999999977,22.610417652471824,22.958139419555664,785.410760380705,679.2265014648438,-1.0,0.6247845888137817,-1.0,0.45988351106643677,18.0,18.0,0.8123922944068909,0.7299417555332184
735,922500.0,7.677083333333333,12.931183035714298,22.91083709000361,23.208614349365234,657.452563696386,601.8991088867188,-1.0,0.3345907926559448,-1.0,0.32602041959762573,18.0,18.0,0.6672953963279724,0.6630102097988129
736,923400.0,7.6875,11.55785714285713,22.80367875206059,23.268091201782227,617.1817329728025,575.154541015625,-1.0,0.28577589988708496,-1.0,0.304236501455307,18.0,18.0,0.6428879499435425,0.6521182507276535
737,924300.0,7.697916666666667,10.105602678571415,22.73698681861316,23.215862274169922,557.358043064041,529.1000366210938,-1.0,0.18906940519809723,-1.0,0.2704169452190399,18.0,18.0,0.5945347025990486,0.63520847260952
738,925200.0,7.708333333333333,8.899999999999977,22.59642887179092,23.084165573120117,515.912761530932,478.5796203613281,-1.0,0.13828155398368835,-1.0,0.234162375330925,18.0,18.0,0.5691407769918442,0.6170811876654625
739,926100.0,7.71875,7.921601562499973,22.851093075330084,23.010520935058594,419.4608750943234,415.22003173828125,-0.9049580693244934,0.05366165563464165,-0.9711934328079224,0.1880389153957367,18.807856410741806,18.24485582113266,0.5268308278173208,0.5940194576978683
740,927000.0,7.729166666666667,6.989687500000002,22.470069752133213,22.79085350036621,433.5560703416748,379.0442199707031,-0.9524008631706238,0.08010828495025635,-0.9608913660049438,0.1728176474571228,18.404592663049698,18.332423388957977,0.5400541424751282,0.5864088237285614
741,927900.0,7.739583333333333,6.187929687500002,22.720512366472633,22.57273292541504,350.50251648761326,322.4126892089844,-0.8578824400901794,0.009847089648246765,-0.9164771437644958,0.1447771042585373,19.207999259233475,18.709944278001785,0.5049235448241234,0.5723885521292686
742,928800.0,7.75,5.600000000000023,22.318383219434793,22.347055435180664,379.5127894540842,274.6949462890625,-0.920920193195343,0.0504828616976738,-0.8726597428321838,0.1256091296672821,18.672178357839584,19.082392185926437,0.5252414308488369,0.562804564833641
743,929700.0,7.760416666666667,5.195733963815769,22.183211314979303,22.345172882080078,222.40865386379951,215.9743194580078,-0.7682751417160034,-0.01468292623758316,-0.7733242511749268,0.11162012815475464,19.96966129541397,19.926743865013123,0.4926585368812084,0.5558100640773773
744,930600.0,7.770833333333333,4.875082236842104,22.154011115155186,22.32059669494629,189.61785416978105,201.79649353027344,-0.7249951362609863,5.811452865600586e-05,-0.7591439485549927,0.11795821785926819,20.337541341781616,20.047276437282562,0.500029057264328,0.5589791089296341
745,931500.0,7.78125,4.616889391447387,22.041218034867484,22.339557647705078,174.17693838917708,188.07058715820312,-0.7149009108543396,0.01371467113494873,-0.7491977214813232,0.11278317123651505,20.423342257738113,20.131819367408752,0.5068573355674744,0.5563915856182575
746,932400.0,7.791666666666667,4.399999999999977,22.010441258143942,22.357433319091797,148.80707355120194,180.8968048095703,-0.6870417594909668,0.012295141816139221,-0.7518019080162048,0.1116071343421936,20.660145044326782,20.10968378186226,0.5061475709080696,0.5558035671710968
747,933300.0,7.802083333333333,4.2619517543859615,22.00219225116581,22.43180274963379,124.57125400076224,168.6483917236328,-0.6556102633476257,0.021645531058311462,-0.7321310639381409,0.11111440509557724,20.92731276154518,20.276885956525803,0.5108227655291557,0.5555572025477886
748,934200.0,7.8125,4.19349415204681,21.9371565928206,22.450733184814453,110.85266923876254,166.2770538330078,-0.6451384425163269,0.027143001556396484,-0.7396568655967712,0.11333365738391876,21.01632323861122,20.212916642427444,0.5135715007781982,0.5566668286919594
749,935100.0,7.822916666666667,4.103289473684185,21.911644262998266,22.46541976928711,92.45675440304086,160.5751495361328,-0.6259309649467468,0.023753203451633453,-0.7393031120300293,0.10809442400932312,21.179586797952652,20.21592354774475,0.5118766017258167,0.5540472120046616
750,936000.0,7.833333333333333,3.8999999999999773,21.849191515987968,22.46002960205078,79.40032846389771,155.16127014160156,-0.6170608401298523,0.02370944619178772,-0.7390434741973877,0.10313025116920471,21.254982858896255,20.218130469322205,0.5118547230958939,0.5515651255846024
751,936900.0,7.84375,3.44739583333336,22.039062901861655,22.609342575073242,33.08575150773261,135.84141540527344,-0.5366860628128052,0.02853401005268097,-0.6709491610527039,0.10563895106315613,21.938168466091156,20.796932131052017,0.5142670050263405,0.5528194755315781
752,937800.0,7.854166666666667,2.8000000000000114,21.861049162504344,22.562313079833984,33.922718665557134,134.7416534423828,-0.556920051574707,0.046421267092227936,-0.6784299612045288,0.11278433352708817,21.76617956161499,20.733345329761505,0.523210633546114,0.5563921667635441
753,938700.0,7.864583333333333,2.152604166666663,21.89678513613643,22.49917984008789,98.39728333713117,123.81128692626953,-0.5136213898658752,0.024989239871501923,-0.6612246036529541,0.09958148002624512,22.13421818614006,20.87959086894989,0.512494619935751,0.5497907400131226
754,939600.0,7.875,1.6999999999999886,21.816683407883716,22.41695785522461,143.69085681863868,114.61492156982422,-0.5060265064239502,0.023023314774036407,-0.6448819041252136,0.08796863257884979,22.198774695396423,21.018503814935684,0.5115116573870182,0.5439843162894249
755,940500.0,7.885416666666667,1.4181842672413723,21.893374708796784,22.432472229003906,250.9181654830788,104.3187484741211,-0.45536041259765625,0.00836077332496643,-0.6049802303314209,0.07506337016820908,22.629436492919922,21.357668042182922,0.5041803866624832,0.5375316850841045
756,941400.0,7.895833333333333,1.147102490421446,21.86718368329963,22.40713119506836,304.72280100509903,100.83829498291016,-0.4370208978652954,0.0005438476800918579,-0.596194863319397,0.06737671792507172,22.78532236814499,21.432343661785126,0.5002719238400459,0.5336883589625359
757,942300.0,7.90625,0.8774694683908137,21.874372289478515,22.390018463134766,372.6319371500561,96.7413101196289,-0.4074331521987915,-0.01693016290664673,-0.5838925242424011,0.053855109959840775,23.036818206310272,21.53691354393959,0.49153491854667664,0.5269275549799204
758,943200.0,7.916666666666667,0.6000000000000227,21.86127758918508,22.369760513305664,429.09905727314884,93.4839859008789,-0.3842756748199463,-0.03159834444522858,-0.5742732882499695,0.040960893034935,23.233656764030457,21.61867704987526,0.4842008277773857,0.5204804465174675
759,944100.0,7.927083333333333,0.22435344827584913,21.923450516741923,22.424840927124023,518.4642440289894,88.70186614990234,-0.33772939443588257,-0.04891641438007355,-0.5434824824333191,0.026446476578712463,23.629300147294998,21.880398899316788,0.4755417928099632,0.5132232382893562
760,945000.0,7.9375,-0.21724137931033738,21.90907935126586,22.3862361907959,573.6808951811026,87.2027816772461,-0.31379976868629456,-0.06214849650859833,-0.5406693816184998,0.018494263291358948,23.832701966166496,21.904310256242752,0.46892575174570084,0.5092471316456795
761,945900.0,7.947916666666667,-0.5502155172413836,21.90612471572348,22.34848403930664,632.2271431837662,83.96356964111328,-0.2848161458969116,-0.08075371384620667,-0.5260670781135559,0.00205916166305542,24.07906275987625,22.028429836034775,0.45962314307689667,0.5010295808315277
762,946800.0,7.958333333333333,-0.6000000000000227,21.904887628815686,22.320449829101562,681.1234748358767,81.36991119384766,-0.2589610517024994,-0.09804536402225494,-0.5117834806442261,-0.013404756784439087,24.298831060528755,22.14984041452408,0.45097731798887253,0.49329762160778046
763,947700.0,7.96875,-0.44999999999998863,21.890494676173432,22.301450729370117,711.4314418535874,80.2790756225586,-0.24292296171188354,-0.11186788976192474,-0.5064736008644104,-0.025105684995651245,24.43515482544899,22.19497439265251,0.44406605511903763,0.4874471575021744
764,948600.0,7.979166666666667,-0.30000000000001137,21.90042475590633,22.33304214477539,745.4283665511895,79.12422943115234,-0.21983139216899872,-0.13090930879116058,-0.49517226219177246,-0.04145441949367523,24.63143316656351,22.291035771369934,0.4345453456044197,0.4792727902531624
765,949500.0,7.989583333333333,-0.14999999999997726,21.91318638072272,22.350502014160156,775.9162420891936,78.67546081542969,-0.19741056859493256,-0.14902864396572113,-0.4896494746208191,-0.054947420954704285,24.822010166943073,22.337979465723038,0.42548567801713943,0.47252628952264786
766,950400.0,8.0,0.0,21.927936649459298,22.36733055114746,805.8549708191333,77.89089965820312,-0.17390483617782593,-0.1676061600446701,-0.48024439811706543,-0.0707901269197464,25.02180889248848,22.417922616004944,0.41619691997766495,0.4646049365401268
767,951300.0,8.010416666666666,0.17812500000002274,21.92298041574128,22.353347778320312,826.808028367105,77.56288146972656,-0.1573619544506073,-0.18330954015254974,-0.47710055112838745,-0.0835360586643219,25.162423387169838,22.444645315408707,0.40834522992372513,0.45823197066783905
768,952200.0,8.020833333333334,0.375,21.934464163807718,22.36328887939453,855.1272825770178,76.4314956665039,-0.13272342085838318,-0.20280785858631134,-0.4627939462661743,-0.10131531953811646,25.371850922703743,22.56625145673752,0.39859607070684433,0.4493423402309418
769,953100.0,8.03125,0.5343750000000114,21.94968967124487,22.375181198120117,885.2469815362253,75.55138397216797,-0.10578078031539917,-0.222013458609581,-0.4490755796432495,-0.11701692640781403,25.600863367319107,22.68285757303238,0.3889932706952095,0.441491536796093
770,954000.0,8.041666666666666,0.6000000000000227,21.966830775139158,22.381479263305664,917.1740131645382,74.60688781738281,-0.07633602619171143,-0.24140293896198273,-0.4344339966773987,-0.13249413669109344,25.851143777370453,22.80731102824211,0.37929853051900864,0.4337529316544533
771,954900.0,8.052083333333334,0.5343750000000114,22.02997083934531,22.401813507080078,971.575295553672,73.64279174804688,-0.04070717841386795,-0.24263496696949005,-0.4111289381980896,-0.13225434720516205,26.153988983482122,23.00540402531624,0.378682516515255,0.433872826397419
772,955800.0,8.0625,0.375,22.046230520967015,22.384904861450195,1007.0261855471911,72.6362075805664,-0.012203611433506012,-0.2551836371421814,-0.3961912989616394,-0.14083877205848694,26.3962693028152,23.132373958826065,0.3724081814289093,0.42958061397075653
773,956700.0,8.072916666666666,0.17812500000002274,22.055923996465538,22.353761672973633,1043.637314720274,71.22654724121094,0.019747808575630188,-0.27130329608917236,-0.37874525785446167,-0.15259839594364166,26.667856372892857,23.280665308237076,0.3643483519554138,0.42370080202817917
774,957600.0,8.083333333333334,0.0,22.063746239528598,22.319551467895508,1080.3788570816273,69.77973937988281,0.051628634333610535,-0.2858392000198364,-0.36065948009490967,-0.16328980028629303,26.93884339183569,23.434394419193268,0.3570803999900818,0.4183550998568535
775,958500.0,8.09375,-0.1640625,22.109268886014263,22.334915161132812,1132.2883695441876,67.91485595703125,0.09841173887252808,-0.3013905882835388,-0.32869696617126465,-0.1751280575990677,27.33649978041649,23.70607578754425,0.3493047058582306,0.41243597120046616
776,959400.0,8.104166666666666,-0.33749999999997726,22.13794198870022,22.3238468170166,1174.7055793095642,66.96503448486328,0.13452695310115814,-0.3114980459213257,-0.3133586645126343,-0.17885686457157135,27.643479101359844,23.83645135164261,0.34425097703933716,0.4105715677142143
777,960300.0,8.114583333333334,-0.4921875,22.16043648259182,22.302234649658203,1213.7405382659167,65.98399353027344,0.1666228175163269,-0.319275438785553,-0.2999345064163208,-0.183179572224617,27.91629394888878,23.950556695461273,0.3403622806072235,0.4084102138876915
778,961200.0,8.125,-0.6000000000000227,22.183629041502172,22.281509399414062,1251.6492123515295,65.08675384521484,0.19439302384853363,-0.32285207509994507,-0.28822028636932373,-0.18567456305027008,28.152340702712536,24.05012756586075,0.33857396245002747,0.40716271847486496
779,962100.0,8.135416666666666,-0.6421874999999773,22.16212882865085,22.263835906982422,1267.8181364459176,63.63688659667969,0.23023895919322968,-0.34918850660324097,-0.27092045545578003,-0.21008922159671783,28.457031153142452,24.19717612862587,0.3254057466983795,0.3949553892016411
780,963000.0,8.145833333333334,-0.6374999999999886,22.20595657089416,22.267196655273438,1312.7824677453852,62.89619445800781,0.25981682538986206,-0.3475128412246704,-0.25941866636276245,-0.21187885105609894,28.708443015813828,24.29494133591652,0.3262435793876648,0.39406057447195053
781,963900.0,8.15625,-0.6140624999999886,22.271504381852026,22.272798538208008,1360.2255031426093,62.62229537963867,0.27607589960098267,-0.3314976692199707,-0.2556072473526001,-0.2045634537935257,28.846645146608353,24.3273383975029,0.33425116539001465,0.39771827310323715
782,964800.0,8.166666666666666,-0.6000000000000227,22.34712324777763,22.27629852294922,1406.8247159706364,62.607391357421875,0.28302687406539917,-0.3070884943008423,-0.2565051317214966,-0.19194395840168,28.905728429555893,24.31970638036728,0.34645575284957886,0.40402802079916
783,965700.0,8.177083333333334,-0.6000000000000227,22.484652180296052,22.348764419555664,1479.1502059685192,62.17316436767578,0.3058440685272217,-0.27794623374938965,-0.23840120434761047,-0.17536289989948273,29.099674582481384,24.47358976304531,0.3610268831253052,0.41231855005025864
784,966600.0,8.1875,-0.6000000000000227,22.596635884171917,22.360347747802734,1538.9806041592337,62.98106384277344,0.3051328659057617,-0.23566876351833344,-0.2469695657491684,-0.14205549657344818,29.093629360198975,24.40075869113207,0.3821656182408333,0.4289722517132759
785,967500.0,8.197916666666666,-0.6000000000000227,22.667020300086563,22.35042953491211,1582.04105352027,63.88242721557617,0.2926108241081238,-0.1930224448442459,-0.2581610679626465,-0.10722322762012482,28.987192004919052,24.305630922317505,0.40348877757787704,0.4463883861899376
786,968400.0,8.208333333333334,-0.6000000000000227,22.696362148699393,22.3214111328125,1609.2589114446475,65.11897277832031,0.2721589207649231,-0.15270106494426727,-0.2728334665298462,-0.06733323633670807,28.813350826501846,24.180915534496307,0.42364946752786636,0.46633338183164597
787,969300.0,8.21875,-0.6000000000000227,22.610018012515923,22.249032974243164,1586.9672388421254,65.69772338867188,0.25232839584350586,-0.15312351286411285,-0.28731298446655273,-0.05843600630760193,28.6447913646698,24.0578396320343,0.4234382435679436,0.47078199684619904
788,970200.0,8.229166666666666,-0.6000000000000227,22.569601599331236,22.185195922851562,1591.7085143592233,66.85964965820312,0.2316797822713852,-0.13166582584381104,-0.3004893660545349,-0.02647089958190918,28.469278149306774,23.945840388536453,0.4341670870780945,0.4867645502090454
789,971100.0,8.239583333333334,-0.6000000000000227,22.507087744204682,22.08123207092285,1586.7121647574459,68.7229995727539,0.19951264560222626,-0.10313023626804352,-0.31968408823013306,0.01270119845867157,28.195857487618923,23.78268525004387,0.44843488186597824,0.5063505992293358
790,972000.0,8.25,-0.6000000000000227,22.417365846512894,21.9506778717041,1571.291861417118,70.54881286621094,0.16324004530906677,-0.07725302875041962,-0.33723127841949463,0.0473250113427639,27.887540385127068,23.633534133434296,0.4613734856247902,0.523662505671382
791,972900.0,8.260416666666666,-0.8210227272727479,22.236296615575384,21.786396026611328,1521.4484007131734,71.47242736816406,0.1291593760251999,-0.0883696973323822,-0.35531193017959595,0.04900127649307251,27.5978546962142,23.479848593473434,0.4558151513338089,0.5245006382465363
792,973800.0,8.270833333333334,-1.3227272727272634,22.088685566182505,21.606456756591797,1505.38032053124,72.44092559814453,0.09612081944942474,-0.07554793357849121,-0.3699820041656494,0.06595385074615479,27.31702696532011,23.35515296459198,0.4622260332107544,0.5329769253730774
793,974700.0,8.28125,-1.8630681818181642,21.922161887394736,21.40595817565918,1487.6782467304222,73.29084014892578,0.05409450829029083,-0.05278974771499634,-0.38647961616516113,0.08720123767852783,26.959803320467472,23.21492326259613,0.47360512614250183,0.5436006188392639
794,975600.0,8.291666666666666,-2.1999999999999886,21.762409311845488,21.272024154663086,1462.0566430985773,73.9839859008789,0.010932490229606628,-0.030293092131614685,-0.401298463344574,0.10635028034448624,26.592926166951656,23.08896306157112,0.48485345393419266,0.5531751401722431
795,976500.0,8.302083333333334,-2.2598758971291772,21.438907698718936,21.068126678466797,1335.6108153600564,76.82020568847656,-0.06410422921180725,-0.052761152386665344,-0.4664239287376404,0.08355388045310974,25.95511405169964,22.535396605730057,0.47361942380666733,0.5417769402265549
796,977400.0,8.3125,-2.1134569377990147,21.347289562205276,21.2408504486084,1259.457116688241,78.17982482910156,-0.1091260313987732,-0.04632404446601868,-0.48506689071655273,0.08072251081466675,25.572428733110428,22.3769314289093,0.47683797776699066,0.5403612554073334
797,978300.0,8.322916666666666,-1.7353095095693902,21.27666913364169,21.40144157409668,1152.3109963017732,87.19303894042969,-0.1749628484249115,-0.016231268644332886,-0.5478118062019348,0.10748638212680817,25.012815788388252,21.843599647283554,0.49188436567783356,0.5537431910634041
798,979200.0,8.333333333333334,-1.1000000000000227,21.304421157784873,21.53348731994629,1000.1411508955536,98.26219177246094,-0.2426297515630722,0.013360768556594849,-0.602810263633728,0.12804663181304932,24.437647111713886,21.37611275911331,0.5066803842782974,0.5640233159065247
799,980100.0,8.34375,-0.20098684210523743,21.606996484816364,21.156185150146484,434.51397649105616,124.31407165527344,-0.4227224588394165,0.02763533592224121,-0.7492273449897766,0.12206126749515533,22.90685909986496,20.1315675675869,0.5138176679611206,0.5610306337475777
800,981000.0,8.354166666666666,0.8500000000000227,20.99622177981348,21.3359317779541,35.54668201734796,122.43949890136719,-0.655426561832428,0.09784211218357086,-0.7275876402854919,0.0967833399772644,20.928874224424362,20.31550505757332,0.5489210560917854,0.5483916699886322
801,981900.0,8.364583333333334,1.900986842105283,21.133680583936496,21.296283721923828,73.60229543022447,148.55899047851562,-0.686903715133667,0.07261565327644348,-0.7783750891685486,0.12999099493026733,20.66131842136383,19.883811742067337,0.5363078266382217,0.5649954974651337
802,982800.0,8.375,2.8000000000000114,21.151621026872363,21.391902923583984,133.49555691289237,163.48545837402344,-0.750347912311554,0.09971757233142853,-0.7827485799789429,0.14088529348373413,20.12204274535179,19.846637070178986,0.5498587861657143,0.5704426467418671
803,983700.0,8.385416666666666,3.528715957772363,21.117210727328256,21.192646026611328,194.5033585465561,208.42398071289062,-0.817758321762085,0.12748220562934875,-0.8632921576499939,0.1769622266292572,19.549054265022278,19.162016659975052,0.5637411028146744,0.5884811133146286
804,984600.0,8.395833333333334,4.204207466340279,21.3125852402423,21.298049926757812,232.39376464228513,214.65467834472656,-0.830467164516449,0.15184108912944794,-0.8482152223587036,0.17811182141304016,19.441029101610184,19.29017060995102,0.575920544564724,0.5890559107065201
805,985500.0,8.40625,4.8775952417380495,21.34792263061729,21.321918487548828,297.1008681514482,252.81788635253906,-0.8773919343948364,0.21261662244796753,-0.8806266784667969,0.21355265378952026,19.04216855764389,19.014673233032227,0.6063083112239838,0.6067763268947601
806,986400.0,8.416666666666666,5.600000000000023,21.536653788918386,21.419700622558594,342.9885453053119,281.7215881347656,-0.8893585205078125,0.2519508898258209,-0.8909500241279602,0.23756587505340576,18.940452575683594,18.92692479491234,0.6259754449129105,0.6187829375267029
807,987300.0,8.427083333333334,6.5030411449016015,21.15581666506432,21.079980850219727,497.8125601520686,388.84716796875,-1.0,0.47032642364501953,-1.0,0.34880849719047546,18.0,18.0,0.7351632118225098,0.6744042485952377
808,988200.0,8.4375,7.5608228980322,21.475893000878727,21.252552032470703,530.9491608529713,380.6528625488281,-0.9886861443519592,0.4762263894081116,-0.9640691876411438,0.3395526111125946,18.096167773008347,18.305411905050278,0.7381131947040558,0.6697763055562973
809,989100.0,8.447916666666666,8.58819320214667,21.510050420625078,21.319360733032227,636.7377816110799,458.13043212890625,-1.0,0.6579516530036926,-1.0,0.4035985469818115,18.0,18.0,0.8289758265018463,0.7017992734909058
810,990000.0,8.458333333333334,9.399999999999977,21.688343767559104,21.488609313964844,706.2044838680047,509.0946044921875,-1.0,0.7376737594604492,-1.0,0.4482375383377075,18.0,18.0,0.8688368797302246,0.7241187691688538
811,990900.0,8.46875,9.782478632478615,21.77913505657955,21.63614845275879,802.4111013117434,579.0347900390625,-1.0,0.8827973008155823,-1.0,0.5279138088226318,18.0,18.0,0.9413986504077911,0.7639569044113159
812,991800.0,8.479166666666666,9.827635327635335,21.895106076614525,21.74343490600586,879.7364441017803,634.55029296875,-1.0,0.9776687026023865,-1.0,0.5911749601364136,18.0,18.0,0.9888343513011932,0.7955874800682068
813,992700.0,8.489583333333334,9.808974358974353,22.071460164556242,21.812789916992188,926.1412609163705,673.0548706054688,-1.0,1.0,-1.0,0.6377152800559998,18.0,18.0,1.0,0.8188576400279999
814,993600.0,8.5,10.0,22.264991796778702,21.869186401367188,961.9436827137462,698.5010986328125,-1.0,1.0,-1.0,0.6671215295791626,18.0,18.0,1.0,0.8335607647895813
815,994500.0,8.510416666666666,10.519444444444446,22.45353250947352,21.833532333374023,996.8278200089077,776.1177978515625,-1.0,1.0,-1.0,0.7890917658805847,18.0,18.0,1.0,0.8945458829402924
816,995400.0,8.520833333333334,11.181481481481455,22.636776991552097,21.87928581237793,1030.745053084248,804.2799072265625,-1.0,1.0,-1.0,0.8157265782356262,18.0,18.0,1.0,0.9078632891178131
817,996300.0,8.53125,11.802777777777806,22.80324159682658,21.96164894104004,1061.5704753174623,839.4201049804688,-1.0,1.0,-1.0,0.8429057002067566,18.0,18.0,1.0,0.9214528501033783
818,997200.0,8.541666666666666,12.199999999999989,22.952257657400935,22.044084548950195,1089.171578856995,876.1422729492188,-1.0,1.0,-1.0,0.8731229901313782,18.0,18.0,1.0,0.9365614950656891
819,998100.0,8.552083333333334,12.302891156462579,23.0808411000948,22.155277252197266,1112.9814465921258,865.0471801757812,-1.0,1.0,-1.0,0.8323079347610474,18.0,18.0,1.0,0.9161539673805237
820,999000.0,8.5625,12.25030234315949,23.186683608798035,22.212621688842773,1132.5662711413097,868.4597778320312,-1.0,1.0,-1.0,0.8290737271308899,18.0,18.0,1.0,0.914536863565445
821,999900.0,8.572916666666666,12.17256235827665,23.27148628291684,22.238506317138672,1148.2438696518734,856.3850708007812,-1.0,1.0,-1.0,0.812835156917572,18.0,18.0,1.0,0.906417578458786
822,1000800.0,8.583333333333334,12.199999999999989,23.33843040761326,22.256389617919922,1160.613923849034,832.9573364257812,-1.0,1.0,-1.0,0.7820358872413635,18.0,18.0,1.0,0.8910179436206818
823,1001700.0,8.59375,12.450293921916568,23.391939266851523,22.32215118408203,1170.5057589607784,788.0706787109375,-1.0,1.0,-1.0,0.7077332139015198,18.0,18.0,1.0,0.8538666069507599
824,1002600.0,8.604166666666666,12.835647737355828,23.43182761395434,22.385543823242188,1177.885885408044,771.9168701171875,-1.0,1.0,-1.0,0.6740375757217407,18.0,18.0,1.0,0.8370187878608704
825,1003500.0,8.614583333333334,13.178177684117145,23.456538532195907,22.44968032836914,1182.4657007198327,761.8306884765625,-1.0,1.0,-1.0,0.648064374923706,18.0,18.0,1.0,0.824032187461853
826,1004400.0,8.625,13.300000000000011,23.460388183527357,22.50922203063965,1183.1903602166262,750.296630859375,-1.0,1.0,-1.0,0.6223436594009399,18.0,18.0,1.0,0.81117182970047
827,1005300.0,8.635416666666666,13.132614871541477,23.437431789511322,22.735923767089844,1178.9556784088466,676.6342163085938,-1.0,1.0,-1.0,0.4771449565887451,18.0,18.0,1.0,0.7385724782943726
828,1006200.0,8.645833333333334,12.7681324110672,23.414901267103687,22.841554641723633,1159.7435371752927,663.7872924804688,-1.0,0.9801366925239563,-1.0,0.4544444680213928,18.0,18.0,0.9900683462619781,0.7272222340106964
829,1007100.0,8.65625,12.269583745059265,23.440770620506214,22.89273452758789,1108.3385213977042,636.01025390625,-1.0,0.9050891995429993,-1.0,0.4201781153678894,18.0,18.0,0.9525445997714996,0.7100890576839447
830,1008000.0,8.666666666666666,11.699999999999989,23.44365464273858,22.92615509033203,1045.192012173687,600.23974609375,-1.0,0.817698061466217,-1.0,0.37797409296035767,18.0,18.0,0.9088490307331085,0.6889870464801788
831,1008900.0,8.677083333333334,11.09252029220778,23.754219265756603,23.035863876342773,890.2458564652624,548.51611328125,-1.0,0.5276645421981812,-1.0,0.2983095645904541,18.0,18.0,0.7638322710990906,0.649154782295227
832,1009800.0,8.6875,10.430811688311678,23.67082043977757,23.080358505249023,836.8595112395567,520.8670654296875,-1.0,0.46555662155151367,-1.0,0.2689149081707001,18.0,18.0,0.7327783107757568,0.63445745408535
833,1010700.0,8.697916666666666,9.703697240259714,23.666221577280567,23.07546043395996,759.5491147696997,491.0261535644531,-1.0,0.34803491830825806,-1.0,0.24137021601200104,18.0,18.0,0.674017459154129,0.6206851080060005
834,1011600.0,8.708333333333334,8.899999999999977,23.54819253687492,23.013824462890625,708.44249300945,459.91278076171875,-1.0,0.28989148139953613,-1.0,0.2161872535943985,18.0,18.0,0.6449457406997681,0.6080936267971992
835,1012500.0,8.71875,7.878191964285691,23.605771595125816,23.16693687438965,623.7937163394562,383.7096252441406,-0.9926171898841858,0.15200228989124298,-0.9137635231018066,0.1803901642560959,18.06275388598442,18.733010053634644,0.5760011449456215,0.5901950821280479
836,1013400.0,8.729166666666666,6.645892857142883,23.38520288098897,22.900142669677734,598.9838071429523,377.49114990234375,-1.0,0.1382417380809784,-0.9327061772346497,0.19422440230846405,18.0,18.571997493505478,0.5691208690404892,0.597112201154232
837,1014300.0,8.739583333333334,5.415647321428594,23.36124557487625,22.692222595214844,543.6303537681301,305.81396484375,-0.9688221216201782,0.09304319322109222,-0.8709614872932434,0.15737564861774445,18.265011966228485,19.09682735800743,0.5465215966105461,0.5786878243088722
838,1015200.0,8.75,4.399999999999977,23.14901812398756,22.39816665649414,527.5552149773076,257.6201171875,-0.9757726192474365,0.09188634157180786,-0.8304455280303955,0.1445014476776123,18.20593273639679,19.441213011741638,0.5459431707859039,0.5722507238388062
839,1016100.0,8.760416666666666,3.6119140624999773,22.837530414334026,22.375261306762695,386.8360865796166,189.21131896972656,-0.868228554725647,0.051808156073093414,-0.7109516859054565,0.12427736818790436,19.120057284832,20.45691066980362,0.5259040780365467,0.5621386840939522
840,1017000.0,8.770833333333334,2.9526041666666742,22.908058055379797,22.309579849243164,321.8914002246594,172.1490478515625,-0.7859346866607666,0.04137226194143295,-0.6915090084075928,0.13249695301055908,19.819555163383484,20.62217342853546,0.5206861309707165,0.5662484765052795
841,1017900.0,8.78125,2.4669921875000114,22.64107818762011,22.289379119873047,320.7398171222257,155.30950927734375,-0.8025304079055786,0.07309623062610626,-0.6738269925117493,0.12536592781543732,19.678491532802582,20.77247056365013,0.5365481153130531,0.5626829639077187
842,1018800.0,8.791666666666666,2.1999999999999886,22.702082317777524,22.28303337097168,268.931816159322,145.56329345703125,-0.7407003045082092,0.05441821739077568,-0.6690914034843445,0.12209425866603851,20.20404741168022,20.812723070383072,0.5272091086953878,0.5610471293330193
843,1019700.0,8.802083333333334,2.068661221590901,22.579138613287682,22.367544174194336,254.19390892339968,133.86709594726562,-0.7300083637237549,0.07591025531291962,-0.6429244875907898,0.11768630146980286,20.294928908348083,21.035141855478287,0.5379551276564598,0.5588431507349014
844,1020600.0,8.8125,1.9508049242424477,22.57313384678423,22.3953857421875,220.52269412904388,132.6601104736328,-0.6930474638938904,0.06885865330696106,-0.6517311930656433,0.1207108348608017,20.60909655690193,20.960284858942032,0.5344293266534805,0.5603554174304008
845,1021500.0,8.822916666666666,1.8325461647727366,22.456462590847593,22.403900146484375,206.30784063371803,128.88343811035156,-0.6879228949546814,0.07560469210147858,-0.6537749171257019,0.11625578254461288,20.652655392885208,20.942913204431534,0.5378023460507393,0.5581278912723064
846,1022400.0,8.833333333333334,1.6999999999999886,22.435419952044924,22.396818161010742,177.9524896502831,124.58625793457031,-0.659110963344574,0.06684538722038269,-0.6528447866439819,0.11071523278951645,20.89755681157112,20.950819313526154,0.5334226936101913,0.5553576163947582
847,1023300.0,8.84375,1.5571022727272634,22.41246469354172,22.437021255493164,153.37068416682934,116.92565155029297,-0.6314522624015808,0.07142391055822372,-0.6282539367675781,0.10717979073524475,21.132655769586563,21.159841537475586,0.5357119552791119,0.5535898953676224
848,1024200.0,8.854166666666666,1.4132575757575978,22.351574361215796,22.420915603637695,135.19565857924994,113.93158721923828,-0.6176191568374634,0.06865645945072174,-0.6262843012809753,0.10371047258377075,21.25023716688156,21.17658343911171,0.5343282297253609,0.5518552362918854
849,1025100.0,8.864583333333334,1.262784090909065,22.309404776771146,22.402271270751953,114.75808487569658,109.14946746826172,-0.5998018980026245,0.06039320304989815,-0.6170498132705688,0.09357191622257233,21.40168386697769,21.255076587200165,0.5301966015249491,0.5467859581112862
850,1026000.0,8.875,1.1000000000000227,22.250662980841753,22.378934860229492,97.49953726840266,104.90180969238281,-0.5872454047203064,0.05307288095355034,-0.6080695390701294,0.08332492411136627,21.508414059877396,21.3314089179039,0.5265364404767752,0.5416624620556831
851,1026900.0,8.885416666666666,0.8729403409091105,22.30134577271184,22.44894027709961,65.55225771036795,97.8951644897461,-0.5441762208938599,0.041877612471580505,-0.5712418556213379,0.07123816013336182,21.87450212240219,21.644444227218628,0.5209388062357903,0.5356190800666809
852,1027800.0,8.895833333333334,0.5736742424242607,22.203470577551457,22.42363166809082,54.78396793952946,96.4291763305664,-0.5427564978599548,0.040090128779411316,-0.5703721046447754,0.0666419118642807,21.886569768190384,21.65183711051941,0.5200450643897057,0.5333209559321404
853,1028700.0,8.90625,0.26257102272728616,22.189256574419403,22.401569366455078,31.356004292889583,92.58892822265625,-0.5173828601837158,0.022915542125701904,-0.5578349828720093,0.05251676216721535,22.102245688438416,21.75840264558792,0.511457771062851,0.5262583810836077
854,1029600.0,8.916666666666666,0.0,22.109864615684785,22.373214721679688,37.6154988292851,89.461181640625,-0.5108746290206909,0.015022948384284973,-0.5474188923835754,0.03971780836582184,22.157565653324127,21.84693941473961,0.5075114741921425,0.5198589041829109
855,1030500.0,8.927083333333334,-0.19662433155082226,22.08771067411061,22.367143630981445,103.2997196582534,86.24330139160156,-0.48751646280288696,-0.007474467158317566,-0.5347274541854858,0.02008676528930664,22.35611006617546,21.95481663942337,0.4962627664208412,0.5100433826446533
856,1031400.0,8.9375,-0.356149732620338,22.06593254462456,22.35753631591797,165.679637973613,84.25830841064453,-0.46470481157302856,-0.024290457367897034,-0.5264750123023987,0.006572909653186798,22.550009101629257,22.02496239542961,0.4878547713160515,0.5032864548265934
857,1032300.0,8.947916666666666,-0.487600267379662,22.057023978703285,22.353618621826172,230.68036385383976,82.42899322509766,-0.43826472759246826,-0.042839035391807556,-0.517332911491394,-0.007791288197040558,22.77474981546402,22.10267025232315,0.4785804823040962,0.4961043559014797
858,1033200.0,8.958333333333334,-0.6000000000000227,22.050066242000696,22.349666595458984,293.0719269845675,80.87335205078125,-0.41156554222106934,-0.061536937952041626,-0.508567214012146,-0.022174283862113953,23.00169289112091,22.17717868089676,0.4692315310239792,0.488912858068943
859,1034100.0,8.96875,-0.6783088235293917,22.04385021150381,22.339479446411133,352.34896472909537,79.54928588867188,-0.38514357805252075,-0.07924583554267883,-0.5002103447914124,-0.035550594329833984,23.226279586553574,22.248212069272995,0.4603770822286606,0.482224702835083
860,1035000.0,8.979166666666666,-0.7029411764705742,22.043631324532043,22.33425521850586,409.52429524636,78.13934326171875,-0.3575066924095154,-0.09864304959774017,-0.48933160305023193,-0.050941139459609985,23.46119311451912,22.34068137407303,0.4506784752011299,0.474529430270195
861,1035900.0,8.989583333333334,-0.6761029411764525,22.04758577842557,22.332239151000977,463.5151134647786,76.9023208618164,-0.3294888138771057,-0.11833234131336212,-0.4778482913970947,-0.06640127301216125,23.6993450820446,22.438289523124695,0.44083382934331894,0.4667993634939194
862,1036800.0,9.0,-0.6000000000000227,22.056093504762202,22.333093643188477,514.6430024737024,75.78340911865234,-0.300884485244751,-0.1383047252893448,-0.465529203414917,-0.08208255469799042,23.942481875419617,22.543001770973206,0.4308476373553276,0.4589587226510048
863,1037700.0,9.010416666666666,-0.37279411764706083,21.961302472865498,22.233125686645508,513.0706862660563,76.06604766845703,-0.304587721824646,-0.1666911393404007,-0.4849519729614258,-0.10529400408267975,23.91100436449051,22.37790822982788,0.41665443032979965,0.4473529979586601
864,1038600.0,9.020833333333334,0.005882352941171121,21.968145255885986,22.23990249633789,551.9419452484774,74.25785064697266,-0.2773336172103882,-0.19309069216251373,-0.46503859758377075,-0.13114602863788605,24.1426642537117,22.54717192053795,0.40345465391874313,0.434426985681057
865,1039500.0,9.03125,0.3816176470588175,21.98218288752122,22.272789001464844,585.62841175838,73.7314453125,-0.25237810611724854,-0.21322114765644073,-0.45225030183792114,-0.1473131626844406,24.354786098003387,22.65587243437767,0.39338942617177963,0.4263434186577797
866,1040400.0,9.041666666666666,0.6000000000000227,22.004387519209104,22.30587387084961,622.1982804869355,73.3182373046875,-0.2232484370470047,-0.23470915853977203,-0.4402260184288025,-0.16329972445964813,24.60238828510046,22.75807884335518,0.382645420730114,0.41835013777017593
867,1041300.0,9.052083333333334,0.6330882352941103,22.011915245375462,22.303464889526367,656.7401705308755,73.01034545898438,-0.19835147261619568,-0.24974338710308075,-0.43232810497283936,-0.17369891703128815,24.814012482762337,22.825211107730865,0.3751283064484596,0.4131505414843559
868,1042200.0,9.0625,0.6000000000000227,22.019903744206204,22.284820556640625,693.8814248843485,71.91317749023438,-0.16930978000164032,-0.2682793140411377,-0.41753071546554565,-0.1887391060590744,25.060866869986057,22.950988918542862,0.36586034297943115,0.4056304469704628
869,1043100.0,9.072916666666666,0.5669117647058783,22.03052126541928,22.263957977294922,731.1132700616572,70.60579681396484,-0.13884450495243073,-0.2861441969871521,-0.39960312843322754,-0.203150674700737,25.31982170790434,23.103373408317566,0.35692790150642395,0.3984246626496315
870,1044000.0,9.083333333333334,0.6000000000000227,22.046162125727903,22.248395919799805,766.7442755529755,69.35076904296875,-0.1078391894698143,-0.3029491901397705,-0.3811912536621094,-0.2159939855337143,25.58336688950658,23.25987434387207,0.34852540493011475,0.39200300723314285
871,1044900.0,9.09375,0.7277573529411825,22.02797752462476,22.21076774597168,784.4515799231557,68.5798568725586,-0.08804818242788315,-0.3218808174133301,-0.3746855854988098,-0.23009704053401947,25.751590449362993,23.315172523260117,0.33905959129333496,0.38495147973299026
872,1045800.0,9.104166666666666,0.8941176470588061,22.04019725899451,22.215089797973633,812.2192007438499,67.53743743896484,-0.05943547934293747,-0.33828204870224,-0.3579525351524353,-0.24352045357227325,25.99479842558503,23.4574034512043,0.33085897564888,0.3782397732138634
873,1046700.0,9.114583333333334,1.038419117647038,22.057464776756547,22.235342025756836,840.2022583550416,66.88465881347656,-0.031928692013025284,-0.3505687117576599,-0.3451741933822632,-0.2519186735153198,26.228606117889285,23.566019356250763,0.32471564412117004,0.3740406632423401
874,1047600.0,9.125,1.1000000000000227,22.073678278096736,22.254913330078125,868.9921744554936,66.38959503173828,-0.005402646958827972,-0.3600478768348694,-0.33565473556518555,-0.25779837369918823,26.454077500849962,23.646934747695923,0.3199760615825653,0.3711008131504059
875,1048500.0,9.135416666666666,1.1000000000000227,22.05684177448694,22.258106231689453,887.1411253452223,65.24163055419922,0.02900327742099762,-0.38916319608688354,-0.3214375376701355,-0.2827080488204956,26.74652785807848,23.76778092980385,0.3054184019565582,0.3586459755897522
876,1049400.0,9.145833333333334,1.1000000000000227,22.07351089916523,22.262357711791992,923.0043081105231,64.52490997314453,0.058825090527534485,-0.39478349685668945,-0.3107704520225525,-0.28787267208099365,27.000013269484043,23.858451157808304,0.3026082515716553,0.3560636639595032
877,1050300.0,9.15625,1.1000000000000227,22.09510812734834,22.26376724243164,960.075071393795,64.13970184326172,0.07872989773750305,-0.3887327313423157,-0.3056301772594452,-0.2848814129829407,27.169204130768776,23.902143493294716,0.30563363432884216,0.35755929350852966
878,1051200.0,9.166666666666666,1.1000000000000227,22.121201128696782,22.2612247467041,998.2408145751951,63.99197006225586,0.09176233410835266,-0.37492305040359497,-0.30486053228378296,-0.27656126022338867,27.279979839920998,23.908685475587845,0.3125384747982025,0.36171936988830566
879,1052100.0,9.177083333333334,1.1000000000000227,22.158003365699415,22.280323028564453,1039.0483119523283,63.17607879638672,0.11867709457874298,-0.37258124351501465,-0.29037511348724365,-0.2818354368209839,27.508755303919315,24.03181153535843,0.3137093782424927,0.35908228158950806
880,1053000.0,9.1875,1.1000000000000227,22.226527606749926,22.29414939880371,1092.0453413300675,63.4176025390625,0.12877629697322845,-0.3429868817329407,-0.29201966524124146,-0.2622199058532715,27.594598524272442,24.017832845449448,0.32850655913352966,0.36889004707336426
881,1053900.0,9.197916666666666,1.1000000000000227,22.287768583430648,22.291736602783203,1139.0416090673684,64.22290802001953,0.1235082596540451,-0.30147451162338257,-0.30277663469314575,-0.2323058694601059,27.549820207059383,23.92639860510826,0.3492627441883087,0.38384706526994705
882,1054800.0,9.208333333333334,1.1000000000000227,22.326278000792854,22.272823333740234,1175.4407714413012,65.45145416259766,0.1081138551235199,-0.2559804916381836,-0.3183457851409912,-0.19551409780979156,27.41896776854992,23.794060826301575,0.3720097541809082,0.4022429510951042
883,1055700.0,9.21875,1.1000000000000227,22.335620508835575,22.26202964782715,1199.0888057743198,65.91365814208984,0.1046714037656784,-0.23555822670459747,-0.320537805557251,-0.17584611475467682,27.389706932008266,23.775428652763367,0.38222088664770126,0.4120769426226616
884,1056600.0,9.229166666666666,1.1000000000000227,22.337073213989072,22.218225479125977,1221.6410083204742,67.73539733886719,0.08694960176944733,-0.19786761701107025,-0.33733034133911133,-0.13186974823474884,27.239071615040302,23.632692098617554,0.4010661914944649,0.4340651258826256
885,1057500.0,9.239583333333334,1.1000000000000227,22.29591043753294,22.126724243164062,1227.480808945106,70.06861114501953,0.057709261775016785,-0.15953312814235687,-0.3590104579925537,-0.08527843654155731,26.990528725087643,23.448411107063293,0.42023343592882156,0.45736078172922134
886,1058400.0,9.25,1.1000000000000227,22.21777593212795,21.998580932617188,1220.4998085711309,72.43080139160156,0.023563556373119354,-0.12596362829208374,-0.37937241792678833,-0.04319177567958832,26.700290229171515,23.2753344476223,0.43701818585395813,0.47840411216020584
887,1059300.0,9.260416666666666,1.0422286184210634,21.99285726831016,21.77573585510254,1154.8658555649547,73.70438385009766,-0.019804488867521286,-0.14543290436267853,-0.40973907709121704,-0.05333283543586731,26.33166184462607,23.017217844724655,0.42728354781866074,0.47333358228206635
888,1060200.0,9.270833333333334,0.9042763157894456,21.862630744971796,21.635271072387695,1139.3689373296186,74.26485443115234,-0.04815443977713585,-0.13531430065631866,-0.4170108437538147,-0.04050397872924805,26.090687261894345,22.955407828092575,0.43234284967184067,0.479748010635376
889,1061100.0,9.28125,0.7391858552631447,21.726097952215127,21.497167587280273,1120.2964655421827,76.45787811279297,-0.08725033700466156,-0.10971325635910034,-0.4362362027168274,-0.012733712792396545,25.758372135460377,22.791992276906967,0.44514337182044983,0.4936331436038017
890,1062000.0,9.291666666666666,0.6000000000000227,21.593253273199252,21.4175968170166,1094.4180432277517,78.97909545898438,-0.1274329572916031,-0.08423614501953125,-0.4571985602378845,0.013137035071849823,25.416819863021374,22.61381223797798,0.4578819274902344,0.5065685175359249
891,1062900.0,9.302083333333334,0.38425164473682116,21.36024866133573,21.318161010742188,1003.3063468824256,83.03510284423828,-0.1875007152557373,-0.09546016156673431,-0.511836588382721,0.0037811994552612305,24.906243920326233,22.149388998746872,0.45226991921663284,0.5018905997276306
892,1063800.0,9.3125,0.13322368421052033,21.274618449481864,21.45125389099121,939.7653672226074,86.67545318603516,-0.2309766262769699,-0.08078902959823608,-0.5429603457450867,0.015556447207927704,24.536698676645756,21.884837061166763,0.45960548520088196,0.5077782236039639
893,1064700.0,9.322916666666666,0.1155838815789707,21.183245637698178,21.5560245513916,846.8984301802067,96.76970672607422,-0.29326146841049194,-0.0472213476896286,-0.6051708459854126,0.04934863746166229,24.00727751851082,21.356047809123993,0.4763893261551857,0.5246743187308311
894,1065600.0,9.333333333333334,0.6000000000000227,21.18424682831494,21.6203556060791,716.3962457815014,108.61676788330078,-0.35527628660202026,-0.015441767871379852,-0.6579176187515259,0.07736288011074066,23.480151563882828,20.90770024061203,0.4922791160643101,0.5386814400553703
895,1066500.0,9.34375,1.4250000000000114,21.554417246370292,21.317625045776367,219.9498467092316,134.50247192382812,-0.5058501362800598,-0.0007180571556091309,-0.7771721482276917,0.08418117463588715,22.20027384161949,19.89403674006462,0.49964097142219543,0.5420905873179436
896,1067400.0,9.354166666666666,2.25,20.95474554264723,21.448957443237305,87.17229409239519,136.20809936523438,-0.7237532138824463,0.07484516501426697,-0.7647300958633423,0.07266873121261597,20.348097681999207,19.99979418516159,0.5374225825071335,0.536334365606308
897,1068300.0,9.364583333333334,3.0749999999999886,21.312911613573135,21.379722595214844,99.92968144528608,163.8262176513672,-0.7033970355987549,0.03618372976779938,-0.8107491135597229,0.11079727113246918,20.521125197410583,19.608632534742355,0.5180918648838997,0.5553986355662346
898,1069200.0,9.375,3.8999999999999773,21.20059183359308,21.442459106445312,179.36379301248766,178.59727478027344,-0.7979472875595093,0.09897872805595398,-0.8137516975402832,0.12531247735023499,19.71744805574417,19.583110570907593,0.549489364027977,0.5626562386751175
899,1070100.0,9.385416666666666,4.725000000000023,21.136047771218045,21.058645248413086,254.5491760493674,245.0390625,-0.8710946440696716,0.1673898994922638,-0.9231787323951721,0.20064498484134674,19.09569552540779,18.652980774641037,0.5836949497461319,0.6003224924206734
900,1071000.0,9.395833333333334,5.550000000000011,21.26186468908105,21.21305274963379,308.61197118151335,236.3135986328125,-0.8946244120597839,0.22803914546966553,-0.8845601677894592,0.1870083212852478,18.895692497491837,18.981238573789597,0.6140195727348328,0.5935041606426239
901,1071900.0,9.40625,6.375,21.260888094992765,21.17162322998047,387.1328234998189,295.0832214355469,-0.9408278465270996,0.32251715660095215,-0.9346010684967041,0.24784216284751892,18.502963304519653,18.555890917778015,0.6612585783004761,0.6239210814237595
902,1072800.0,9.416666666666666,7.199999999999989,21.394985822770764,21.289730072021484,445.77986471413715,323.85516357421875,-0.9555285573005676,0.3902519941329956,-0.9352013468742371,0.27438780665397644,18.378007262945175,18.550788551568985,0.6951259970664978,0.6371939033269882
903,1073700.0,9.427083333333334,8.035085227272702,21.188926340761213,21.06060791015625,595.6113523427632,442.569580078125,-1.0,0.6755776405334473,-1.0,0.4418189525604248,18.0,18.0,0.8377888202667236,0.7209094762802124
904,1074600.0,9.4375,8.885227272727263,21.353721762509963,21.118955612182617,660.2835693879233,467.7552490234375,-1.0,0.7537270784378052,-1.0,0.4616638422012329,18.0,18.0,0.8768635392189026,0.7308319211006165
905,1075500.0,9.447916666666666,9.742755681818153,21.425590963501293,21.247255325317383,760.7262276766228,527.0438842773438,-1.0,0.9194650650024414,-1.0,0.5283556580543518,18.0,18.0,0.9597325325012207,0.7641778290271759
906,1076400.0,9.458333333333334,10.600000000000023,21.57565503262748,21.388540267944336,834.0541002963049,599.2445068359375,-1.0,1.0,-1.0,0.6071933507919312,18.0,18.0,1.0,0.8035966753959656
907,1077300.0,9.46875,11.52255681818184,21.80189859462115,21.385540008544922,875.8865166022997,767.6443481445312,-1.0,1.0,-1.0,0.8530958294868469,18.0,18.0,1.0,0.9265479147434235
908,1078200.0,9.479166666666666,12.522272727272707,22.024446302961508,21.488676071166992,917.02803895646,865.626708984375,-1.0,1.0,-1.0,0.9628734588623047,18.0,18.0,1.0,0.9814367294311523
909,1079100.0,9.489583333333334,13.510852272727277,22.243368461604632,21.669734954833984,957.4939145286907,929.5872192382812,-1.0,1.0,-1.0,1.0,18.0,18.0,1.0,1.0
910,1080000.0,9.5,14.399999999999977,22.45732951211835,21.87847328186035,997.0453954438475,973.523681640625,-1.0,1.0,-1.0,1.0,18.0,18.0,1.0,1.0
911,1080900.0,9.510416666666666,15.09078125000002,22.663149568240215,22.078006744384766,1035.1006127629817,1014.6412963867188,-1.0,1.0,-1.0,1.0,18.0,18.0,1.0,1.0
912,1081800.0,9.520833333333334,15.573750000000018,22.857429357972478,22.247343063354492,1071.0273696170016,1047.724853515625,-1.0,1.0,-1.0,1.0,18.0,18.0,1.0,1.0
913,1082700.0,9.53125,15.894843750000007,23.03176643049096,22.378755569458008,1103.2714185148593,1071.170166015625,-1.0,1.0,-1.0,1.0,18.0,18.0,1.0,1.0
914,1083600.0,9.541666666666666,16.100000000000023,23.190003171048374,22.473918914794922,1132.54223323089,1085.8868408203125,-1.0,1.0,-1.0,1.0,18.0,18.0,1.0,1.0
915,1084500.0,9.552083333333334,16.258203125000023,23.331933916987623,22.53764533996582,1158.8013574289444,1093.43701171875,-1.0,1.0,-1.0,1.0,18.0,18.0,1.0,1.0
916,1085400.0,9.5625,16.40937500000001,23.455855617415637,22.578060150146484,1181.7338075305656,1096.2034912109375,-1.0,1.0,-1.0,1.0,18.0,18.0,1.0,1.0
917,1086300.0,9.572916666666666,16.55585937500001,23.559595035088932,22.601905822753906,1200.9375191258252,1095.9447021484375,-1.0,1.0,-1.0,1.0,18.0,18.0,1.0,1.0
918,1087200.0,9.583333333333334,16.69999999999999,23.640884264311637,22.61225128173828,1215.9928765811135,1093.2908935546875,-1.0,1.0,-1.0,1.0,18.0,18.0,1.0,1.0
919,1088100.0,9.59375,16.84107142857141,23.70010365367432,22.611122131347656,1226.9650079518171,1088.6412353515625,-1.0,1.0,-1.0,1.0,18.0,18.0,1.0,1.0
920,1089000.0,9.604166666666666,16.97410714285712,23.73981967651946,22.5999813079834,1234.3205488894553,1082.2457275390625,-1.0,1.0,-1.0,1.0,18.0,18.0,1.0,1.0
921,1089900.0,9.614583333333334,17.095089285714266,23.763021112507204,22.57976722717285,1238.6123292337227,1074.2022705078125,-1.0,1.0,-1.0,1.0,18.0,18.0,1.0,1.0
922,1090800.0,9.625,17.19999999999999,23.768615488419925,22.553955078125,1239.644430276359,1060.081298828125,-1.0,1.0,-1.0,0.9927763938903809,18.0,18.0,1.0,0.9963881969451904
923,1091700.0,9.635416666666666,16.99494977678569,23.745385811143876,22.647031784057617,1235.3524582553785,936.05029296875,-1.0,1.0,-1.0,0.8037276864051819,18.0,18.0,1.0,0.9018638432025909
924,1092600.0,9.645833333333334,16.324330357142856,23.676997900642277,22.731340408325195,1222.7216642281921,871.264404296875,-1.0,1.0,-1.0,0.7088882923126221,18.0,18.0,1.0,0.854444146156311
925,1093500.0,9.65625,15.391545758928544,23.57011282305814,22.77359962463379,1202.9840125262067,807.6607055664062,-1.0,1.0,-1.0,0.632635235786438,18.0,18.0,1.0,0.816317617893219
926,1094400.0,9.666666666666666,14.399999999999977,23.42072528334893,22.812191009521484,1175.3961294876713,735.1322021484375,-1.0,1.0,-1.0,0.5487789511680603,18.0,18.0,1.0,0.7743894755840302
927,1095300.0,9.677083333333334,13.079122121710498,23.555858114228897,23.15049171447754,1038.890256038588,609.9913330078125,-1.0,0.7835025191307068,-1.0,0.3396168351173401,18.0,18.0,0.8917512595653534,0.66980841755867
928,1096200.0,9.6875,11.372450657894717,23.508357883296412,23.221586227416992,957.4885082542751,579.9124145507812,-1.0,0.678893506526947,-1.0,0.3169957995414734,18.0,18.0,0.8394467532634735,0.6584978997707367
929,1097100.0,9.697916666666666,9.804553865131595,23.509060125278495,23.166526794433594,856.9159808642571,524.4700317382812,-1.0,0.5299926400184631,-1.0,0.2735729217529297,18.0,18.0,0.7649963200092316,0.6367864608764648
930,1098000.0,9.708333333333334,8.899999999999977,23.454105900005402,23.043357849121094,781.266446453704,468.8825378417969,-1.0,0.4248558282852173,-1.0,0.2279784083366394,18.0,18.0,0.7124279141426086,0.6139892041683197
931,1098900.0,9.71875,8.719078947368416,23.491482198192045,22.9215087890625,702.0580914687255,423.6211242675781,-1.0,0.2907390296459198,-1.0,0.17946437001228333,18.0,18.0,0.6453695148229599,0.5897321850061417
932,1099800.0,9.729166666666666,8.815570175438609,23.399361552003484,22.771644592285156,666.756742172272,397.4952697753906,-1.0,0.2504727840423584,-1.0,0.15018631517887115,18.0,18.0,0.6252363920211792,0.5750931575894356
933,1100700.0,9.739583333333334,8.954276315789457,23.35654542030386,22.585905075073242,629.5328785363594,375.9161071777344,-1.0,0.1959887444972992,-1.0,0.12304522097110748,18.0,18.0,0.5979943722486496,0.5615226104855537
934,1101600.0,9.75,8.899999999999977,23.27412669487404,22.453887939453125,604.9790840194197,345.5341491699219,-1.0,0.16929511725902557,-0.9795204401016235,0.09603025019168854,18.0,18.1740762591362,0.5846475586295128,0.5480151250958443
935,1102500.0,9.760416666666666,8.686230468750011,22.725347162574735,22.51551628112793,510.2984985309438,296.43048095703125,-1.0,0.10176191478967667,-0.9095065593719482,0.0734504759311676,18.0,18.76919424533844,0.5508809573948383,0.5367252379655838
936,1103400.0,9.770833333333334,8.467447916666686,22.933773272127723,22.487218856811523,422.84182686122574,289.9729309082031,-0.9288374781608582,0.00218278169631958,-0.911665678024292,0.08049824833869934,18.604881435632706,18.750841736793518,0.5010913908481598,0.5402491241693497
937,1104300.0,9.78125,8.18994140625,22.478847116711734,22.51936149597168,459.01140353218256,271.6396484375,-0.9979513883590698,0.0519317127764225,-0.8998245596885681,0.07167031615972519,18.017413198947906,18.85149124264717,0.5259658563882113,0.5358351580798626
938,1105200.0,9.791666666666666,7.800000000000011,22.768328535305102,22.520248413085938,368.49347442017154,263.8977966308594,-0.8875521421432495,-0.013271540403366089,-0.9051005840301514,0.07226008176803589,18.95580679178238,18.806645035743713,0.49336422979831696,0.5361300408840179
939,1106100.0,9.802083333333334,7.28662109375,22.504982622844636,22.626087188720703,377.35759817308656,233.84713745117188,-0.9001013040542603,0.04397892951965332,-0.850936233997345,0.08019774407148361,18.849138915538788,19.267042011022568,0.5219894647598267,0.5400988720357418
940,1107000.0,9.8125,6.711718749999989,22.659222210364874,22.59619140625,313.52284179906985,229.34217834472656,-0.8188270330429077,0.010244309902191162,-0.8591618537902832,0.08881951868534088,19.539970219135284,19.197124242782593,0.5051221549510956,0.5444097593426704
941,1107900.0,9.822916666666666,6.130957031249977,22.382079595800406,22.56979751586914,322.9551480523198,210.968994140625,-0.8506691455841064,0.03849593549966812,-0.8479266166687012,0.07977853715419769,19.269312262535095,19.29262375831604,0.5192479677498341,0.5398892685770988
942,1108800.0,9.833333333333334,5.600000000000023,22.490033895375632,22.509416580200195,268.87177468229373,196.204345703125,-0.783746600151062,0.007060900330543518,-0.8413667678833008,0.07416337728500366,19.838153898715973,19.348382472991943,0.5035304501652718,0.5370816886425018
943,1109700.0,9.84375,5.1246783088235475,22.36626446538878,22.542123794555664,257.1110023531313,171.03140258789062,-0.7756873369216919,0.027907490730285645,-0.7955215573310852,0.06627298891544342,19.90665763616562,19.738066762685776,0.5139537453651428,0.5331364944577217
944,1110600.0,9.854166666666666,4.678308823529392,22.37960485905097,22.483396530151367,222.61445975380823,162.8055877685547,-0.7366132140159607,0.01203472912311554,-0.7917466163635254,0.06484954804182053,20.238787680864334,19.770153760910034,0.5060173645615578,0.5324247740209103
945,1111500.0,9.864583333333334,4.267784926470597,22.25827967434725,22.44291877746582,211.023619280684,149.22616577148438,-0.7357999682426453,0.013629645109176636,-0.7742454409599304,0.05149081349372864,20.245700269937515,19.91891375184059,0.5068148225545883,0.5257454067468643
946,1112400.0,9.875,3.8999999999999773,22.24586537583741,22.38975715637207,182.68524472225852,139.26243591308594,-0.7063395380973816,-0.0027412772178649902,-0.7620854377746582,0.04065987467765808,20.496113926172256,20.022273778915405,0.4986293613910675,0.520329937338829
947,1113300.0,9.885416666666666,3.612683823529437,22.141207106780712,22.34770393371582,170.0040004260725,129.98866271972656,-0.7048088312149048,-0.011305861175060272,-0.7504250407218933,0.023307345807552338,20.50912493467331,20.121387153863907,0.49434706941246986,0.5116536729037762
948,1114200.0,9.895833333333334,3.427941176470597,22.122541620443542,22.31760025024414,145.61547262062248,122.59344482421875,-0.6800016760826111,-0.029140278697013855,-0.7380144596099854,0.00925462692975998,20.719985753297806,20.226877093315125,0.4854298606514931,0.50462731346488
949,1115100.0,9.90625,3.329227941176498,22.05098622243736,22.308828353881836,131.63739925612884,116.70069122314453,-0.6723570227622986,-0.03890499472618103,-0.7261660695075989,-0.00538654625415802,20.784965306520462,20.32758840918541,0.4805475026369095,0.497306726872921
950,1116000.0,9.916666666666666,3.3000000000000114,22.03090240939605,22.31418800354004,111.50238482122072,112.43215942382812,-0.6518413424491882,-0.057086601853370667,-0.7171814441680908,-0.019959211349487305,20.9593485891819,20.403957724571228,0.47145669907331467,0.49002039432525635
951,1116900.0,9.927083333333334,3.3547697368421154,22.018403491046854,22.33986473083496,93.96700685904726,108.86247253417969,-0.6290685534477234,-0.054080501198768616,-0.697485625743866,-0.01829381287097931,21.15291729569435,20.57137218117714,0.4729597494006157,0.49085309356451035
952,1117800.0,9.9375,3.496052631578948,21.993397681027545,22.378023147583008,79.51478544429708,106.32032012939453,-0.6149970889091492,-0.06874996423721313,-0.688722550868988,-0.032221049070358276,21.272524744272232,20.6458583176136,0.46562501788139343,0.48388947546482086
953,1118700.0,9.947916666666666,3.6893092105262895,21.98270874117327,22.419349670410156,64.84460187916115,104.66613006591797,-0.5989702343940735,-0.08752045035362244,-0.683410108089447,-0.04792647063732147,21.408753007650375,20.6910140812397,0.4562397748231888,0.47603676468133926
954,1119600.0,9.958333333333334,3.8999999999999773,21.970123936332584,22.462726593017578,52.00406152681789,103.25626373291016,-0.5849757790565491,-0.10619683563709259,-0.6780421137809753,-0.0648573487997055,21.527705878019333,20.73664203286171,0.4469015821814537,0.46757132560014725
955,1120500.0,9.96875,4.285746593045133,21.875145758939766,22.402116775512695,51.66167637067067,105.4561538696289,-0.5972373485565186,-0.11812396347522736,-0.6994011402130127,-0.07417222857475281,21.423482537269592,20.555090308189392,0.4409380182623863,0.4629138857126236
956,1121400.0,9.979166666666666,4.862429511278208,21.912650331104146,22.45886993408203,36.07713213673003,102.01688385009766,-0.5732387900352478,-0.14490370452404022,-0.6813399791717529,-0.10013340413570404,21.627470284700394,20.7086101770401,0.4275481477379799,0.449933297932148
957,1122300.0,9.989583333333334,5.382897673872208,21.906456675933384,22.521207809448242,29.054852374321015,101.92928314208984,-0.5652464628219604,-0.1625419408082962,-0.6751126646995544,-0.11866876482963562,21.695405066013336,20.761542350053787,0.4187290295958519,0.4406656175851822
958,1123200.0,10.0,5.600000000000023,21.928246593735253,22.577096939086914,16.31676030658511,101.33271789550781,-0.5451585650444031,-0.18676401674747467,-0.6661198735237122,-0.13945242762565613,21.866152197122574,20.837981075048447,0.40661799162626266,0.43027378618717194
959,1124100.0,10.010416666666666,5.204520089285722,22.113970618761982,22.772567749023438,122.46517141875759,94.56991577148438,-0.46394097805023193,-0.1866411715745926,-0.5884930491447449,-0.14439885318279266,22.55650168657303,21.49780908226967,0.4066794142127037,0.42780057340860367
960,1125000.0,10.020833333333334,4.329017857142844,22.104050402428356,22.76294708251953,178.36593754805477,93.63433074951172,-0.43776530027389526,-0.19595633447170258,-0.5810257792472839,-0.14885030686855316,22.77899494767189,21.561280876398087,0.4020218327641487,0.4255748465657234
961,1125900.0,10.03125,3.3890066964285666,22.098953828988954,22.66672134399414,250.1263610984321,88.81130981445312,-0.40058910846710205,-0.2183465212583542,-0.560315728187561,-0.16779346764087677,23.094992578029633,21.73731631040573,0.3908267393708229,0.4161032661795616
962,1126800.0,10.041666666666666,2.8000000000000114,22.080911532983805,22.544384002685547,311.35038171202604,83.50775146484375,-0.3688821792602539,-0.23685859143733978,-0.5319172143936157,-0.18777821958065033,23.364501476287842,21.978703677654266,0.3815707042813301,0.40611089020967484
963,1127700.0,10.052083333333334,2.5249999999999773,22.14703951872491,22.514663696289062,397.0755048782042,78.58723449707031,-0.3167009949684143,-0.2423868030309677,-0.4792749285697937,-0.19525711238384247,23.80804154276848,22.426163107156754,0.37880659848451614,0.40237144380807877
964,1128600.0,10.0625,2.25,22.162197974666128,22.487337112426758,453.9721447578232,76.15348815917969,-0.2815701365470886,-0.2570123076438904,-0.4507051110267639,-0.20590434968471527,24.106653839349747,22.669006556272507,0.3714938461780548,0.39704782515764236
965,1129500.0,10.072916666666666,1.9750000000000227,22.173908874090557,22.448219299316406,509.41081422194037,74.06954193115234,-0.2444600760936737,-0.27641505002975464,-0.4275442957878113,-0.21882714331150055,24.422089353203773,22.865873485803604,0.3617924749851227,0.3905864283442497
966,1130400.0,10.083333333333334,1.6999999999999886,22.179576956051278,22.406749725341797,561.1421899289478,72.0998306274414,-0.20875106751918793,-0.29438865184783936,-0.4051145911216736,-0.23180492222309113,24.725615926086903,23.056525975465775,0.3528056740760803,0.38409753888845444
967,1131300.0,10.09375,1.4250000000000114,22.27532281782095,22.450143814086914,649.4706620573919,69.83991241455078,-0.15020278096199036,-0.2933991551399231,-0.3594709038734436,-0.22750435769557953,25.223276361823082,23.44449731707573,0.35330042243003845,0.38624782115221024
968,1132200.0,10.104166666666666,1.1499999999999773,22.306166277613443,22.438627243041992,703.9599783887197,68.86006927490234,-0.11303101480007172,-0.30079185962677,-0.3431440591812134,-0.22603647410869598,25.53923637419939,23.583275496959686,0.349604070186615,0.386981762945652
969,1133100.0,10.114583333333334,0.875,22.324866764499916,22.407331466674805,752.8902349413734,67.63044738769531,-0.07737856358289719,-0.3118743896484375,-0.32773518562316895,-0.23060764372348785,25.842282209545374,23.714250922203064,0.34406280517578125,0.3846961781382561
970,1134000.0,10.125,0.6000000000000227,22.337988894889747,22.37078094482422,796.7549240969478,66.45472717285156,-0.046662837266922,-0.3192271590232849,-0.3140093684196472,-0.23382531106472015,26.103365883231163,23.830920368433,0.34038642048835754,0.3830873444676399
971,1134900.0,10.135416666666666,0.4635110294117908,22.351874050734693,22.335134506225586,836.0822043020341,65.24756622314453,-0.017587274312973022,-0.326871395111084,-0.3001457452774048,-0.2385626882314682,26.35050816833973,23.94876116514206,0.336564302444458,0.3807186558842659
972,1135800.0,10.145833333333334,0.5110294117646959,22.380551180002044,22.32059097290039,872.5421185358151,64.44701385498047,0.0054564327001571655,-0.32554084062576294,-0.2896743416786194,-0.2365693598985672,26.546379677951336,24.037768095731735,0.33722957968711853,0.3817153200507164
973,1136700.0,10.15625,0.6030330882352928,22.415724766363383,22.333192825317383,905.7094191230935,64.1248550415039,0.022163547575473785,-0.3174242377281189,-0.28397703170776367,-0.22985921800136566,26.688390154391527,24.08619523048401,0.34128788113594055,0.38507039099931717
974,1137600.0,10.166666666666666,0.6000000000000227,22.449099189106278,22.34726333618164,938.6944001432109,64.23606872558594,0.03247161954641342,-0.30164074897766113,-0.2850167155265808,-0.21741406619548798,26.776008766144514,24.077357918024063,0.34917962551116943,0.391292966902256
975,1138500.0,10.177083333333334,0.469852941176498,22.566777516726063,22.428295135498047,1011.9220739926037,64.23165130615234,0.0561365932226181,-0.26199865341186523,-0.2700437903404236,-0.18506012856960297,26.977161042392254,24.2046277821064,0.3690006732940674,0.4074699357151985
976,1139400.0,10.1875,0.30000000000001137,22.622992054195947,22.412696838378906,1058.7450302134203,65.29298400878906,0.0560731440782547,-0.21872495114803314,-0.2826448678970337,-0.14641766250133514,26.976621724665165,24.097518622875214,0.39063752442598343,0.42679116874933243
977,1140300.0,10.197916666666666,0.13014705882352473,22.649443333514057,22.37190818786621,1095.082916198648,66.06990051269531,0.04809222370386124,-0.17516951262950897,-0.2933512330055237,-0.11064417660236359,26.90878390148282,24.00651451945305,0.4124152436852455,0.4446779116988182
978,1141200.0,10.208333333333334,0.0,22.646500847142136,22.314542770385742,1119.9637352860664,67.14598846435547,0.03163262456655502,-0.12987102568149567,-0.3065961003303528,-0.06951071321964264,26.768877308815718,23.893933147192,0.43506448715925217,0.4652446433901787
979,1142100.0,10.21875,-0.03639705882352473,22.610845390832594,22.24638557434082,1132.085670179358,68.3529052734375,0.01144091784954071,-0.09193132817745209,-0.31965041160583496,-0.030270546674728394,26.597247801721096,23.782971501350403,0.45403433591127396,0.4848647266626358
980,1143000.0,10.229166666666666,0.0,22.54740401980075,22.165245056152344,1136.2524622448354,70.07080078125,-0.01373448595404625,-0.05455009639263153,-0.33506715297698975,0.012009896337985992,26.383256869390607,23.651929199695587,0.47272495180368423,0.506004948168993
981,1143900.0,10.239583333333334,0.03639705882352473,22.456373640658967,22.063289642333984,1132.7075170388912,72.09181213378906,-0.04178720340132713,-0.021641269326210022,-0.35142338275909424,0.05105001479387283,26.14480877108872,23.5129012465477,0.489179365336895,0.5255250073969364
982,1144800.0,10.25,0.0,22.343341018778517,21.933218002319336,1123.582352207252,74.14662170410156,-0.07147906720638275,0.006746888160705566,-0.3673412799835205,0.08446122705936432,25.892427928745747,23.377599120140076,0.5033734440803528,0.5422306135296822
983,1145700.0,10.260416666666666,-0.21035730698531552,22.271091202148227,21.850095748901367,1135.9525391467917,75.05347442626953,-0.08561980724334717,0.0304858461022377,-0.36501073837280273,0.11199866235256195,25.77223163843155,23.397408723831177,0.5152429230511189,0.555999331176281
984,1146600.0,10.270833333333334,-0.55556066176473,22.132879273286846,21.671140670776367,1127.5205180721532,77.25196075439453,-0.11533976346254349,0.055509161204099655,-0.3829430341720581,0.1412392556667328,25.51961201056838,23.244984209537506,0.5277545806020498,0.5706196278333664
985,1147500.0,10.28125,-0.8979836856617567,21.973768286224413,21.51966667175293,1116.0709874791783,78.22821807861328,-0.1463373452425003,0.07624274492263794,-0.39471375942230225,0.16014401614665985,25.256132565438747,23.14493304491043,0.538121372461319,0.5800720080733299
986,1148400.0,10.291666666666666,-1.1000000000000227,21.811111898360537,21.427963256835938,1101.5226212155824,79.80615234375,-0.1775968074798584,0.09484928101301193,-0.41149502992630005,0.177903413772583,24.990427136421204,23.00229224562645,0.547424640506506,0.5889517068862915
987,1149300.0,10.302083333333334,-1.1698242187500227,21.637036644175566,21.43394660949707,1073.5912662843987,82.63441467285156,-0.21016697585582733,0.10145732760429382,-0.44026511907577515,0.1859065294265747,24.713580705225468,22.75774648785591,0.5507286638021469,0.5929532647132874
988,1150200.0,10.3125,-1.2002604166666515,21.50323061367004,21.568674087524414,1052.85617728751,87.84529113769531,-0.23726926743984222,0.11356282979249954,-0.47721123695373535,0.200877845287323,24.48321122676134,22.44370448589325,0.5567814148962498,0.6004389226436615
989,1151100.0,10.322916666666666,-1.1805664062500227,21.385690666478354,21.69936752319336,1024.7916006239254,96.9166030883789,-0.2654181122779846,0.12784993648529053,-0.5298147201538086,0.22058507800102234,24.24394604563713,21.996574878692627,0.5639249682426453,0.6102925390005112
990,1152000.0,10.333333333333334,-1.1000000000000227,21.28405835670776,21.76731300354004,990.8008795346017,107.78189086914062,-0.2932506203651428,0.1418873369693756,-0.5795654654502869,0.23698090016841888,24.007369726896286,21.57369354367256,0.5709436684846878,0.6184904500842094
991,1152900.0,10.34375,-0.9855468750000114,21.75784223793312,21.711305618286133,703.4335067019202,119.67095184326172,-0.3332844376564026,0.14097554981708527,-0.6318007111549377,0.23725806176662445,23.667082279920578,21.12969395518303,0.5704877749085426,0.6186290308833122
992,1153800.0,10.354166666666666,-0.8677083333333258,21.22499225276266,21.701412200927734,447.3438370983631,127.26722717285156,-0.48972827196121216,0.1969107836484909,-0.6509079933166504,0.24044401943683624,22.337309688329697,20.96728205680847,0.5984553918242455,0.6202220097184181
993,1154700.0,10.364583333333334,-0.7410156249999886,21.208329002784126,21.652259826660156,426.1563867810629,137.4442138671875,-0.495269775390625,0.17331469058990479,-0.6707486510276794,0.2512297034263611,22.290206909179688,20.798636466264725,0.5866573452949524,0.6256148517131805
994,1155600.0,10.375,-0.6000000000000227,21.08303241670501,21.62574005126953,360.2839055169801,146.0645294189453,-0.5320361256599426,0.178261399269104,-0.6810319423675537,0.25948566198349,21.977692931890488,20.711228489875793,0.589130699634552,0.629742830991745
995,1156500.0,10.385416666666666,-0.44999999999998863,20.98205912642129,21.537919998168945,308.83815761936114,160.1261444091797,-0.5603261590003967,0.17579320073127747,-0.7081097960472107,0.2703731656074524,21.737227648496628,20.48106673359871,0.5878966003656387,0.6351865828037262
996,1157400.0,10.395833333333334,-0.30000000000001137,20.945626687986817,21.551790237426758,282.52215869041345,167.44837951660156,-0.5730289220809937,0.1744784563779831,-0.710263192653656,0.27440279722213745,21.629254162311554,20.462762862443924,0.5872392281889915,0.6372013986110687
997,1158300.0,10.40625,-0.14999999999997726,20.914804511506702,21.571693420410156,258.1510945831474,181.17628479003906,-0.5847983360290527,0.17693635821342468,-0.7229608297348022,0.28579282760620117,21.52921414375305,20.35483294725418,0.5884681791067123,0.6428964138031006
998,1159200.0,10.416666666666666,0.0,20.90134829161974,21.618289947509766,240.72868807815433,195.14059448242188,-0.59225994348526,0.17957811057567596,-0.7328611016273499,0.29596203565597534,21.46579048037529,20.270680636167526,0.589789055287838,0.6479810178279877
999,1160100.0,10.427083333333334,0.14999999999997726,20.804818466332392,21.604997634887695,200.74419172400195,217.37083435058594,-0.6168405413627625,0.18347784876823425,-0.7628576159477234,0.3073515295982361,21.25685539841652,20.01571026444435,0.5917389243841171,0.653675764799118
1000,1161000.0,10.4375,0.30000000000001137,20.838349290478675,21.673377990722656,196.88869066193013,229.2074432373047,-0.614023745059967,0.18183442950248718,-0.7656469345092773,0.3133186995983124,21.28079816699028,19.992001056671143,0.5909172147512436,0.6566593497991562
1001,1161900.0,10.447916666666666,0.44999999999998863,20.832510218541927,21.74603843688965,172.4392585449986,248.32525634765625,-0.6231396794319153,0.1898822784423828,-0.7773850560188293,0.32599687576293945,21.20331272482872,19.89222702383995,0.5949411392211914,0.6629984378814697
1002,1162800.0,10.458333333333334,0.6000000000000227,20.882023752407406,21.82789421081543,150.9900162883613,267.11602783203125,-0.6244730949401855,0.19449852406978607,-0.7864980101585388,0.3380073010921478,21.191978693008423,19.81476691365242,0.597249262034893,0.6690036505460739
1003,1163700.0,10.46875,0.73828125,20.831998121557604,21.82742691040039,73.8124476249097,296.7806701660156,-0.655592143535614,0.2095523625612259,-0.8166989684104919,0.3558194041252136,20.92746677994728,19.55805876851082,0.604776181280613,0.6779097020626068
1004,1164600.0,10.479166666666666,0.8604166666666515,20.914740890055043,21.8991756439209,40.44539362302949,306.6363220214844,-0.6590529084205627,0.21239782869815826,-0.8132681846618652,0.36155182123184204,20.898050278425217,19.587220430374146,0.6061989143490791,0.680775910615921
1005,1165500.0,10.489583333333334,0.9773437499999886,20.94558571102425,21.965242385864258,61.78951497926319,323.8279724121094,-0.6762540340423584,0.22530987858772278,-0.8191951513290405,0.37281090021133423,20.751840710639954,19.536841213703156,0.6126549392938614,0.6864054501056671
1006,1166400.0,10.5,1.1000000000000227,21.104191595898328,22.031097412109375,76.9765710427632,338.1361389160156,-0.672727108001709,0.23000521957874298,-0.8214606642723083,0.3823620080947876,20.781819581985474,19.51758435368538,0.6150026097893715,0.6911810040473938
1007,1167300.0,10.510416666666666,1.2372622282608745,21.19752361767405,22.091060638427734,108.084751157612,352.28814697265625,-0.6903055906295776,0.25276505947113037,-0.8219099044799805,0.39628082513809204,20.63240247964859,19.513765811920166,0.6263825297355652,0.698140412569046
1008,1168200.0,10.520833333333334,1.386865942028976,21.383361114529748,22.14664077758789,133.71546026780248,363.0008544921875,-0.6928168535232544,0.26196572184562683,-0.8210272789001465,0.4039350748062134,20.611056745052338,19.521268129348755,0.6309828609228134,0.7019675374031067
1009,1169100.0,10.53125,1.543036684782635,21.46588711345322,22.196489334106445,166.00675642757975,371.51678466796875,-0.7120400071144104,0.27984195947647095,-0.8188433051109314,0.4098231792449951,20.44765993952751,19.539831906557083,0.6399209797382355,0.7049115896224976
1010,1170000.0,10.541666666666666,1.6999999999999886,21.554165061279093,22.240087509155273,175.93254764685437,377.65802001953125,-0.7104211449623108,0.2851197123527527,-0.8152282238006592,0.4143040180206299,20.46142026782036,19.570560097694397,0.6425598561763763,0.7071520090103149
1011,1170900.0,10.552083333333334,1.9399711277173992,21.44674093759204,22.191940307617188,192.9383537077935,395.2146911621094,-0.7362058162689209,0.3019905090332031,-0.8334522247314453,0.4267405867576599,20.242250561714172,19.415656089782715,0.6509952545166016,0.71337029337883
1012,1171800.0,10.5625,2.2761548913043725,21.548743086111756,22.22002410888672,169.74848639643176,386.0912780761719,-0.7048733234405518,0.28552162647247314,-0.8153919577598572,0.4206635355949402,20.50857675075531,19.569168359041214,0.6427608132362366,0.7103317677974701
1013,1172700.0,10.572916666666666,2.5992612092391028,21.491100574898553,22.260835647583008,173.68668537587962,388.21502685546875,-0.7138862013816833,0.2937135696411133,-0.8096345067024231,0.4213181138038635,20.43196728825569,19.618106693029404,0.6468567848205566,0.7106590569019318
1014,1173600.0,10.583333333333334,2.8000000000000114,21.59740151150544,22.303770065307617,157.20099958825077,389.7292175292969,-0.687847375869751,0.27983933687210083,-0.8045846819877625,0.42158591747283936,20.653297305107117,19.66103020310402,0.6399196684360504,0.7107929587364197
1015,1174500.0,10.59375,2.7033203125000114,21.706669205195453,22.456035614013672,142.34884795683507,372.15924072265625,-0.6586809158325195,0.288518488407135,-0.7627488374710083,0.4240717887878418,20.901212215423584,20.01663488149643,0.6442592442035675,0.7120358943939209
1016,1175400.0,10.604166666666666,2.347395833333337,21.666332874874968,22.463171005249023,140.38122386242998,380.6876220703125,-0.6602988243103027,0.29517531394958496,-0.7732733488082886,0.43596357107162476,20.887459993362427,19.927176535129547,0.6475876569747925,0.7179817855358124
1017,1176300.0,10.614583333333334,1.9427734375000227,21.71003222990504,22.41773796081543,122.29310742777149,363.9247131347656,-0.6391330361366272,0.2846747040748596,-0.7620882391929626,0.431518018245697,21.06736919283867,20.022249966859818,0.6423373520374298,0.7157590091228485
1018,1177200.0,10.625,1.6999999999999886,21.65768812431503,22.350557327270508,116.362636135506,340.7667541503906,-0.6393669247627258,0.28502824902534485,-0.7452005743980408,0.4238254427909851,21.06538113951683,20.165795117616653,0.6425141245126724,0.7119127213954926
1019,1178100.0,10.635416666666666,1.6957031250000227,21.753849003219216,22.341243743896484,94.66211528307178,314.30010986328125,-0.6072766780853271,0.2802744209766388,-0.7131936550140381,0.4218667149543762,21.33814823627472,20.437853932380676,0.6401372104883194,0.7109333574771881
1020,1179000.0,10.645833333333334,1.7802083333333485,21.680554862993517,22.34004020690918,95.14440601800356,300.85198974609375,-0.6159660220146179,0.28313493728637695,-0.7019266486167908,0.4166300296783447,21.264288812875748,20.53362348675728,0.6415674686431885,0.7083150148391724
1021,1179900.0,10.65625,1.8246093750000227,21.751453520537666,22.354167938232422,74.31253487911033,288.5605163574219,-0.5899815559387207,0.2598491907119751,-0.6938914060592651,0.4062524437904358,21.485156774520874,20.601923048496246,0.6299245953559875,0.7031262218952179
1022,1180800.0,10.666666666666666,1.6999999999999886,21.6561445515822,22.368125915527344,69.3530280995976,277.1290283203125,-0.5971725583076477,0.25199830532073975,-0.6901662945747375,0.3928893208503723,21.424033254384995,20.63358649611473,0.6259991526603699,0.6964446604251862
1023,1181700.0,10.677083333333334,1.4421874999999886,21.865996375485906,22.4871883392334,81.21053254278992,250.6779022216797,-0.5322934985160828,0.22536331415176392,-0.6510074138641357,0.3796347975730896,21.975505262613297,20.966436982154846,0.612681657075882,0.6898173987865448
1024,1182600.0,10.6875,1.1729166666666515,21.690519336691125,22.491687774658203,76.9380041311206,246.0577392578125,-0.5543967485427856,0.228643536567688,-0.6612985730171204,0.37327808141708374,21.787627637386322,20.878962129354477,0.614321768283844,0.6866390407085419
1025,1183500.0,10.697916666666666,0.8921874999999773,21.8232583971552,22.48492431640625,167.73877248469802,228.30575561523438,-0.5075622797012329,0.18105219304561615,-0.6566373109817505,0.3453080654144287,22.18572062253952,20.91858285665512,0.5905260965228081,0.6726540327072144
1026,1184400.0,10.708333333333334,0.6000000000000227,21.72306873924822,22.455265045166016,182.14321604425058,211.5115509033203,-0.5134807825088501,0.16359905898571014,-0.6537405848503113,0.316419780254364,22.135413348674774,20.943205028772354,0.5817995294928551,0.658209890127182
1027,1185300.0,10.71875,0.30078125,21.9932075862788,22.548261642456055,335.4234738240123,180.7676544189453,-0.4277914762496948,0.1318017542362213,-0.5961946249008179,0.29450005292892456,22.863772451877594,21.432345688343048,0.5659008771181107,0.6472500264644623
1028,1186200.0,10.729166666666666,0.0,21.915326624971044,22.444725036621094,344.9453408591097,173.56118774414062,-0.4335640072822571,0.13028566539287567,-0.5983693599700928,0.28643035888671875,22.814705938100815,21.41386044025421,0.5651428326964378,0.6432151794433594
1029,1187100.0,10.739583333333334,-0.30078125,21.987880675683414,22.27976417541504,415.1684178714601,152.73179626464844,-0.3962170481681824,0.09522408246994019,-0.5712743401527405,0.25522345304489136,23.13215509057045,21.644168108701706,0.5476120412349701,0.6276117265224457
1030,1188000.0,10.75,-0.6000000000000227,21.95743226202501,22.12855339050293,439.8108502222151,132.55087280273438,-0.3888692259788513,0.08048919588327408,-0.5343251824378967,0.22772487998008728,23.194611579179764,21.958235949277878,0.540244597941637,0.6138624399900436
1031,1188900.0,10.760416666666666,-0.8792968750000227,21.50358347193668,22.199932098388672,767.8517650393283,111.43190002441406,-0.3231823444366455,0.06797447800636292,-0.45668935775756836,0.21396535634994507,23.752950072288513,22.61814045906067,0.5339872390031815,0.6069826781749725
1032,1189800.0,10.770833333333334,-1.1385416666666401,22.004363299173804,22.255247116088867,1057.657401724266,107.4903564453125,-0.13683176040649414,0.007033228874206543,-0.45167553424835205,0.2158932238817215,25.3369300365448,22.660757958889008,0.5035166144371033,0.6079466119408607
1033,1190700.0,10.78125,-1.4035156250000114,21.945954634540612,22.3032283782959,1083.6188610480856,104.28726959228516,-0.1486855149269104,0.04330816864967346,-0.45563483238220215,0.2098134607076645,25.23617312312126,22.62710392475128,0.5216540843248367,0.6049067303538322
1034,1191600.0,10.791666666666666,-1.6999999999999886,22.020960510877217,22.331295013427734,1171.5115133567622,101.74646759033203,-0.1010110005736351,0.0279560387134552,-0.46294093132019043,0.20471709966659546,25.6414064951241,22.56500208377838,0.5139780193567276,0.6023585498332977
1035,1192500.0,10.802083333333334,-2.1323029891304373,22.232045659070707,22.53220558166504,1315.1901824238585,92.8582992553711,-0.02507440373301506,0.032596781849861145,-0.4088857173919678,0.2032277137041092,26.286867568269372,23.024471402168274,0.5162983909249306,0.6016138568520546
1036,1193400.0,10.8125,-2.7153079710145107,22.242701997199504,22.543630599975586,1371.9774333549421,93.84517669677734,-0.0063553303480148315,0.03966858237981796,-0.4256651997566223,0.21552389860153198,26.445979692041874,22.88184580206871,0.519834291189909,0.607761949300766
1037,1194300.0,10.822916666666666,-3.3406589673912777,22.25492847637497,22.480077743530273,1436.995772944922,90.03243255615234,0.0226796492934227,0.03269140422344208,-0.423037052154541,0.209787517786026,26.692777018994093,22.9041850566864,0.516345702111721,0.604893758893013
1038,1195200.0,10.833333333333334,-3.8999999999999773,22.244167065305646,22.390398025512695,1490.9684619956656,85.09850311279297,0.043488144874572754,0.028934583067893982,-0.4101465940475464,0.20169901847839355,26.86964923143387,23.013753950595856,0.514467291533947,0.6008495092391968
1039,1196100.0,10.84375,-4.389809782608722,22.382346214064512,22.44293975830078,1600.709372558932,77.81285858154297,0.1035556048154831,0.02382311224937439,-0.3527831435203552,0.1941719353199005,27.380222640931606,23.50134328007698,0.5119115561246872,0.5970859676599503
1040,1197000.0,10.854166666666666,-4.857608695652175,22.396953817146596,22.385725021362305,1646.3867775506171,76.11956024169922,0.12114441394805908,0.025801151990890503,-0.34456390142440796,0.1976463496685028,27.529727518558502,23.571206837892532,0.5129005759954453,0.5988231748342514
1041,1197900.0,10.864583333333334,-5.27160326086954,22.40685726962937,22.31071662902832,1690.127619406689,73.16520690917969,0.14291980862617493,0.01906360685825348,-0.32692044973373413,0.1892840564250946,27.714818373322487,23.72117617726326,0.5095318034291267,0.5946420282125473
1042,1198800.0,10.875,-5.600000000000023,22.404650832124332,22.240629196166992,1726.6670912403279,70.60379028320312,0.15972033143043518,0.014013171195983887,-0.30832913517951965,0.18103380501270294,27.8576228171587,23.879202350974083,0.5070065855979919,0.5905169025063515
1043,1199700.0,10.885416666666666,-5.832812499999989,22.450151447248913,22.235666275024414,1781.5198782877405,68.26104736328125,0.18656982481479645,0.01286846399307251,-0.27898091077804565,0.178136944770813,28.08584351092577,24.128662258386612,0.5064342319965363,0.5890684723854065
1044,1200600.0,10.895833333333334,-5.987500000000011,22.452879957214122,22.210336685180664,1813.642282459127,67.34432220458984,0.20169858634471893,0.00907127559185028,-0.2674821615219116,0.17574603855609894,28.21443798393011,24.22640162706375,0.5045356377959251,0.5878730192780495
1045,1201500.0,10.90625,-6.073437500000011,22.45827157633977,22.199514389038086,1844.4526375657856,66.44464874267578,0.21964453160762787,0.0012302398681640625,-0.25546056032180786,0.16929703950881958,28.366978518664837,24.328585237264633,0.500615119934082,0.5846485197544098
1046,1202400.0,10.916666666666666,-6.100000000000023,22.464040399983958,22.202320098876953,1872.4360242465566,65.9225082397461,0.23661793768405914,-0.00634901225566864,-0.24631240963935852,0.16359934210777283,28.511252470314503,24.406344518065453,0.4968254938721657,0.5817996710538864
1047,1203300.0,10.927083333333334,-6.100000000000023,22.473605951435275,22.215225219726562,1900.3039390669317,65.81632232666016,0.25160837173461914,-0.010471880435943604,-0.2403915971517563,0.16172786056995392,28.638671159744263,24.45667142421007,0.4947640597820282,0.580863930284977
1048,1204200.0,10.9375,-6.100000000000023,22.477954917586658,22.23293685913086,1924.577814905485,65.74264526367188,0.2678016424179077,-0.0185861736536026,-0.23534782230854034,0.15654200315475464,28.776313960552216,24.499543510377407,0.4907069131731987,0.5782710015773773
1049,1205100.0,10.947916666666666,-6.100000000000023,22.485224127257425,22.249204635620117,1949.5678747370139,65.71067810058594,0.2858773469924927,-0.027949973940849304,-0.23071415722370148,0.150795578956604,28.929957449436188,24.538929663598537,0.48602501302957535,0.575397789478302
1050,1206000.0,10.958333333333334,-6.100000000000023,22.494595918101425,22.26442527770996,1974.8093925523447,65.65740966796875,0.3049834370613098,-0.03774271905422211,-0.22541211545467377,0.14448262751102448,29.092359215021133,24.583997018635273,0.48112864047288895,0.5722413137555122
1051,1206900.0,10.96875,-6.100000000000023,22.515726294750948,22.269441604614258,2005.306233165473,65.95413208007812,0.3192351460456848,-0.037305206060409546,-0.2227429300546646,0.14752653241157532,29.21349874138832,24.60668509453535,0.4813473969697952,0.5737632662057877
1052,1207800.0,10.979166666666666,-6.100000000000023,22.522354886145763,22.277929306030273,2027.662892566005,65.83123779296875,0.3367389440536499,-0.046412110328674316,-0.21585632860660553,0.14127449691295624,29.362281024456024,24.665221206843853,0.47679394483566284,0.5706372484564781
1053,1208700.0,10.989583333333334,-6.100000000000023,22.53491346467996,22.28373908996582,2052.6692795596923,65.6793212890625,0.3584928512573242,-0.057933107018470764,-0.20821940898895264,0.13458719849586487,29.547189235687256,24.730135023593903,0.4710334464907646,0.5672935992479324
1054,1209600.0,11.0,-6.100000000000023,22.551731047375256,22.28704833984375,2079.0830024999154,65.46987915039062,0.3819865584373474,-0.0696340948343277,-0.19941401481628418,0.12759433686733246,29.746885746717453,24.804980874061584,0.46518295258283615,0.5637971684336662
1055,1210500.0,11.010416666666666,-6.100000000000023,22.61926692105976,22.31073570251465,2128.907872592191,65.49577331542969,0.4061239957809448,-0.06512634456157684,-0.18628284335136414,0.13521936535835266,29.95205396413803,24.916595831513405,0.4674368277192116,0.5676096826791763
1056,1211400.0,11.020833333333334,-6.100000000000023,22.645411893869152,22.310976028442383,2155.4373496412645,65.37939453125,0.4286215305328369,-0.07398715615272522,-0.17735996842384338,0.13243894279003143,30.143283009529114,24.99244026839733,0.4630064219236374,0.5662194713950157
1057,1212300.0,11.03125,-6.100000000000023,22.67399720793253,22.309223175048828,2182.5369462675226,65.0297622680664,0.4563249945640564,-0.08711011707782745,-0.16601720452308655,0.12602241337299347,30.37876245379448,25.088853761553764,0.4564449414610863,0.5630112066864967
1058,1213200.0,11.041666666666666,-6.100000000000023,22.707288760866106,22.30509376525879,2210.708057300188,64.65243530273438,0.4848178029060364,-0.09936010837554932,-0.1545318216085434,0.12003305554389954,30.62095132470131,25.18647951632738,0.45031994581222534,0.5600165277719498
1059,1214100.0,11.052083333333334,-6.100000000000023,22.771311657082492,22.324542999267578,2253.8339104024917,64.22894287109375,0.517550528049469,-0.10571309924125671,-0.13750402629375458,0.11912454664707184,30.899179488420486,25.331215776503086,0.44714345037937164,0.5595622733235359
1060,1215000.0,11.0625,-6.100000000000023,22.81607299614194,22.322250366210938,2286.316390856503,63.92562484741211,0.5472576022148132,-0.11513884365558624,-0.12690454721450806,0.11706133186817169,31.151689618825912,25.42131134867668,0.4424305781722069,0.5585306659340858
1061,1215900.0,11.072916666666666,-6.100000000000023,22.862139353304826,22.318159103393555,2318.684867254264,63.476016998291016,0.5775972604751587,-0.12457053363323212,-0.1153818815946579,0.11312729120254517,31.40957671403885,25.519254006445408,0.43771473318338394,0.5565636456012726
1062,1216800.0,11.083333333333334,-6.100000000000023,22.914818398689647,22.312894821166992,2353.009264959959,63.02500534057617,0.6062723994255066,-0.1308222860097885,-0.10471688210964203,0.1104530319571495,31.653315395116806,25.609906502068043,0.43458885699510574,0.5552265159785748
1063,1217700.0,11.09375,-6.167187500000011,23.141317198977617,22.43697166442871,2474.210217835652,62.79200744628906,0.6436330080032349,-0.09584739804267883,-0.07074584066867828,0.14165373146533966,31.970880568027496,25.898660354316235,0.4520763009786606,0.5708268657326698
1064,1218600.0,11.104166666666666,-6.3291666666666515,23.24377026256576,22.432432174682617,2528.104922900259,63.01616287231445,0.6642621755599976,-0.08380912244319916,-0.06877660751342773,0.15970484912395477,32.14622849225998,25.915398836135864,0.4580954387784004,0.5798524245619774
1065,1219500.0,11.114583333333334,-6.526562500000011,23.331892202719587,22.401456832885742,2579.2696671540325,62.51682662963867,0.6861572265625,-0.07546937465667725,-0.060609471052885056,0.16528156399726868,32.33233642578125,25.984819496050477,0.4622653126716614,0.5826407819986343
1066,1220400.0,11.125,-6.699999999999989,23.427737239613123,22.362716674804688,2635.4927823124094,62.00153350830078,0.7011414766311646,-0.05879904329776764,-0.053294580429792404,0.17449355125427246,32.4597025513649,26.046996066346765,0.4706004783511162,0.5872467756271362
1067,1221300.0,11.135416666666666,-6.778124999999989,23.6132103955278,22.468957901000977,2735.783385878592,61.0087890625,0.7417254447937012,-0.040061697363853455,-0.014188695698976517,0.1887514889240265,32.80466628074646,26.3793960865587,0.4799691513180733,0.5943757444620132
1068,1222200.0,11.145833333333334,-6.808333333333337,23.754065838488373,22.48874282836914,2814.067359162975,61.364418029785156,0.7574180960655212,-0.012185215950012207,-0.013153407722711563,0.2224656045436859,32.93805381655693,26.38819603435695,0.4939073920249939,0.611232802271843
1069,1223100.0,11.15625,-6.909375000000011,23.84588534070957,22.497608184814453,2872.798230031042,61.52904510498047,0.7634457945823669,0.012506604194641113,-0.013059735298156738,0.2509303689002991,32.98928925395012,26.388992249965668,0.5062533020973206,0.6254651844501495
1070,1224000.0,11.166666666666666,-7.199999999999989,23.896195232047376,22.47570037841797,2917.1359300484623,61.807891845703125,0.7615019083023071,0.03528466820716858,-0.017967939376831055,0.28301095962524414,32.97276622056961,26.347272515296936,0.5176423341035843,0.6415054798126221
1071,1224900.0,11.177083333333334,-7.625,24.00574772626976,22.583606719970703,2997.0872760618,61.14460372924805,0.7911580204963684,0.047165486961603165,0.015633203089237213,0.3142581284046173,33.22484317421913,26.632882226258516,0.5235827434808016,0.6571290642023087
1072,1225800.0,11.1875,-8.050000000000011,24.03707946093681,22.51568603515625,3035.507933434025,61.87149429321289,0.7889581918716431,0.06602571904659271,0.004379674792289734,0.362209677696228,33.206144630908966,26.537227235734463,0.5330128595232964,0.681104838848114
1073,1226700.0,11.197916666666666,-8.475000000000023,24.009834542715055,22.409889221191406,3047.108652015637,61.797813415527344,0.7748708724975586,0.08067972958087921,-0.0022850781679153442,0.390288770198822,33.08640241622925,26.48057683557272,0.5403398647904396,0.695144385099411
1074,1227600.0,11.208333333333334,-8.899999999999977,23.94625730529833,22.276260375976562,3044.65341843829,61.591217041015625,0.7532222270965576,0.09399162232875824,-0.011144716292619705,0.41157156229019165,32.90238893032074,26.405269911512733,0.5469958111643791,0.7057857811450958
1075,1228500.0,11.21875,-9.324999999999989,24.06836195694075,22.427356719970703,3141.9217650858277,60.41783142089844,0.7761698961257935,0.119463711977005,0.03934292495250702,0.4440305829048157,33.097444117069244,26.83441486209631,0.5597318559885025,0.7220152914524078
1076,1229400.0,11.229166666666666,-9.75,24.038015178979094,22.310287475585938,3150.214815975917,61.375335693359375,0.7622463703155518,0.13312998414039612,0.01784379780292511,0.477226197719574,32.97909414768219,26.651672281324863,0.5665649920701981,0.738613098859787
1077,1230300.0,11.239583333333334,-10.175000000000011,23.960426156419487,22.132911682128906,3136.746376644255,61.05342102050781,0.7415735125541687,0.14056627452373505,0.006471231579780579,0.48408305644989014,32.803374856710434,26.555005468428135,0.5702831372618675,0.7420415282249451
1078,1231200.0,11.25,-10.600000000000023,23.85510135350347,21.935148239135742,3114.7039792951946,60.55034637451172,0.7124965786933899,0.15064190328121185,-0.0031459927558898926,0.48703646659851074,32.556220918893814,26.473259061574936,0.5753209516406059,0.7435182332992554
1079,1232100.0,11.260416666666666,-10.815047089041116,23.5770166219653,21.520952224731445,3006.0723395350224,60.28471374511719,0.6587647199630737,0.13392215967178345,-0.047984860837459564,0.4646587371826172,32.09950011968613,26.092128682881594,0.5669610798358917,0.7323293685913086
1080,1233000.0,11.270833333333334,-10.748458904109611,23.409334450517463,21.33420181274414,2957.437535484499,58.8109245300293,0.6185334920883179,0.1385480761528015,-0.04312768578529358,0.4476192593574524,31.757534682750702,26.133414670825005,0.5692740380764008,0.7238096296787262
1081,1233900.0,11.28125,-10.607641267123313,23.268597217672493,21.26250648498535,2913.94176947407,58.83871841430664,0.5767121315002441,0.15084272623062134,-0.05082571133971214,0.4469955563545227,31.402053117752075,26.067981453612447,0.5754213631153107,0.7234977781772614
1082,1234800.0,11.291666666666666,-10.600000000000023,23.14521863559679,21.262203216552734,2864.9994516326187,59.61896514892578,0.5367221236228943,0.1618625372648239,-0.06912700831890106,0.44912225008010864,31.0621380507946,25.91242042928934,0.580931268632412,0.7245611250400543
1083,1235700.0,11.302083333333334,-11.163758189398436,23.043814061598653,21.339069366455078,2800.8392764842743,60.38408660888672,0.5089746713638306,0.15540075302124023,-0.08966930210590363,0.4406130909919739,30.82628470659256,25.73781093209982,0.5777003765106201,0.7203065454959869
1084,1236600.0,11.3125,-12.158606313281723,22.981061356118175,21.36823081970215,2713.8432138194494,61.9496955871582,0.45955491065979004,0.1723083108663559,-0.1300806850194931,0.44754618406295776,30.406216740608215,25.39431417733431,0.586154155433178,0.7237730920314789
1085,1237500.0,11.322916666666666,-12.924151280524143,22.868193791599936,21.352428436279297,2587.912726651283,63.14533615112305,0.38396430015563965,0.20178619027137756,-0.17113631963729858,0.45284098386764526,29.763696551322937,25.045341283082962,0.6008930951356888,0.7264204919338226
1086,1238400.0,11.333333333333334,-12.800000000000011,22.820903150318543,21.369644165039062,2400.6275924870783,64.2912368774414,0.3000808358192444,0.23111000657081604,-0.20431731641292572,0.4543200135231018,29.050687104463577,24.76330281049013,0.615555003285408,0.7271600067615509
1087,1239300.0,11.34375,-11.98059329710145,23.00379024512074,21.060569763183594,1785.3998607606995,70.00141143798828,0.1228288859128952,0.247787743806839,-0.3233819007873535,0.4340590238571167,27.54404553025961,23.751253843307495,0.6238938719034195,0.7170295119285583
1088,1240200.0,11.354166666666666,-11.120712560386494,22.453622181091816,21.267908096313477,1296.3907066267652,70.41990661621094,-0.11474776268005371,0.3191373944282532,-0.3281213641166687,0.40243595838546753,25.524644017219543,23.710968405008316,0.6595686972141266,0.7012179791927338
1089,1241100.0,11.364583333333334,-10.250475543478274,22.22085140012871,21.3433895111084,1029.468660440915,77.24384307861328,-0.2199317216873169,0.3208574652671814,-0.3730369210243225,0.4083515405654907,24.630580365657806,23.32918617129326,0.6604287326335907,0.7041757702827454
1090,1242000.0,11.375,-9.399999999999977,22.065212134223657,21.447092056274414,839.8502481221054,82.82622528076172,-0.2935487926006317,0.32288503646850586,-0.39530062675476074,0.4054758548736572,24.00483526289463,23.139944672584534,0.6614425182342529,0.7027379274368286
1091,1242900.0,11.385416666666666,-8.566105769230774,21.746444392866294,21.19894790649414,552.2899552981626,96.43383026123047,-0.4135292172431946,0.3186655640602112,-0.4914868474006653,0.4031504988670349,22.985001653432846,22.322361797094345,0.6593327820301056,0.7015752494335175
1092,1243800.0,11.395833333333334,-7.731837606837587,21.816850371824273,21.31602668762207,379.0237024020367,97.23649597167969,-0.454329252243042,0.30794787406921387,-0.48213261365890503,0.37837105989456177,22.638201355934143,22.401872783899307,0.6539739370346069,0.6891855299472809
1093,1244700.0,11.40625,-6.906650641025635,21.83730233227851,21.418685913085938,169.46995665699572,107.2074966430664,-0.5136662125587463,0.31683576107025146,-0.5051382184028625,0.3829461932182312,22.133837193250656,22.20632514357567,0.6584178805351257,0.6914730966091156
1094,1245600.0,11.416666666666666,-6.100000000000023,21.91771524076671,21.554645538330078,71.21405019948261,117.56177520751953,-0.5593228340148926,0.32339775562286377,-0.521380603313446,0.3847639560699463,21.745755910873413,22.06826487183571,0.6616988778114319,0.6923819780349731
1095,1246500.0,11.427083333333334,-5.424450549450569,21.90290742015725,21.555391311645508,146.86021674715124,137.36343383789062,-0.6321684718132019,0.33275172114372253,-0.5762181282043457,0.3921290636062622,21.126567989587784,21.60214591026306,0.6663758605718613,0.6960645318031311
1096,1247400.0,11.4375,-4.951098901098874,22.17036431584063,21.676067352294922,180.60361775209094,146.634765625,-0.635355532169342,0.3208921253681183,-0.5823003649711609,0.3863598704338074,21.099477976560593,21.550446897745132,0.6604460626840591,0.6931799352169037
1097,1248300.0,11.447916666666666,-4.627197802197827,22.273004360700213,21.787586212158203,235.23215357182895,161.4360809326172,-0.6726170778274536,0.33454298973083496,-0.5987511873245239,0.39214634895324707,20.782754838466644,21.410614907741547,0.6672714948654175,0.6960731744766235
1098,1249200.0,11.458333333333334,-4.399999999999977,22.49304251449223,21.887727737426758,271.2159488660766,175.55909729003906,-0.6801372170448303,0.3379833400249481,-0.6115635633468628,0.39762669801712036,20.718833655118942,21.301709711551666,0.6689916700124741,0.6988133490085602
1099,1250100.0,11.46875,-4.211383928571422,22.577939187767242,21.943042755126953,326.5145162562836,192.03189086914062,-0.7164542078971863,0.3587878942489624,-0.6301243901252747,0.4070930480957031,20.410139232873917,21.143942683935165,0.6793939471244812,0.7035465240478516
1100,1251000.0,11.479166666666666,-4.0517857142857,22.787971990377912,22.017255783081055,360.21790685470535,202.29776000976562,-0.7211773991584778,0.36539947986602783,-0.633684515953064,0.41026943922042847,20.36999210715294,21.113681614398956,0.6826997399330139,0.7051347196102142
1101,1251900.0,11.489583333333334,-3.9412946428571445,22.88580849701725,22.08698081970215,405.95332252021,213.30406188964844,-0.7458396553993225,0.38387513160705566,-0.6377648115158081,0.41552865505218506,20.16036292910576,21.07899910211563,0.6919375658035278,0.7077643275260925
1102,1252800.0,11.5,-3.8999999999999773,23.06247457738283,22.144845962524414,436.6217614637193,222.88116455078125,-0.7499026656150818,0.39305806159973145,-0.6398273706436157,0.4207148551940918,20.125827342271805,21.061467349529266,0.6965290307998657,0.7103574275970459
1103,1253700.0,11.510416666666666,-3.8999999999999773,23.224680543721547,22.24164581298828,467.7338935144512,225.58505249023438,-0.7525688409805298,0.41060638427734375,-0.6234278678894043,0.4301363229751587,20.103164851665497,21.200863122940063,0.7053031921386719,0.7150681614875793
1104,1254600.0,11.520833333333334,-3.8999999999999773,23.334264219660326,22.27989959716797,502.61094203360085,234.5674285888672,-0.7650425434112549,0.4260064363479614,-0.6256352663040161,0.438997745513916,19.997138381004333,21.182100236415863,0.7130032181739807,0.719498872756958
1105,1255500.0,11.53125,-3.8999999999999773,23.465971991560252,22.29975700378418,530.4314639317423,237.2582550048828,-0.7702551484107971,0.4360978603363037,-0.6199208498001099,0.4426933526992798,19.952831238508224,21.230672776699066,0.7180489301681519,0.7213466763496399
1106,1256400.0,11.541666666666666,-3.8999999999999773,23.554461863196877,22.307828903198242,559.1357498836782,237.4250030517578,-0.7802137136459351,0.4481205940246582,-0.6114855408668518,0.44566696882247925,19.868183434009552,21.30237290263176,0.7240602970123291,0.7228334844112396
1107,1257300.0,11.552083333333334,-3.8999999999999773,23.726351074764466,22.36426544189453,569.5024297149175,230.7746124267578,-0.7664427757263184,0.4543870687484741,-0.5846823453903198,0.45249825716018677,19.985236406326294,21.53020006418228,0.7271935343742371,0.7262491285800934
1108,1258200.0,11.5625,-3.8999999999999773,23.755349157758758,22.37310218811035,598.6772295803366,232.0648193359375,-0.7819657325744629,0.4694741368293762,-0.5789475440979004,0.4594728350639343,19.853291273117065,21.578945875167847,0.7347370684146881,0.7297364175319672
1109,1259100.0,11.572916666666666,-3.8999999999999773,23.886403410693845,22.36626625061035,606.1568566601806,228.194091796875,-0.7732477784156799,0.4689594507217407,-0.5673525929450989,0.4619673490524292,19.92739388346672,21.67750295996666,0.7344797253608704,0.7309836745262146
1110,1260000.0,11.583333333333334,-3.8999999999999773,23.90000676386785,22.35324478149414,627.8387463038339,222.3870086669922,-0.7857908010482788,0.4792904257774353,-0.5538535714149475,0.46379512548446655,19.82077819108963,21.792244642972946,0.7396452128887177,0.7318975627422333
1111,1260900.0,11.59375,-4.020312499999989,24.173112778823224,22.483980178833008,600.9946095713183,204.15345764160156,-0.7322559952735901,0.4753655195236206,-0.4984847903251648,0.473660945892334,20.275824040174484,22.2628792822361,0.7376827597618103,0.736830472946167
1112,1261800.0,11.604166666666666,-4.3125,24.03276616448261,22.49656105041504,632.4143529550491,206.8246307373047,-0.7647639513015747,0.5002869963645935,-0.5001338124275208,0.4874679446220398,19.999506413936615,22.248862594366074,0.7501434981822968,0.7437339723110199
1113,1262700.0,11.614583333333334,-4.673437499999977,24.201632248398766,22.45012855529785,601.0733727180669,198.5138397216797,-0.7262417078018188,0.4816744327545166,-0.48913705348968506,0.49026966094970703,20.32694548368454,22.342335045337677,0.7408372163772583,0.7451348304748535
1114,1263600.0,11.625,-5.0,24.049491939131485,22.386465072631836,619.0399878019629,185.53138732910156,-0.752742350101471,0.4972951412200928,-0.4707292318344116,0.49004656076431274,20.101690024137497,22.4988015294075,0.7486475706100464,0.7450232803821564
1115,1264500.0,11.635416666666666,-5.274999999999977,24.338117689649664,22.463550567626953,557.1833811762847,163.29086303710938,-0.676318883895874,0.4722290635108948,-0.41377806663513184,0.4881002902984619,20.75128948688507,22.98288643360138,0.7361145317554474,0.744050145149231
1116,1265400.0,11.645833333333334,-5.550000000000011,24.073592711752553,22.463029861450195,582.4825363118722,159.1751251220703,-0.7181669473648071,0.4988889694213867,-0.4080009460449219,0.4974750876426697,20.39558094739914,23.031991958618164,0.7494444847106934,0.7487375438213348
1117,1266300.0,11.65625,-5.824999999999989,24.243195566198665,22.44293975830078,520.7467548684036,150.81344604492188,-0.6590361595153809,0.46434974670410156,-0.39559638500213623,0.49746274948120117,20.898192644119263,23.137430727481842,0.7321748733520508,0.7487313747406006
1118,1267200.0,11.666666666666666,-6.100000000000023,23.958724094647096,22.423717498779297,523.8136511393918,141.9827880859375,-0.690153956413269,0.47722238302230835,-0.3819761872291565,0.4955013394355774,20.633691370487213,23.25320240855217,0.7386111915111542,0.7477506697177887
1119,1268100.0,11.677083333333334,-6.375,24.203368909376877,22.552265167236328,425.99837766215114,127.34467315673828,-0.5909444093704224,0.43600618839263916,-0.332008421421051,0.49229782819747925,21.47697252035141,23.677928417921066,0.7180030941963196,0.7461489140987396
1120,1269000.0,11.6875,-6.649999999999977,23.831384707590473,22.569015502929688,426.56729794270024,125.38610076904297,-0.628207802772522,0.4566757082939148,-0.33423149585723877,0.4994693994522095,21.160233676433563,23.65903228521347,0.7283378541469574,0.7497346997261047
1121,1269900.0,11.697916666666666,-6.925000000000011,23.96406676796539,22.560670852661133,340.0677797008068,118.79700469970703,-0.5522485971450806,0.4042855501174927,-0.32551276683807373,0.49151110649108887,21.805886924266815,23.733141481876373,0.7021427750587463,0.7457555532455444
1122,1270800.0,11.708333333333334,-7.199999999999989,23.644581248672978,22.533090591430664,329.95893970992836,111.81251525878906,-0.5797194838523865,0.4076051712036133,-0.31524455547332764,0.47963786125183105,21.572384387254715,23.820421278476715,0.7038025856018066,0.7398189306259155
1123,1271700.0,11.71875,-7.475000000000023,23.976669263657357,22.705799102783203,222.55559742297103,98.4748306274414,-0.4544512629508972,0.35897910594940186,-0.24444207549095154,0.46847259998321533,22.637164264917374,24.422242358326912,0.6794895529747009,0.7342362999916077
1124,1272600.0,11.729166666666666,-7.75,23.611007173259054,22.636550903320312,231.37373991386306,97.1095962524414,-0.5000165104866028,0.3835863471031189,-0.24711529910564423,0.4710671901702881,22.249859660863876,24.399519957602024,0.6917931735515594,0.735533595085144
1125,1273500.0,11.739583333333334,-8.024999999999977,23.786403477331135,22.50592803955078,160.53712771564153,89.26696014404297,-0.4249040484428406,0.32614243030548096,-0.22260139882564545,0.442926824092865,22.888315588235855,24.607888109982014,0.6630712151527405,0.7214634120464325
1126,1274400.0,11.75,-8.300000000000011,23.519937090277438,22.393104553222656,162.3116380775948,81.538818359375,-0.4572557806968689,0.32982587814331055,-0.1910647600889206,0.4130359888076782,22.613325864076614,24.875949539244175,0.6649129390716553,0.7065179944038391
1127,1275300.0,11.760416666666666,-8.574999999999989,23.153794514095466,22.441442489624023,87.58699684665544,74.09202575683594,-0.3813415765762329,0.28405386209487915,-0.13957864046096802,0.3860282301902771,23.25859659910202,25.313581556081772,0.6420269310474396,0.6930141150951385
1128,1276200.0,11.770833333333334,-8.850000000000023,23.29746730951507,22.459264755249023,290.2447196827989,71.66871643066406,-0.3025757074356079,0.26638805866241455,-0.13225334882736206,0.37422287464141846,23.928106486797333,25.375846534967422,0.6331940293312073,0.6871114373207092
1129,1277100.0,11.78125,-9.125,23.200957944237018,22.463369369506836,375.04023239602327,69.14532470703125,-0.2889019846916199,0.2715500593185425,-0.1278066486120224,0.35372036695480347,24.04433313012123,25.41364348679781,0.6357750296592712,0.6768601834774017
1130,1278000.0,11.791666666666666,-9.399999999999977,23.229703674327425,22.451169967651367,510.43721829568966,66.93546295166016,-0.2426297664642334,0.25624221563339233,-0.12436719238758087,0.334328830242157,24.437646985054016,25.442878864705563,0.6281211078166962,0.6671644151210785
1131,1278900.0,11.802083333333334,-10.007031250000011,23.458735276177208,22.663612365722656,729.6955513485074,62.48234176635742,-0.14717203378677368,0.247191920876503,-0.05707922205328941,0.31852397322654724,25.249037712812424,26.01482661254704,0.6235959604382515,0.6592619866132736
1132,1279800.0,11.8125,-10.977083333333326,23.4326072883527,22.596370697021484,842.6325257323341,62.75994873046875,-0.11704739928245544,0.25353068113327026,-0.0681389719247818,0.32974910736083984,25.50509710609913,25.920818738639355,0.6267653405666351,0.6648745536804199
1133,1280700.0,11.822916666666666,-11.858593750000011,23.44196163128686,22.400638580322266,977.0183081259228,60.09797286987305,-0.07223294675350189,0.24310968816280365,-0.05231481418013573,0.3145020008087158,25.886019952595234,26.055324079468846,0.6215548440814018,0.6572510004043579
1134,1281600.0,11.833333333333334,-12.199999999999989,23.431833852241994,22.22718048095703,1085.3936785766157,57.08656692504883,-0.038366034626960754,0.23723359405994415,-0.01878209039568901,0.2975616455078125,26.173888705670834,26.340352231636643,0.6186167970299721,0.6487808227539062
1135,1282500.0,11.84375,-12.104747596153857,23.40771365372484,22.137229919433594,1160.7606903027922,55.425376892089844,-0.015042658895254135,0.2281242311000824,0.00436045229434967,0.28375810384750366,26.37213739939034,26.537063844501972,0.6140621155500412,0.6418790519237518
1136,1283400.0,11.854166666666666,-11.983493589743603,23.417311763960356,22.165565490722656,1241.1486686562976,54.78605651855469,0.013961054384708405,0.21974363923072815,0.02273792028427124,0.2769193649291992,26.61866896227002,26.693272322416306,0.6098718196153641,0.6384596824645996
1137,1284300.0,11.864583333333334,-11.845492788461513,23.425308276384328,22.180328369140625,1313.362759040481,55.065364837646484,0.03962470591068268,0.21400117874145508,0.02392486482858658,0.2781384289264679,26.836810000240803,26.703361351042986,0.6070005893707275,0.639069214463234
1138,1285200.0,11.875,-11.699999999999989,23.437319456549574,22.197078704833984,1382.5480173283263,55.285682678222656,0.06516863405704498,0.20790742337703705,0.026605509221553802,0.2762105464935303,27.053933389484882,26.726146828383207,0.6039537116885185,0.6381052732467651
1139,1286100.0,11.885416666666666,-11.547475961538453,23.373572884979694,22.139190673828125,1411.6156283523958,56.0064811706543,0.06849966943264008,0.20379719138145447,0.00934647023677826,0.2754412889480591,27.08224719017744,26.579444997012615,0.6018985956907272,0.6377206444740295
1140,1287000.0,11.895833333333334,-11.389423076923094,23.37714001433835,22.1539363861084,1468.8068861539746,56.0025520324707,0.09085720777511597,0.19464968144893646,0.015668749809265137,0.2681543827056885,27.272286266088486,26.633184373378754,0.5973248407244682,0.6340771913528442
1141,1287900.0,11.90625,-11.236658653846177,23.381920044003834,22.184560775756836,1521.0791849696338,56.47362518310547,0.11024481058120728,0.18980538845062256,0.016271211206912994,0.26875871419906616,27.437080889940262,26.63830529525876,0.5949026942253113,0.6343793570995331
1142,1288800.0,11.916666666666666,-11.100000000000023,23.392643357438317,22.217985153198242,1574.536061642791,57.01301574707031,0.1314689964056015,0.18361490964889526,0.015977732837200165,0.26919710636138916,27.617486469447613,26.6358107291162,0.5918074548244476,0.6345985531806946
1143,1289700.0,11.927083333333334,-11.0497767857143,23.371189710581916,22.216350555419922,1615.655370527099,57.70716857910156,0.14544710516929626,0.1766931116580963,0.007718034088611603,0.2690710425376892,27.73630039393902,26.5656032897532,0.5883465558290482,0.6345355212688446
1144,1290600.0,11.9375,-11.09107142857141,23.36968749082081,22.225725173950195,1671.8304128467928,58.035003662109375,0.16768935322761536,0.16812103986740112,0.009615913033485413,0.26606154441833496,27.92535950243473,26.581735260784626,0.5840605199337006,0.6330307722091675
1145,1291500.0,11.947916666666666,-11.136830357142856,23.371380493656204,22.221487045288086,1729.8716314142393,58.36738204956055,0.19078893959522247,0.16045401990413666,0.011983819305896759,0.265190988779068,28.12170598655939,26.601862464100122,0.5802270099520683,0.632595494389534
1146,1292400.0,11.958333333333334,-11.100000000000023,23.381428552996056,22.22333335876465,1787.9250478173306,58.59650802612305,0.2156759351491928,0.1518549621105194,0.017486855387687683,0.2632373571395874,28.33324544876814,26.648638270795345,0.5759274810552597,0.6316186785697937
1147,1293300.0,11.96875,-10.98717532467532,23.352626169474547,22.19265365600586,1820.1642137623442,58.917213439941406,0.23163743317127228,0.13617680966854095,0.013448193669319153,0.2552001178264618,28.468918181955814,26.614309646189213,0.5680884048342705,0.6276000589132309
1148,1294200.0,11.979166666666666,-10.864610389610391,23.36547667130867,22.222925186157227,1870.8139727728983,59.064208984375,0.2571215033531189,0.12422970682382584,0.02103455364704132,0.24913860857486725,28.68553277850151,26.67879370599985,0.5621148534119129,0.6245693042874336
1149,1295100.0,11.989583333333334,-10.73474025974025,23.385148278289194,22.251985549926758,1920.7736979015788,59.48500061035156,0.2822100520133972,0.11468309909105301,0.023454077541828156,0.24861522018909454,28.898785442113876,26.69935965910554,0.5573415495455265,0.6243076100945473
1150,1296000.0,12.0,-10.600000000000023,23.412207892800154,22.28022003173828,1970.3549997144212,59.82240295410156,0.309057354927063,0.10413910448551178,0.02704903483390808,0.24664556980133057,29.126987516880035,26.72991679608822,0.5520695522427559,0.6233227849006653
1151,1296900.0,12.010416666666666,-10.455326704545428,23.43413052055547,22.28994369506836,2013.6724486949317,60.30864715576172,0.3303350806236267,0.09848560392856598,0.025048449635505676,0.24986186623573303,29.307848185300827,26.7129118219018,0.549242801964283,0.6249309331178665
1152,1297800.0,12.020833333333334,-10.300568181818164,23.46583371400402,22.31201934814453,2056.9727795282042,60.48447799682617,0.35636675357818604,0.08780193328857422,0.029945984482765198,0.2466460019350052,29.52911740541458,26.754540868103504,0.5439009666442871,0.6233230009675026
1153,1298700.0,12.03125,-10.145525568181824,23.50626350363558,22.338300704956055,2100.201550509451,60.64488220214844,0.3839343190193176,0.07697794586420059,0.03519698977470398,0.24439789354801178,29.7634417116642,26.799174413084984,0.5384889729321003,0.6221989467740059
1154,1299600.0,12.041666666666666,-10.0,23.552831538838063,22.36351203918457,2142.8247048418903,60.75743865966797,0.41229569911956787,0.06637999415397644,0.04061156511306763,0.24250181019306183,30.004513442516327,26.845198303461075,0.5331899970769882,0.6212509050965309
1155,1300500.0,12.052083333333334,-9.89453125,23.61984841279309,22.403854370117188,2192.7791436187817,60.91584777832031,0.439847469329834,0.06405885517597198,0.047807931900024414,0.24774347245693207,30.23870348930359,26.906367421150208,0.532029427587986,0.623871736228466
1156,1301400.0,12.0625,-9.856249999999989,23.67541499070188,22.416606903076172,2233.0230666838106,60.97850799560547,0.46648108959198,0.05680442973971367,0.051818057894706726,0.24932275712490082,30.46508926153183,26.940453492105007,0.5284022148698568,0.6246613785624504
1157,1302300.0,12.072916666666666,-9.889843750000011,23.72991413458675,22.413856506347656,2274.4845145258932,60.843475341796875,0.49303293228149414,0.05038885027170181,0.05778096616268158,0.24959643185138702,30.6907799243927,26.991138212382793,0.5251944251358509,0.6247982159256935
1158,1303200.0,12.083333333333334,-10.0,23.78184008131643,22.39814567565918,2319.562930210834,60.60417556762695,0.5183132886886597,0.04703953117132187,0.06448335945606232,0.2515823543071747,30.905662953853607,27.04810855537653,0.5235197655856609,0.6257911771535873
1159,1304100.0,12.09375,-10.2138950892857,23.839788684188818,22.400453567504883,2370.18867064466,59.84941864013672,0.5584228038787842,0.029786691069602966,0.08514967560768127,0.24168016016483307,31.246593832969666,27.22377224266529,0.5148933455348015,0.6208400800824165
1160,1305000.0,12.104166666666666,-10.512053571428567,23.91968050169004,22.367652893066406,2433.825433870756,59.52631759643555,0.5881549119949341,0.03349138796329498,0.0932689756155014,0.2512351870536804,31.49931675195694,27.292786292731762,0.5167456939816475,0.6256175935268402
1161,1305900.0,12.114583333333334,-10.829185267857156,24.00018233671193,22.31359100341797,2496.8787472737113,59.14525604248047,0.6093806028366089,0.04635882377624512,0.10015036165714264,0.26480239629745483,31.679735124111176,27.351278074085712,0.5231794118881226,0.6324011981487274
1162,1306800.0,12.125,-11.100000000000023,24.080957766197855,22.262283325195312,2558.9757260913143,58.77074432373047,0.6246659755706787,0.06525598466396332,0.10678353905677795,0.2832515239715576,31.80966079235077,27.407660081982613,0.5326279923319817,0.6416257619857788
1163,1307700.0,12.135416666666666,-11.332533482142878,24.161430700372534,22.253005981445312,2621.567161388074,58.14061737060547,0.651929497718811,0.07047783583402634,0.12361463904380798,0.2938871681690216,32.041400730609894,27.550724431872368,0.5352389179170132,0.6469435840845108
1164,1308600.0,12.145833333333334,-11.54419642857141,24.246494512986374,22.245086669921875,2690.2091635396555,58.055843353271484,0.6658754348754883,0.09343887865543365,0.12629927694797516,0.32465240359306335,32.15994119644165,27.57354385405779,0.5467194393277168,0.6623262017965317
1165,1309500.0,12.15625,-11.683761160714312,24.30437258253403,22.224876403808594,2744.468995696848,58.074275970458984,0.6701999306678772,0.11792071163654327,0.12335734069347382,0.35791486501693726,32.196699410676956,27.548537395894527,0.5589603558182716,0.6789574325084686
1166,1310400.0,12.166666666666666,-11.699999999999989,24.334592276462445,22.205415725708008,2782.348030201668,58.09992599487305,0.6685611009597778,0.13917571306228638,0.11845330893993378,0.38884276151657104,32.18276935815811,27.506853125989437,0.5695878565311432,0.6944213807582855
1167,1311300.0,12.177083333333334,-11.527207880434787,24.266113454593096,22.08612632751465,2768.8719868364597,58.474369049072266,0.6401313543319702,0.15847347676753998,0.08774390816688538,0.41573506593704224,31.941116511821747,27.245823219418526,0.57923673838377,0.7078675329685211
1168,1312200.0,12.1875,-11.210054347826087,24.219293478007273,22.066274642944336,2765.155036254039,58.27153778076172,0.6228480339050293,0.17168614268302917,0.08149772882461548,0.42803871631622314,31.79420828819275,27.19273069500923,0.5858430713415146,0.7140193581581116
1169,1313100.0,12.197916666666666,-10.862873641304361,24.171987627002693,22.081064224243164,2758.885968629726,58.51279830932617,0.6056441068649292,0.18398329615592957,0.06926162540912628,0.4441695809364319,31.647974908351898,27.088723815977573,0.5919916480779648,0.7220847904682159
1170,1314000.0,12.208333333333334,-10.600000000000023,24.115826738812927,22.081876754760742,2747.573464212336,58.927555084228516,0.5874864459037781,0.19433587789535522,0.05228416621685028,0.4572020173072815,31.493634790182114,26.944415412843227,0.5971679389476776,0.7286010086536407
1171,1314900.0,12.21875,-10.427396245059299,23.85299715110915,21.812135696411133,2635.3458591811786,59.28443908691406,0.5428348779678345,0.16449598968029022,-0.004512473940849304,0.43285071849823,31.114096462726593,26.46164397150278,0.5822479948401451,0.716425359249115
1172,1315800.0,12.229166666666666,-10.272332015810264,23.725251553666283,21.71692657470703,2600.7208527634225,58.479087829589844,0.5155276656150818,0.16569721698760986,-0.00996672734618187,0.41843074560165405,30.881985157728195,26.415282817557454,0.5828486084938049,0.709215372800827
1173,1316700.0,12.239583333333334,-10.131101778656102,23.604255000371666,21.634397506713867,2567.5341086659528,58.67434310913086,0.4813108444213867,0.1780676245689392,-0.026173438876867294,0.423081636428833,30.591142177581787,26.277525769546628,0.5890338122844696,0.7115408182144165
1174,1317600.0,12.25,-10.0,23.47727284935928,21.538850784301758,2532.617868211592,58.9973258972168,0.44717639684677124,0.18910305202007294,-0.0431753508746624,0.4270395040512085,30.300999373197556,26.13300951756537,0.5945515260100365,0.7135197520256042
1175,1318500.0,12.260416666666666,-10.059659090909065,23.184488715617704,21.255512237548828,2428.5363557909013,59.56570816040039,0.39042073488235474,0.1727956235408783,-0.0913606658577919,0.40687263011932373,29.818576246500015,25.72343434020877,0.5863978117704391,0.7034363150596619
1176,1319400.0,12.270833333333334,-10.28636363636366,22.97636752559589,21.099205017089844,2393.3168256911626,58.891143798828125,0.3513375520706177,0.17734070122241974,-0.0976179912686348,0.3943575620651245,29.48636919260025,25.670247074216604,0.5886703506112099,0.6971787810325623
1177,1320300.0,12.28125,-10.36988636363634,22.784125003372253,20.95566177368164,2366.941103248403,58.950782775878906,0.3127624988555908,0.18841847777366638,-0.11140903830528259,0.3962951898574829,29.158481240272522,25.553023174405098,0.5942092388868332,0.6981475949287415
1178,1321200.0,12.291666666666666,-10.0,22.629117506401485,20.925737380981445,2338.393127779421,59.20531463623047,0.28002744913101196,0.1966044157743454,-0.12350215017795563,0.3972797393798828,28.8802333176136,25.450231723487377,0.5983022078871727,0.6986398696899414
1179,1322100.0,12.302083333333334,-9.300000000000011,22.378687899884255,20.912113189697266,2233.698559641015,61.48503875732422,0.21969689428806305,0.19241215288639069,-0.18281611800193787,0.3905467391014099,28.367423601448536,24.946062996983528,0.5962060764431953,0.695273369550705
1180,1323000.0,12.3125,-8.600000000000023,22.262052384704646,21.224040985107422,2167.4103531559226,63.84391403198242,0.18255718052387238,0.19599619507789612,-0.21610650420188904,0.38435977697372437,28.051736034452915,24.663094714283943,0.5979980975389481,0.6921798884868622
1181,1323900.0,12.322916666666666,-7.899999999999977,22.183355801963046,21.513845443725586,2089.1312159181707,69.88016510009766,0.14172999560832977,0.20739562809467316,-0.282264769077301,0.3954382538795471,27.704704962670803,24.10074946284294,0.6036978140473366,0.6977191269397736
1182,1324800.0,12.333333333333334,-7.199999999999989,22.175366731488452,21.739351272583008,1977.290357062351,77.33877563476562,0.09853926301002502,0.22018718719482422,-0.3453960418701172,0.4014744758605957,27.337583735585213,23.564133644104004,0.6100935935974121,0.7007372379302979
1183,1325700.0,12.34375,-6.5,22.421193147625104,21.44023323059082,1446.7814813080781,91.34814453125,-0.03239874169230461,0.20412586629390717,-0.48775601387023926,0.3724842071533203,26.22461069561541,22.354073882102966,0.6020629331469536,0.6862421035766602
1184,1326600.0,12.354166666666666,-5.800000000000011,21.919718599766213,21.591005325317383,1030.6972235877504,91.79108428955078,-0.23969462513923645,0.261791855096817,-0.49047017097473145,0.33773207664489746,24.46259568631649,22.331003546714783,0.6308959275484085,0.6688660383224487
1185,1327500.0,12.364583333333334,-5.100000000000023,21.795772256339546,21.590686798095703,820.9356877817631,102.78631591796875,-0.31632861495018005,0.2547818422317505,-0.5315226912498474,0.3451055884361267,23.81120677292347,21.982057124376297,0.6273909211158752,0.6725527942180634
1186,1328400.0,12.375,-4.399999999999977,21.714762370428616,21.656538009643555,625.4765090144947,110.23531341552734,-0.3863200545310974,0.25999441742897034,-0.5441891551017761,0.3432849943637848,23.216279536485672,21.874392181634903,0.6299972087144852,0.6716424971818924
1187,1329300.0,12.385416666666666,-4.356718750000027,21.771994604292274,21.789871215820312,491.8489990714744,118.3667984008789,-0.4204544425010681,0.26226210594177246,-0.545436680316925,0.3476976156234741,22.92613723874092,21.863788217306137,0.6311310529708862,0.6738488078117371
1188,1330200.0,12.395833333333334,-5.126250000000027,21.767374193919068,21.762510299682617,327.68533339197563,129.91941833496094,-0.47173893451690674,0.27265608310699463,-0.5703316926956177,0.35932666063308716,22.490219056606293,21.65218061208725,0.6363280415534973,0.6796633303165436
1189,1331100.0,12.40625,-5.957656250000014,21.78515325382051,21.659578323364258,162.39400228362686,132.32766723632812,-0.5199378728866577,0.28377848863601685,-0.5776759386062622,0.3632298707962036,22.08052808046341,21.58975452184677,0.6418892443180084,0.6816149353981018
1190,1332000.0,12.416666666666666,-6.100000000000023,21.81157527308426,21.5738525390625,65.54019496940094,130.84152221679688,-0.5695839524269104,0.2967223525047302,-0.5727527141571045,0.3644365072250366,21.65853640437126,21.631601929664612,0.6483611762523651,0.6822182536125183
1191,1332900.0,12.427083333333334,-5.586562500000014,21.58571408963911,21.28372573852539,157.27766192109448,146.7025604248047,-0.6855738759040833,0.30017340183258057,-0.6448252201080322,0.35788118839263916,20.672622054815292,21.018985629081726,0.6500867009162903,0.6789405941963196
1192,1333800.0,12.4375,-5.0,21.940708964026953,21.377870559692383,170.0019845675691,141.19956970214844,-0.6616230607032776,0.2735910415649414,-0.6144352555274963,0.33548030257225037,20.87620398402214,21.27730032801628,0.6367955207824707,0.6677401512861252
1193,1334700.0,12.447916666666666,-4.413437499999986,21.929442613711387,21.494144439697266,232.40460546025972,155.5312957763672,-0.7189900279045105,0.2989446818828583,-0.6293812394142151,0.34386539459228516,20.38858476281166,21.15025946497917,0.6494723409414291,0.6719326972961426
1194,1335600.0,12.458333333333334,-3.8999999999999773,22.225364119824974,21.631595611572266,251.51835367445102,170.90139770507812,-0.7042152881622314,0.2939212918281555,-0.6414200663566589,0.35022228956222534,20.514170050621033,21.0479294359684,0.6469606459140778,0.6751111447811127
1195,1336500.0,12.46875,-3.4853125000000205,21.912941339554493,21.493162155151367,348.5142311614237,211.04771423339844,-0.8213098049163818,0.3398241400718689,-0.7287152409553528,0.36129772663116455,19.518866658210754,20.3059204518795,0.6699120700359344,0.6806488633155823
1196,1337400.0,12.479166666666666,-3.105000000000018,22.382133777919535,21.5647029876709,334.60139726042837,208.19027709960938,-0.7622047066688538,0.31027594208717346,-0.7077805399894714,0.34877943992614746,20.021259993314743,20.483865410089493,0.6551379710435867,0.6743897199630737
1197,1338300.0,12.489583333333334,-2.697187499999984,22.19883093855094,21.653169631958008,416.10653476099236,222.28799438476562,-0.842379629611969,0.365884006023407,-0.7130786776542664,0.3560919165611267,19.339773148298264,20.438831239938736,0.6829420030117035,0.6780459582805634
1198,1339200.0,12.5,-2.1999999999999886,22.635245934703846,21.755041122436523,406.51263756015135,236.4384765625,-0.7904075980186462,0.3425445258617401,-0.7161686420440674,0.36310118436813354,19.781535416841507,20.412566542625427,0.6712722629308701,0.6815505921840668
1199,1340100.0,12.510416666666666,-1.58203125,22.236143021846317,21.679109573364258,525.3530308910862,272.7978515625,-0.9181337952613831,0.41711562871932983,-0.774112343788147,0.37039726972579956,18.695862740278244,19.92004507780075,0.7085578143596649,0.6851986348628998
1200,1341000.0,12.520833333333334,-0.8812500000000227,22.864274303370053,21.761756896972656,483.8242351473955,271.3681945800781,-0.8299424648284912,0.3590099811553955,-0.753865122795105,0.3619738221168518,19.445489048957825,20.092146456241608,0.6795049905776978,0.6809869110584259
1201,1341900.0,12.53125,-0.13984375000001137,22.484531553353747,21.87594223022461,605.8085336705547,287.5964050292969,-0.9441216588020325,0.45466315746307373,-0.7558121085166931,0.368144154548645,18.474965900182724,20.07559707760811,0.7273315787315369,0.6840720772743225
1202,1342800.0,12.541666666666666,0.6000000000000227,23.149788182220448,22.00475311279297,547.2128629391236,306.11614990234375,-0.8447602391242981,0.38350600004196167,-0.759617269039154,0.3753836154937744,19.319537967443466,20.04325321316719,0.6917530000209808,0.6876918077468872
1203,1343700.0,12.552083333333334,1.5749999999999886,22.473464064679035,21.91677474975586,716.9527301303951,356.63446044921875,-1.0,0.5417729020118713,-0.8284481167793274,0.39360207319259644,18.0,19.458191007375717,0.7708864510059357,0.6968010365962982
1204,1344600.0,12.5625,2.75,23.28503811537638,22.025249481201172,611.7563907169186,351.23760986328125,-0.8781538605690002,0.4045092463493347,-0.8038962483406067,0.3792552351951599,19.035692185163498,19.666881889104843,0.7022546231746674,0.68962761759758
1205,1345500.0,12.572916666666666,3.6750000000000114,22.69283230354631,22.1860294342041,760.8679066111562,375.0539855957031,-1.0,0.5631083250045776,-0.8102111220359802,0.3848631978034973,18.0,19.613205462694168,0.7815541625022888,0.6924315989017487
1206,1346400.0,12.583333333333334,3.8999999999999773,23.4275888992388,22.325361251831055,649.3498780852483,401.1352844238281,-0.889279842376709,0.41692227125167847,-0.823436975479126,0.3931635618209839,18.941121339797974,19.50078570842743,0.7084611356258392,0.6965817809104919
1207,1347300.0,12.59375,3.625,22.91399797390733,22.52549171447754,756.7683483185668,389.36285400390625,-1.0,0.5035880208015442,-0.7890355587005615,0.39025789499282837,18.0,19.793197751045227,0.7517940104007721,0.6951289474964142
1208,1348200.0,12.604166666666666,3.3500000000000227,23.69554202562398,22.520288467407227,628.9254866199459,401.0384826660156,-0.8620964288711548,0.3704111576080322,-0.8063448071479797,0.4038117527961731,19.172180354595184,19.646069139242172,0.6852055788040161,0.7019058763980865
1209,1349100.0,12.614583333333334,3.0749999999999886,22.9731854875119,22.494470596313477,760.9290573078117,381.20147705078125,-1.0,0.4967479109764099,-0.7911729216575623,0.3943448066711426,18.0,19.77503016591072,0.748373955488205,0.6971724033355713
1210,1350000.0,12.625,2.8000000000000114,23.784027388804986,22.450637817382812,599.5592863040307,361.06805419921875,-0.845390260219574,0.3277910351753235,-0.777141273021698,0.3855615258216858,19.31418278813362,19.894299179315567,0.6638955175876617,0.6927807629108429
1211,1350900.0,12.635416666666666,2.5249999999999773,22.88479449223604,22.36819839477539,735.349799985763,341.4237365722656,-1.0,0.474176824092865,-0.773737370967865,0.3648773431777954,18.0,19.923232346773148,0.7370884120464325,0.6824386715888977
1212,1351800.0,12.645833333333334,2.25,23.718878472830852,22.317142486572266,538.7075352286429,314.0773010253906,-0.825541079044342,0.26348423957824707,-0.7537325620651245,0.34564173221588135,19.482900828123093,20.09327322244644,0.6317421197891235,0.6728208661079407
1213,1352700.0,12.65625,1.9750000000000227,22.73738338721563,22.276369094848633,667.6242073238371,291.5670471191406,-1.0,0.39067256450653076,-0.7389975190162659,0.32963573932647705,18.0,20.21852108836174,0.6953362822532654,0.6648178696632385
1214,1353600.0,12.666666666666666,1.6999999999999886,23.65388418180015,22.24689483642578,456.6812306130139,270.13946533203125,-0.7942129969596863,0.1686224341392517,-0.7263354063034058,0.31061261892318726,19.749189525842667,20.32614904642105,0.5843112170696259,0.6553063094615936
1215,1354500.0,12.677083333333334,1.295454545454561,22.579677685990703,22.29665756225586,591.9337566432317,242.7972869873047,-0.9950759410858154,0.2974075376987457,-0.6946712732315063,0.29014936089515686,18.04185450077057,20.595294177532196,0.6487037688493729,0.6450746804475784
1216,1355400.0,12.6875,0.7545454545454504,23.58753387037865,22.279808044433594,361.3162401185828,230.60015869140625,-0.7390412092208862,0.07322602719068527,-0.6967332363128662,0.2759387493133545,20.218149721622467,20.577767491340637,0.5366130135953426,0.6379693746566772
1217,1356300.0,12.697916666666666,0.26136363636362603,22.364313957906802,22.23715591430664,510.98601090138607,210.2225341796875,-0.9785342216491699,0.2193174958229065,-0.6902740001678467,0.2468004673719406,18.182459115982056,20.632670998573303,0.6096587479114532,0.6234002336859703
1218,1357200.0,12.708333333333334,0.0,23.419697906114948,22.18605613708496,280.51845173393224,189.8093719482422,-0.6939404010772705,-0.00571499764919281,-0.6806765198707581,0.21501614153385162,20.6015065908432,20.714249581098557,0.4971425011754036,0.6075080707669258
1219,1358100.0,12.71875,0.3751117734724403,22.006954811292474,21.89225959777832,468.25093394876495,194.7244873046875,-1.0,0.1696755588054657,-0.7549806833267212,0.1749521791934967,18.0,20.08266419172287,0.5848377794027328,0.5874760895967484
1220,1359000.0,12.729166666666666,1.3593889716840408,23.13286556344991,21.830720901489258,248.5692026705615,163.71615600585938,-0.7156407237052917,-0.07820609211921692,-0.7139925360679626,0.10802231729030609,20.41705384850502,20.431063443422318,0.46089695394039154,0.554011158645153
1221,1359900.0,12.739583333333334,2.488971684053638,21.930556239296266,21.826461791992188,423.94415459342684,157.68548583984375,-0.9959398508071899,0.0968586653470993,-0.7014942765235901,0.08637720346450806,18.034511268138885,20.537298649549484,0.5484293326735497,0.543188601732254
1222,1360800.0,12.75,3.3000000000000114,23.05977479309098,21.884971618652344,226.62660576486667,155.2275390625,-0.704982340335846,-0.10580523312091827,-0.6927043795585632,0.06815443933010101,20.50765010714531,20.612012773752213,0.44709738343954086,0.5340772196650505
1223,1361700.0,12.760416666666666,3.8048594847775234,21.21957579942699,21.82695770263672,353.4658198401604,172.0675506591797,-1.0,0.09235450625419617,-0.7519264817237854,0.07420916855335236,18.0,20.108624905347824,0.5461772531270981,0.5371045842766762
1224,1362600.0,12.770833333333334,4.290827478532378,22.592888294502018,21.90585708618164,100.19043895692934,165.43695068359375,-0.5919895768165588,-0.15967465937137604,-0.7492550611495972,0.05512082949280739,21.46808859705925,20.131331980228424,0.420162670314312,0.5275604147464037
1225,1363500.0,12.78125,4.7063817330210895,21.279952891049334,22.03126335144043,282.85057431166285,169.3962860107422,-0.9230843782424927,0.05902635306119919,-0.7661157250404358,0.05553600564599037,18.653782784938812,19.988016337156296,0.5295131765305996,0.5277680028229952
1226,1364400.0,12.791666666666666,5.0,22.31846215254086,22.15287208557129,95.70764870252894,176.4213409423828,-0.6092650294303894,-0.12087550759315491,-0.7904196381568909,0.058103229850530624,21.32124724984169,19.781433075666428,0.43956224620342255,0.5290516149252653
1227,1365300.0,12.802083333333334,5.179017857142867,21.327691559648542,22.20431137084961,227.3013080619657,185.6283416748047,-0.8550244569778442,0.04573160409927368,-0.8173733949661255,0.07279936969280243,19.232292115688324,19.552326142787933,0.5228658020496368,0.5363996848464012
1228,1366200.0,12.8125,5.311904761904771,22.08741172878166,22.26435089111328,88.85626134471752,184.50460815429688,-0.6191718578338623,-0.08207561075687408,-0.8259145021438599,0.0690460354089737,21.23703920841217,19.47972673177719,0.45896219462156296,0.5345230177044868
1229,1367100.0,12.822916666666666,5.438839285714266,21.373230072949923,22.299535751342773,177.00242712387882,183.99533081054688,-0.7941737174987793,0.02442331612110138,-0.8353802561759949,0.06720267236232758,19.749523401260376,19.399267822504044,0.5122116580605507,0.5336013361811638
1230,1368000.0,12.833333333333334,5.600000000000023,21.903852405855957,22.327388763427734,78.23945051999374,180.81898498535156,-0.6235120296478271,-0.0669502466917038,-0.8385956883430481,0.06217258423566818,21.20014774799347,19.37193664908409,0.4665248766541481,0.5310862921178341
1231,1368900.0,12.84375,5.852678571428555,21.30568932515257,22.271181106567383,148.5121478450831,185.69720458984375,-0.7728609442710876,-0.0010371953248977661,-0.8699066042900085,0.0541488416492939,19.930681973695755,19.105793863534927,0.4994814023375511,0.527074420824647
1232,1369800.0,12.854166666666666,6.173809523809496,21.718648382623883,22.30107879638672,71.3952703089673,176.72097778320312,-0.6376046538352966,-0.07735376060009003,-0.8601698875427246,0.03899525851011276,21.08036044239998,19.18855595588684,0.461323119699955,0.5194976292550564
1233,1370700.0,12.864583333333334,6.483035714285734,21.344095617804612,22.31977081298828,112.35605570989698,175.2074737548828,-0.7281196117401123,-0.029886260628700256,-0.862023115158081,0.03295430541038513,20.310983300209045,19.17280352115631,0.48505686968564987,0.5164771527051926
1234,1371600.0,12.875,6.699999999999989,21.60823877376197,22.352720260620117,59.97472282941593,171.3992156982422,-0.6356906890869141,-0.08335964381694794,-0.8582139611244202,0.0225222110748291,21.09662914276123,19.20518133044243,0.45832017809152603,0.5112611055374146
1235,1372500.0,12.885416666666666,6.637474849094588,21.58823393305778,22.492862701416016,53.58125493237003,155.5331268310547,-0.6221442818641663,-0.028802186250686646,-0.7904056310653687,0.0413656085729599,21.211773604154587,19.781552135944366,0.4855989068746567,0.52068280428648
1236,1373400.0,12.895833333333334,6.297551978537911,21.61640899627338,22.50101661682129,32.167139901665465,154.71543884277344,-0.592228353023529,-0.04390992224216461,-0.7907038927078247,0.04192604869604111,21.466058999300003,19.77901691198349,0.4780450388789177,0.5209630243480206
1237,1374300.0,12.90625,5.883853118712295,21.543292502041254,22.496883392333984,21.388018004092412,145.6548309326172,-0.5871055722236633,-0.051538482308387756,-0.7788690328598022,0.027396634221076965,21.50960263609886,19.87961322069168,0.4742307588458061,0.5136983171105385
1238,1375200.0,12.916666666666666,5.600000000000023,21.52330302702876,22.46916389465332,65.26820210460417,137.6289825439453,-0.5659036636352539,-0.06905640661716461,-0.7694974541664124,0.013906881213188171,21.689818859100342,19.959271639585495,0.4654717966914177,0.5069534406065941
1239,1376100.0,12.927083333333334,5.655183426138251,21.52796156557838,22.458850860595703,120.27631815336369,129.94969177246094,-0.5424641370773315,-0.07370343804359436,-0.7506891489028931,0.0078587606549263,21.889054834842682,20.11914223432541,0.4631482809782028,0.5039293803274632
1240,1377000.0,12.9375,5.939878807730111,21.546234657302932,22.499876022338867,165.07483368792163,124.69259643554688,-0.5202353596687317,-0.09146635234355927,-0.7364912033081055,-0.008538536727428436,22.07799944281578,20.239824771881104,0.45426682382822037,0.4957307316362858
1241,1377900.0,12.947916666666666,6.179634785456926,21.570568553894873,22.55238914489746,205.67057070094856,122.84728240966797,-0.498012900352478,-0.11185355484485626,-0.7305241227149963,-0.023927316069602966,22.266890347003937,20.29054495692253,0.44407322257757187,0.4880363419651985
1242,1378800.0,12.958333333333334,6.100000000000023,21.58459915804383,22.59490966796875,246.23665049959726,121.20496368408203,-0.4760369658470154,-0.13292348384857178,-0.725804328918457,-0.04020720720291138,22.45368579030037,20.330663204193115,0.4335382580757141,0.4798963963985443
1243,1379700.0,12.96875,5.338704082980996,21.902222233778105,22.879772186279297,427.39043869452263,106.95987701416016,-0.3586047291755676,-0.13410906493663788,-0.6242465376853943,-0.04407717287540436,23.451859802007675,21.19390442967415,0.43294546753168106,0.4779614135622978
1244,1380600.0,12.979166666666666,4.034024841437656,21.884923692522364,22.825014114379883,483.2554848042174,107.55562591552734,-0.33576685190200806,-0.13502618670463562,-0.632415235042572,-0.03794857859611511,23.64598175883293,21.124470502138138,0.4324869066476822,0.48102571070194244
1245,1381500.0,12.989583333333334,2.662333179175448,21.87815171641637,22.709627151489258,562.5462368944934,98.86918640136719,-0.2946246266365051,-0.15745307505130768,-0.6084817051887512,-0.05874073505401611,23.995690673589706,21.327905505895615,0.42127346247434616,0.47062963247299194
1246,1382400.0,13.0,1.6999999999999886,21.844089306752096,22.547821044921875,625.2414415615727,91.0674057006836,-0.2646667957305908,-0.17297421395778656,-0.5819955468177795,-0.07705001533031464,24.250332236289978,21.553037852048874,0.4135128930211067,0.4614749923348427
1247,1383300.0,13.010416666666666,1.1205816387559935,22.009968103110964,22.569860458374023,754.9740758271994,82.44190979003906,-0.18806825578212738,-0.16635681688785553,-0.5003354549407959,-0.0785200446844101,24.901419825851917,22.247148633003235,0.41682159155607224,0.46073997765779495
1248,1384200.0,13.020833333333334,0.6120813397129155,22.025707925334416,22.52073860168457,813.5416025655429,79.87535858154297,-0.15686583518981934,-0.17172376811504364,-0.47493600845336914,-0.08122308552265167,25.166640400886536,22.463043928146362,0.4141381159424782,0.45938845723867416
1249,1385100.0,13.03125,0.22254037081341949,22.040659602962535,22.458131790161133,872.0102757480214,76.9806137084961,-0.11830943077802658,-0.190938338637352,-0.44921648502349854,-0.09491881728172302,25.494369838386774,22.681659877300262,0.404530830681324,0.4525405913591385
1250,1386000.0,13.041666666666666,0.0,22.052772360648532,22.401689529418945,922.9424808943668,74.49774932861328,-0.08290545642375946,-0.2085300236940384,-0.4241331219673157,-0.1091194897890091,25.795303620398045,22.894868463277817,0.3957349881529808,0.44544025510549545
1251,1386900.0,13.052083333333334,-0.03789649906013892,22.076915971799792,22.37417984008789,968.8880435745348,72.3116683959961,-0.044859714806079865,-0.22954164445400238,-0.39721769094467163,-0.12591542303562164,26.11869242414832,23.12364962697029,0.3852291777729988,0.4370422884821892
1252,1387800.0,13.0625,0.021968984962427385,22.110932764092695,22.367385864257812,1009.4006570273064,70.87606048583984,-0.008377518504858017,-0.24781914055347443,-0.375000536441803,-0.13867440819740295,26.428791092708707,23.312495440244675,0.3760904297232628,0.4306627959012985
1253,1388700.0,13.072916666666666,0.07084997650378,22.14695561554572,22.372922897338867,1045.624164307941,69.80924224853516,0.026919938623905182,-0.265048086643219,-0.3560161590576172,-0.15026094019412994,26.728819478303194,23.473862648010254,0.3674759566783905,0.42486952990293503
1254,1389600.0,13.083333333333334,0.0,22.17696878999533,22.375925064086914,1080.453739926213,68.89767456054688,0.061071887612342834,-0.28082919120788574,-0.33978384733200073,-0.16056881844997406,27.019111044704914,23.611837297677994,0.35958540439605713,0.41971559077501297
1255,1390500.0,13.09375,-0.24001116071428896,22.340317895334522,22.47780990600586,1181.328659479444,67.54937744140625,0.12043674290180206,-0.2653089165687561,-0.2939600944519043,-0.14495237171649933,27.523712314665318,24.001339197158813,0.36734554171562195,0.42752381414175034
1256,1391400.0,13.104166666666666,-0.5647321428571672,22.390881926107056,22.46595001220703,1234.6807324824233,67.21769714355469,0.1541156768798828,-0.2652924060821533,-0.28469881415367126,-0.13596409559249878,27.809983253479004,24.080060079693794,0.36735379695892334,0.4320179522037506
1257,1392300.0,13.114583333333334,-0.8820870535714107,22.416791864440086,22.422040939331055,1283.9503974670224,66.13150024414062,0.18846265971660614,-0.271412193775177,-0.2713468670845032,-0.13773278892040253,28.101932607591152,24.193551629781723,0.3642939031124115,0.43113360553979874
1258,1393200.0,13.125,-1.1000000000000227,22.445126747562767,22.376300811767578,1332.5672182502888,65.0345687866211,0.2181319147348404,-0.2722867727279663,-0.2583584487438202,-0.13780348002910614,28.354121275246143,24.30395318567753,0.36385661363601685,0.43109825998544693
1259,1394100.0,13.135416666666666,-1.1418945312499886,22.5194985066629,22.373741149902344,1391.0800066039667,64.03253936767578,0.24937854707241058,-0.2641094923019409,-0.24020381271839142,-0.13188357651233673,28.61971765011549,24.458267591893673,0.36794525384902954,0.43405821174383163
1260,1395000.0,13.145833333333334,-1.07421875,22.60026767948642,22.37913703918457,1438.4839108608924,63.67517852783203,0.26932352781295776,-0.25006139278411865,-0.23327398300170898,-0.12173624336719513,28.78924998641014,24.517171144485474,0.3749693036079407,0.43913187831640244
1261,1395900.0,13.15625,-1.0194335937500227,22.68009169825939,22.3944091796875,1483.469807445343,63.6167106628418,0.28102976083755493,-0.22932325303554535,-0.23114900290966034,-0.10912109911441803,28.888752967119217,24.535233475267887,0.3853383734822273,0.445439450442791
1262,1396800.0,13.166666666666666,-1.1000000000000227,22.75342087208486,22.398828506469727,1528.9647472237352,63.84076690673828,0.28489792346954346,-0.20092423260211945,-0.23427645862102509,-0.09101144969463348,28.92163234949112,24.508650101721287,0.3995378836989403,0.45449427515268326
1263,1397700.0,13.177083333333334,-1.3378693953804373,22.86028345378338,22.442745208740234,1595.0338700929176,63.3690299987793,0.3047487735748291,-0.175009086728096,-0.2190694957971573,-0.07540537416934967,29.090364575386047,24.637909285724163,0.412495456635952,0.46229731291532516
1264,1398600.0,13.1875,-1.6369225543478478,22.9342713986195,22.398181915283203,1650.837964209287,64.04420471191406,0.3017804026603699,-0.13313542306423187,-0.22752782702445984,-0.03630860149860382,29.065133422613144,24.56601347029209,0.43343228846788406,0.4818456992506981
1265,1399500.0,13.197916666666666,-1.9425144361413231,22.955729610406706,22.330150604248047,1687.2259647750898,64.59174346923828,0.28611820936203003,-0.09208056330680847,-0.23586715757846832,0.005027949810028076,28.932004779577255,24.49512916058302,0.45395971834659576,0.502513974905014
1266,1400400.0,13.208333333333334,-2.1999999999999886,22.931141184984824,22.239803314208984,1705.7170923841747,65.37105560302734,0.2627718448638916,-0.055658116936683655,-0.24742810428142548,0.04965948686003685,28.73356068134308,24.396861113607883,0.4721709415316582,0.5248297434300184
1267,1401300.0,13.21875,-2.4032289002557263,22.943277636589187,22.209796905517578,1740.5769567452398,65.84908294677734,0.2515590786933899,-0.019202381372451782,-0.24303016066551208,0.09801536798477173,28.638252168893814,24.434243634343147,0.4903988093137741,0.5490076839923859
1268,1402200.0,13.229166666666666,-2.5767263427109697,22.882795993592254,22.092756271362305,1740.2786793748,67.40524291992188,0.2233482450246811,0.01135978102684021,-0.25977790355682373,0.1441403180360794,28.39846008270979,24.291887819767,0.5056798905134201,0.5720701590180397
1269,1403100.0,13.239583333333334,-2.7118606138107566,22.786563914573037,21.967727661132812,1724.6193553287387,68.3629150390625,0.19082097709178925,0.03501608967781067,-0.27250513434410095,0.17503571510314941,28.12197830528021,24.183706358075142,0.5175080448389053,0.5875178575515747
1270,1404000.0,13.25,-2.8000000000000114,22.666624656844363,21.822795867919922,1698.8475215649003,69.39244842529297,0.15422439575195312,0.05623331665992737,-0.28687649965286255,0.19934341311454773,27.8109073638916,24.06154975295067,0.5281166583299637,0.5996717065572739
1271,1404900.0,13.260416666666666,-2.7409926470588175,22.45326021200981,21.609676361083984,1631.23241759594,70.46956634521484,0.10456232726573944,0.056391019374132156,-0.31522053480148315,0.200781911611557,27.388779781758785,23.820625454187393,0.5281955096870661,0.6003909558057785
1272,1405800.0,13.270833333333334,-2.5308823529411484,22.3002521836263,21.504825592041016,1591.7566323544409,70.92101287841797,0.06580328941345215,0.06801807135343552,-0.32369112968444824,0.20565259456634521,27.059327960014343,23.74862539768219,0.5340090356767178,0.6028262972831726
1273,1406700.0,13.28125,-2.305330882352962,22.150369892108984,21.44183349609375,1552.6632696225363,72.90093231201172,0.02559468150138855,0.08421450853347778,-0.341167151927948,0.21766918897628784,26.717554792761803,23.600079208612442,0.5421072542667389,0.6088345944881439
1274,1407600.0,13.291666666666666,-2.1999999999999886,22.001911434556007,21.443796157836914,1516.1478192316258,75.64569091796875,-0.012327510863542557,0.0992678850889206,-0.36332446336746216,0.22902292013168335,26.39521615765989,23.41174206137657,0.5496339425444603,0.6145114600658417
1275,1408500.0,13.302083333333334,-2.289732142857133,21.790914068565712,21.458120346069336,1454.5124154555713,79.34426879882812,-0.05318471044301987,0.08810704946517944,-0.40640687942504883,0.22039160132408142,26.04792996123433,23.045541524887085,0.5440535247325897,0.6101958006620407
1276,1409400.0,13.3125,-2.4892857142856997,21.65037132847897,21.583784103393555,1419.3525956120443,83.81847381591797,-0.08633234351873398,0.0971466600894928,-0.44528084993362427,0.22738532721996307,25.76617508009076,22.715112775564194,0.5485733300447464,0.6136926636099815
1277,1410300.0,13.322916666666666,-2.694196428571445,21.519643385261645,21.688493728637695,1373.2555452281078,91.30988311767578,-0.12535066902637482,0.11410585790872574,-0.49821579456329346,0.24358850717544556,25.434519313275814,22.265165746212006,0.5570529289543629,0.6217942535877228
1278,1411200.0,13.333333333333334,-2.8000000000000114,21.519342566201374,21.734533309936523,1278.2419110054946,99.70952606201172,-0.16498340666294098,0.13139893114566803,-0.5467709898948669,0.25734931230545044,25.097641043365,21.85244658589363,0.565699465572834,0.6286746561527252
1279,1412100.0,13.34375,-2.7785714285714107,22.113279137705433,21.646259307861328,848.5415000552837,109.48905944824219,-0.24540682137012482,0.15112315118312836,-0.6010181903839111,0.25933465361595154,24.41404201835394,21.391345381736755,0.5755615755915642,0.6296673268079758
1280,1413000.0,13.354166666666666,-2.671428571428578,21.550078949717147,21.63535499572754,419.86239828108864,114.6563720703125,-0.46423786878585815,0.22861863672733307,-0.6172738671302795,0.2599327564239502,22.553978115320206,21.253172129392624,0.6143093183636665,0.6299663782119751
1281,1413900.0,13.364583333333334,-2.478571428571456,21.546331443086046,21.5850830078125,264.56052990451565,123.02506256103516,-0.5119057297706604,0.2165360152721405,-0.6370158791542053,0.26901066303253174,22.148801296949387,21.085365027189255,0.6082680076360703,0.6345053315162659
1282,1414800.0,13.375,-2.1999999999999886,21.472772730653787,21.567947387695312,62.41774289626842,130.18910217285156,-0.5844390988349915,0.22826658189296722,-0.6461021900177002,0.2750561833381653,21.532267659902573,21.00813138484955,0.6141332909464836,0.6375280916690826
1283,1415700.0,13.385416666666666,-1.7214285714285893,21.252928983295305,21.320772171020508,109.6876438199762,150.04815673828125,-0.6895515322685242,0.22710271179676056,-0.7135466933250427,0.2758174538612366,20.638811975717545,20.434853106737137,0.6135513558983803,0.6379087269306183
1284,1416600.0,13.395833333333334,-1.0619047619047706,21.52943918303231,21.391902923583984,132.21313248297804,149.41659545898438,-0.6843042969703674,0.20535564422607422,-0.6957036256790161,0.2627434730529785,20.683413475751877,20.586519181728363,0.6026778221130371,0.6313717365264893
1285,1417500.0,13.40625,-0.4214285714285779,21.555636327030015,21.457021713256836,190.43528313449335,167.90377807617188,-0.7380273938179016,0.22548456490039825,-0.7160403728485107,0.27542054653167725,20.226767152547836,20.41365683078766,0.6127422824501991,0.6377102732658386
1286,1418400.0,13.416666666666666,0.0,21.809340806317664,21.56188201904297,221.04009665539184,186.3096466064453,-0.7398144006729126,0.22600361704826355,-0.7293301820755005,0.28483277559280396,20.211577594280243,20.300693452358246,0.6130018085241318,0.642416387796402
1287,1419300.0,13.427083333333334,0.1857142857143117,21.769605941459815,21.534791946411133,296.3360112273344,217.7031707763672,-0.8122024536132812,0.2593226134777069,-0.7767020463943481,0.2996719479560852,19.59627914428711,19.89803260564804,0.6296613067388535,0.6498359739780426
1288,1420200.0,13.4375,0.30000000000001137,22.059752271705804,21.60553741455078,325.1771519769516,228.26791381835938,-0.8059583306312561,0.2630770206451416,-0.7772292494773865,0.30345579981803894,19.649354189634323,19.893551379442215,0.6315385103225708,0.6517278999090195
1289,1421100.0,13.447916666666666,0.41428571428571104,22.07745794997163,21.669092178344727,393.2698100137757,247.3368682861328,-0.8569217920303345,0.30456042289733887,-0.7897627353668213,0.31640931963920593,19.216164767742157,19.78701674938202,0.6522802114486694,0.658204659819603
1290,1422000.0,13.458333333333334,0.6000000000000227,22.333528517343154,21.74361801147461,424.50075242164854,264.6994934082031,-0.8530349731445312,0.3154366612434387,-0.7976140379905701,0.32776981592178345,19.249202728271484,19.720280677080154,0.6577183306217194,0.6638849079608917
1291,1422900.0,13.46875,0.8465401785714448,22.18520090584093,21.692546844482422,519.9032415377385,300.1304626464844,-0.9336481094360352,0.38183218240737915,-0.8406359553337097,0.3475227653980255,18.5639910697937,19.354594379663467,0.6909160912036896,0.6737613826990128
1292,1423800.0,13.479166666666666,1.103869047619071,22.554868380119274,21.77093505859375,529.0087404775597,305.2261657714844,-0.9017983675003052,0.37424200773239136,-0.8299646377563477,0.348544716835022,18.834713876247406,19.445300579071045,0.6871210038661957,0.674272358417511
1293,1424700.0,13.489583333333334,1.3842633928571217,22.418522372881057,21.847240447998047,620.3959683227655,325.1591491699219,-0.9690210223197937,0.4445449113845825,-0.8377328515052795,0.3599807024002075,18.263321310281754,19.379270762205124,0.7222724556922913,0.6799903512001038
1294,1425600.0,13.5,1.6999999999999886,22.809086778415008,21.931840896606445,616.854334009508,342.58795166015625,-0.9283829927444458,0.4262039065361023,-0.8412075638771057,0.36956894397735596,18.60874456167221,19.3497357070446,0.7131019532680511,0.684784471988678
1295,1426500.0,13.510416666666666,2.0721679687500227,22.55446982070822,21.891681671142578,727.2801219439958,380.3298034667969,-1.0,0.5391556024551392,-0.877093493938446,0.39511096477508545,18.0,19.04470530152321,0.7695778012275696,0.6975554823875427
1296,1427400.0,13.520833333333334,2.48828125,22.91586850485737,21.9645938873291,714.6006666314839,380.81256103515625,-0.9683924913406372,0.4944499135017395,-0.8618870973587036,0.39284127950668335,18.268663823604584,19.17395967245102,0.7472249567508698,0.6964206397533417
1297,1428300.0,13.53125,2.9102539062499773,22.830529218409254,22.038734436035156,788.3215667022735,396.76739501953125,-1.0,0.5750975608825684,-0.8646522164344788,0.39972227811813354,18.0,19.15045616030693,0.7875487804412842,0.6998611390590668
1298,1429200.0,13.541666666666666,3.3000000000000114,23.01447850732046,22.11697769165039,798.7471686722204,410.01385498046875,-1.0,0.5487479567527771,-0.864778995513916,0.40477311611175537,18.0,19.149378538131714,0.7743739783763885,0.7023865580558777
1299,1430100.0,13.552083333333334,3.6394531249999886,23.085396633173957,22.15819549560547,835.5793918245865,427.8785705566406,-1.0,0.5910278558731079,-0.8720641136169434,0.41719287633895874,18.0,19.08745503425598,0.795513927936554,0.7085964381694794
1300,1431000.0,13.5625,3.9359375000000227,23.19908592888163,22.213401794433594,854.65266577335,432.0243225097656,-1.0,0.5946167707443237,-0.8669427037239075,0.41731852293014526,18.0,19.130987018346786,0.7973083853721619,0.7086592614650726
1301,1431900.0,13.572916666666666,4.189453125,23.28490286697513,22.258371353149414,874.2436822742145,436.4010314941406,-1.0,0.6051604151725769,-0.8646982312202454,0.41780710220336914,18.0,19.150065034627914,0.8025802075862885,0.7089035511016846
1302,1432800.0,13.583333333333334,4.399999999999977,23.363954741348834,22.29534339904785,885.5194234105508,436.90625,-1.0,0.6044219732284546,-0.8607534766197205,0.41610103845596313,18.0,19.183595448732376,0.8022109866142273,0.7080505192279816
1303,1433700.0,13.59375,4.557910156249989,23.461164858393886,22.374515533447266,880.5306984385024,425.7003479003906,-1.0,0.5753698348999023,-0.8419427275657654,0.4072968363761902,18.0,19.343486815690994,0.7876849174499512,0.7036484181880951
1304,1434600.0,13.604166666666666,4.632031250000011,23.50476521231235,22.399980545043945,878.9157495551381,427.5104064941406,-1.0,0.5634246468544006,-0.8438956141471863,0.4076329469680786,18.0,19.326887279748917,0.7817123234272003,0.7038164734840393
1305,1435500.0,13.614583333333334,4.590136718749989,23.54950987435683,22.411428451538086,868.2791345102933,418.37384033203125,-1.0,0.537840723991394,-0.837763249874115,0.4001360535621643,18.0,19.379012376070023,0.768920361995697,0.7000680267810822
1306,1436400.0,13.625,4.399999999999977,23.57567743506894,22.403072357177734,853.2222841787952,405.44122314453125,-1.0,0.5096443295478821,-0.8313043117523193,0.3907780647277832,18.0,19.433913350105286,0.754822164773941,0.6953890323638916
1307,1437300.0,13.635416666666666,4.125,23.741960691477857,22.551645278930664,800.168107794952,363.29913330078125,-0.9835121631622314,0.4234302043914795,-0.7687122821807861,0.38043737411499023,18.140146613121033,19.965945601463318,0.7117151021957397,0.6902186870574951
1308,1438200.0,13.645833333333334,3.8500000000000227,23.646616228930156,22.540149688720703,792.8087081390147,365.0732421875,-1.0,0.403054416179657,-0.7808961272239685,0.3879988193511963,18.0,19.862382918596268,0.7015272080898285,0.6939994096755981
1309,1439100.0,13.65625,3.5749999999999886,23.71220535420366,22.522138595581055,744.7693045831049,341.8341064453125,-0.9870078563690186,0.33705317974090576,-0.7694538831710815,0.3679545521736145,18.110433220863342,19.959641993045807,0.6685265898704529,0.6839772760868073
1310,1440000.0,13.666666666666666,3.3000000000000114,23.582755716008762,22.49563980102539,721.7493549550959,320.2226257324219,-1.0,0.30418622493743896,-0.7617138028144836,0.3471970558166504,18.0,20.02543267607689,0.6520931124687195,0.6735985279083252
1311,1440900.0,13.677083333333334,3.0249999999999773,23.784399607303783,22.602996826171875,631.359751459171,282.69207763671875,-0.9329544305801392,0.22579362988471985,-0.7143436670303345,0.3246263861656189,18.569887340068817,20.428078830242157,0.6128968149423599,0.6623131930828094
1312,1441800.0,13.6875,2.75,23.45073965207638,22.606245040893555,631.9663479413713,276.5579833984375,-0.9728483557701111,0.2257515788078308,-0.7247087359428406,0.3158572316169739,18.230788975954056,20.339975744485855,0.6128757894039154,0.6579286158084869
1313,1442700.0,13.697916666666666,2.4750000000000227,23.641334057842073,22.60776710510254,536.7264643686397,256.8947448730469,-0.8956476449966431,0.1458805948495865,-0.7213492393493652,0.2846345901489258,18.886995017528534,20.368531465530396,0.5729402974247932,0.6423172950744629
1314,1443600.0,13.708333333333334,2.1999999999999886,23.24737283754962,22.5859375,546.1884927340108,239.72042846679688,-0.943619430065155,0.1610286831855774,-0.7211668491363525,0.2556725740432739,18.479234844446182,20.370081782341003,0.5805143415927887,0.627836287021637
1315,1444500.0,13.71875,1.7875000000000227,23.599633455860555,22.632177352905273,432.1221784068356,210.82162475585938,-0.8123112916946411,0.09037216007709503,-0.6785321235656738,0.2361108809709549,19.59535402059555,20.732476949691772,0.5451860800385475,0.6180554404854774
1316,1445400.0,13.729166666666666,1.1916666666666629,23.09857853022038,22.495677947998047,466.03267704119895,198.77511596679688,-0.8853632807731628,0.13755878806114197,-0.6771703362464905,0.22506964206695557,18.974412113428116,20.74405214190483,0.568779394030571,0.6125348210334778
1317,1446300.0,13.739583333333334,0.5500000000000114,23.411948850361398,22.27735710144043,366.03354571853316,170.82537841796875,-0.7691189646720886,0.06477126479148865,-0.6450493335723877,0.1962859183549881,19.962488800287247,21.017080664634705,0.5323856323957443,0.598142959177494
1318,1447200.0,13.75,0.0,22.93762712270751,22.06691551208496,402.626610239079,142.48269653320312,-0.8455517888069153,0.11161841452121735,-0.5972631573677063,0.17039965093135834,19.31280979514122,21.423263162374496,0.5558092072606087,0.5851998254656792
1319,1448100.0,13.760416666666666,-0.41250000000002274,22.793531492656655,22.069379806518555,239.59488967721927,115.33689880371094,-0.6961004137992859,0.04960554093122482,-0.5128559470176697,0.1505456268787384,20.58314648270607,22.140724450349808,0.5248027704656124,0.5752728134393692
1320,1449000.0,13.770833333333334,-0.7333333333333485,22.719291396187714,22.094579696655273,207.4952321979436,108.306884765625,-0.6589446663856506,0.07363466918468475,-0.49801701307296753,0.15087750554084778,20.89897033572197,22.266855388879776,0.5368173345923424,0.5754387527704239
1321,1449900.0,13.78125,-0.9624999999999773,22.612596814745302,22.133115768432617,184.8648553057474,104.102294921875,-0.6416890621185303,0.08520686626434326,-0.49798065423965454,0.14619837701320648,21.045642971992493,22.267164438962936,0.5426034331321716,0.5730991885066032
1322,1450800.0,13.791666666666666,-1.1000000000000227,22.548703474433864,22.1690616607666,158.7110023588688,101.58274841308594,-0.6179858446121216,0.08773209154605865,-0.5045120120048523,0.14233335852622986,21.247120320796967,22.211647897958755,0.5438660457730293,0.5711666792631149
1323,1451700.0,13.802083333333334,-0.9624999999999773,22.399626583999748,22.148591995239258,147.1295015756266,100.33503723144531,-0.6267462968826294,0.06618131697177887,-0.533847451210022,0.1120566725730896,21.17265647649765,21.962296664714813,0.5330906584858894,0.5560283362865448
1324,1452600.0,13.8125,-0.5500000000000114,22.391683595447432,22.1884822845459,121.33912373569257,97.9160385131836,-0.5987708568572998,0.05666234716773033,-0.5360419750213623,0.10153009742498398,21.41044771671295,21.94364321231842,0.5283311735838652,0.550765048712492
1325,1453500.0,13.822916666666666,-0.13749999999998863,22.30802727271839,22.270158767700195,111.0858506096688,98.14476776123047,-0.5954280495643616,0.06121222302317619,-0.5432099103927612,0.0976608544588089,21.438861578702927,21.88271576166153,0.5306061115115881,0.5488304272294044
1326,1454400.0,13.833333333333334,0.0,22.2935149310336,22.339115142822266,89.66903563747408,99.7605209350586,-0.5726845264434814,0.05356396362185478,-0.5567945837974548,0.09590859711170197,21.632181525230408,21.767246037721634,0.5267819818109274,0.547954298555851
1327,1455300.0,13.84375,-0.21238839285712174,22.35234602698614,22.4763240814209,56.754286980425704,95.4558334350586,-0.5269451141357422,0.046006347984075546,-0.5303728580474854,0.08566810935735703,22.02096652984619,21.991830706596375,0.5230031739920378,0.5428340546786785
1328,1456200.0,13.854166666666666,-0.5663690476190482,22.243259172889225,22.446605682373047,45.47891934220727,96.06885528564453,-0.5255888104438782,0.050316691398620605,-0.5436204671859741,0.08852718770503998,22.032495111227036,21.87922602891922,0.5251583456993103,0.54426359385252
1329,1457100.0,13.864583333333334,-0.9121651785714562,22.220759265833635,22.39072036743164,38.294303496520655,91.7501220703125,-0.4983067512512207,0.037824198603630066,-0.5327540636062622,0.07685394585132599,22.264392614364624,21.97159045934677,0.518912099301815,0.538426972925663
1330,1458000.0,13.875,-1.1000000000000227,22.13875668973361,22.333730697631836,87.27543700292404,87.51041412353516,-0.4897427558898926,0.03393751382827759,-0.5179712772369385,0.0652470737695694,22.337186574935913,22.097244143486023,0.5169687569141388,0.5326235368847847
1331,1458900.0,13.885416666666666,-1.1220982142856997,22.097157518767347,22.281530380249023,145.35753648144004,84.41238403320312,-0.4714287519454956,0.008958637714385986,-0.5128529667854309,0.04325321316719055,22.492855608463287,22.140749782323837,0.504479318857193,0.5216266065835953
1332,1459800.0,13.895833333333334,-1.1000000000000227,22.080363960900343,22.28338050842285,208.93815645446153,81.91046905517578,-0.44788408279418945,-0.006089352071285248,-0.5004603266716003,0.02884935587644577,22.69298529624939,22.246087223291397,0.4969553239643574,0.5144246779382229
1333,1460700.0,13.90625,-1.077901785714289,22.07049205080739,22.293851852416992,271.1284066136947,80.75507354736328,-0.42327964305877686,-0.0212363600730896,-0.49549800157546997,0.018285304307937622,22.902123034000397,22.288266986608505,0.4893818199634552,0.5091426521539688
1334,1461600.0,13.916666666666666,-1.1000000000000227,22.064399148321684,22.3098201751709,332.42865077413427,79.78730010986328,-0.3976098895072937,-0.037521764636039734,-0.4912753105163574,0.006709195673465729,23.120315939188004,22.324159860610962,0.48123911768198013,0.5033545978367329
1335,1462500.0,13.927083333333334,-1.2081473214285552,21.899465479099547,22.197885513305664,319.2271506794448,80.27827453613281,-0.41434741020202637,-0.08865679800510406,-0.5315185189247131,-0.03824496269226074,22.978047013282776,21.98209258913994,0.45567160099744797,0.48087751865386963
1336,1463400.0,13.9375,-1.3794642857142776,21.88717347025988,22.18173599243164,381.6452736753671,77.56724548339844,-0.3839595913887024,-0.11754843592643738,-0.5188981294631958,-0.06385977566242218,23.23634347319603,22.089365899562836,0.4412257820367813,0.4680701121687889
1337,1464300.0,13.947916666666666,-1.5610491071428783,21.84895707568819,22.153213500976562,426.1748144779131,76.34109497070312,-0.36542099714279175,-0.13403241336345673,-0.5140784978866577,-0.07782040536403656,23.39392152428627,22.13033276796341,0.43298379331827164,0.4610897973179817
1338,1465200.0,13.958333333333334,-1.6999999999999886,21.834272464725416,22.13361167907715,477.9200923384844,74.75402069091797,-0.33883172273635864,-0.15481571853160858,-0.5033949613571167,-0.0945420116186142,23.61993035674095,22.221142828464508,0.4225921407341957,0.4527289941906929
1339,1466100.0,13.96875,-1.7062500000000114,21.660502637799482,21.952146530151367,454.4693218365891,76.24031066894531,-0.36591672897338867,-0.16990311443805695,-0.5436509847640991,-0.10531708598136902,23.389707803726196,21.878966629505157,0.4150484427809715,0.4473414570093155
1340,1467000.0,13.979166666666666,-1.5249999999999773,21.635982664394078,21.942005157470703,496.1946403125099,73.35932922363281,-0.3414945602416992,-0.1970299333333969,-0.5195396542549133,-0.1342824101448059,23.597296237945557,22.083912938833237,0.40148503333330154,0.43285879492759705
1341,1467900.0,13.989583333333334,-1.15625,21.61632413618821,21.959787368774414,527.2333585543928,72.78768157958984,-0.32232755422592163,-0.21708838641643524,-0.5119118094444275,-0.1502247005701065,23.760215789079666,22.148749619722366,0.3914558067917824,0.42488764971494675
1342,1468800.0,14.0,-0.6000000000000227,21.625097683778506,22.012550354003906,561.4232577153583,72.4609375,-0.29559314250946045,-0.24116982519626617,-0.5030631422996521,-0.16858838498592377,23.987458288669586,22.223963290452957,0.3794150874018669,0.4157058075070381
1343,1469700.0,14.010416666666666,0.49569672131150355,21.28236164347021,21.736072540283203,424.33340785151455,77.85771942138672,-0.3888486623764038,-0.29239100217819214,-0.6173710227012634,-0.20757551491260529,23.194786369800568,21.25234630703926,0.35380449891090393,0.39621224254369736
