{
  "data_path": "data/surrogate_v2/boptest_v2_tsupply.csv",
  "model_path": "outputs/surrogate_v2/rc_node_v3_tsupply.pt",
  "target_mode": "clean",
  "inject_artifacts": true,
  "policy_filter": "mixed",
  "season_filter": null,
  "rows": 600,
  "best_stage_b_epoch": 1,
  "best_stage_c_epoch": 7,
  "baseline_rmse_c": 0.723198652267456,
  "baseline_mae_c": 0.5638107061386108,
  "baseline_bias_c": 0.03880199417471886,
  "baseline_power_mae_w": 45.13113021850586,
  "calibrated_rmse_c": 0.7039201855659485,
  "calibrated_mae_c": 0.5673837065696716,
  "calibrated_bias_c": -0.1074955016374588,
  "calibrated_power_mae_w": 42.675148010253906,
  "improvement_rmse_pct": 2.665722155463577,
  "c_zon_prior_j_per_k": 530000.0,
  "c_zon_after_stage_b_j_per_k": 530991.8125,
  "c_zon_final_j_per_k": 537819.9375,
  "czon_error_pct": 28.05236607142857,
  "power_scale_final": 1.0096323490142822,
  "power_bias_final_w": -0.039899230003356934,
  "stage_b_epochs_ran": 5,
  "stage_c_epochs_ran": 10,
  "czon_lr": 0.01,
  "backbone_lr": 0.0001,
  "calib_lr": 0.01,
  "preprocess_summary": {
    "latency_est_steps": 2.0,
    "latency_search_rmse_c": 0.6372329804725528,
    "temp_bias_est_c": 0.3676559768676757,
    "power_scale_est": 1.0268072019889112,
    "power_bias_est_w": 34.944623188534855,
    "postprocess_rmse_c": 1.3652986745742839,
    "postprocess_power_mae_w": 46.1503551217423
  },
  "excitation_summary": {
    "rows_total": 600,
    "rows_train_all": 480,
    "rows_train_selected": 120,
    "rows_excitation": 72,
    "rows_context": 48,
    "rows_val": 120,
    "excitation_quantile": 0.85,
    "excitation_threshold": 1.409810796749277,
    "excitation_mix_ratio": 0.6,
    "score_mean_train": 0.968008282391288,
    "score_mean_excitation": 1.8139241696791646
  }
}