{
  "data_path": "data/surrogate_v2/boptest_v2_tsupply.csv",
  "model_path": "outputs/surrogate_v2/rc_node_v3_tsupply.pt",
  "target_mode": "clean",
  "inject_artifacts": true,
  "policy_filter": "mixed",
  "season_filter": null,
  "rows": 12800,
  "best_stage_b_epoch": 79,
  "best_stage_c_epoch": 1,
  "baseline_rmse_c": 0.5334135293960571,
  "baseline_mae_c": 0.3903442621231079,
  "baseline_bias_c": 0.056267932057380676,
  "baseline_power_mae_w": 46.0768928527832,
  "calibrated_rmse_c": 0.5272277593612671,
  "calibrated_mae_c": 0.38233089447021484,
  "calibrated_bias_c": 0.03110320121049881,
  "calibrated_power_mae_w": 46.24818801879883,
  "improvement_rmse_pct": 1.1596575065866266,
  "c_zon_prior_j_per_k": 480000.0,
  "c_zon_after_stage_b_j_per_k": 494877.375,
  "c_zon_final_j_per_k": 495075.03125,
  "czon_error_pct": 17.87500744047619,
  "power_scale_final": 0.9982049465179443,
  "power_bias_final_w": -0.0012335757492110133,
  "stage_b_epochs_ran": 104,
  "stage_c_epochs_ran": 4,
  "czon_lr": 0.001,
  "backbone_lr": 1e-05,
  "calib_lr": 0.001,
  "preprocess_summary": {
    "latency_est_steps": 2.0,
    "latency_search_rmse_c": 0.6597940387544708,
    "temp_bias_est_c": 0.3950473419189464,
    "power_scale_est": 1.0327656969942642,
    "power_bias_est_w": 34.668293973298105,
    "postprocess_rmse_c": 1.4440534891173278,
    "postprocess_power_mae_w": 63.796198911755475
  },
  "excitation_summary": {
    "rows_total": 12800,
    "rows_train_all": 10240,
    "rows_train_selected": 512,
    "rows_excitation": 512,
    "rows_context": 0,
    "rows_val": 2560,
    "excitation_quantile": 0.95,
    "excitation_threshold": 1.4262545723592503,
    "excitation_mix_ratio": 1.0,
    "excitation_mode": "dt_only",
    "score_mean_train": 0.5655726450332568,
    "score_mean_excitation": 1.8292440055778347
  }
}