{
  "data_path": "data/surrogate_v2/boptest_v2_tsupply.csv",
  "model_path": "outputs/surrogate_v2/rc_node_v3_tsupply.pt",
  "target_mode": "clean",
  "inject_artifacts": true,
  "policy_filter": "mixed",
  "season_filter": null,
  "rows": 12800,
  "epochs_ran": 47,
  "best_epoch": 17,
  "baseline_rmse_c": 0.5560224056243896,
  "baseline_mae_c": 0.4422328472137451,
  "baseline_bias_c": -0.23590360581874847,
  "baseline_power_mae_w": 43.5726432800293,
  "calibrated_rmse_c": 0.40486860275268555,
  "calibrated_mae_c": 0.28397321701049805,
  "calibrated_bias_c": 0.007734258193522692,
  "calibrated_power_mae_w": 27.278043746948242,
  "improvement_rmse_pct": 27.184840276708773,
  "scale_dT": 0.9367184638977051,
  "scale_dT_abs": 0.9367184638977051,
  "bias_T_c": -0.004095226060599089,
  "scale_P": 1.0003801584243774,
  "bias_P_w": 0.0010295558022335172,
  "czon_est_j_per_k": 565805.0101784681,
  "czon_error_pct": 34.71547861392097,
  "backbone_lr": 0.0001,
  "head_lr": 0.005,
  "preprocess_summary": {
    "latency_est_steps": 2.0,
    "latency_search_rmse_c": 0.6624733105543861,
    "temp_bias_est_c": 0.39915284729003986,
    "power_scale_est": 1.0323975537669485,
    "power_bias_est_w": 34.78564566287227,
    "postprocess_rmse_c": 1.4427831992662294,
    "postprocess_power_mae_w": 63.76251460368121
  }
}