{
  "data_path": "data/surrogate_v2/boptest_v2_tsupply.csv",
  "model_path": "outputs/surrogate_v2/rc_node_v3_tsupply.pt",
  "target_mode": "clean",
  "inject_artifacts": true,
  "policy_filter": "mixed",
  "season_filter": null,
  "rows": 600,
  "best_stage_b_epoch": 1,
  "best_stage_c_epoch": 9,
  "baseline_rmse_c": 0.723198652267456,
  "baseline_mae_c": 0.5638107061386108,
  "baseline_bias_c": 0.03880247101187706,
  "baseline_power_mae_w": 45.131134033203125,
  "calibrated_rmse_c": 0.6798276305198669,
  "calibrated_mae_c": 0.5092215538024902,
  "calibrated_bias_c": 0.2211623191833496,
  "calibrated_power_mae_w": 48.845149993896484,
  "improvement_rmse_pct": 5.9971104220959575,
  "c_zon_prior_j_per_k": 530000.0,
  "c_zon_after_stage_b_j_per_k": 531008.25,
  "c_zon_final_j_per_k": 542292.1875,
  "czon_error_pct": 29.117187500000004,
  "power_scale_final": 0.9483821392059326,
  "power_bias_final_w": -0.051782868802547455,
  "stage_b_epochs_ran": 5,
  "stage_c_epochs_ran": 10,
  "czon_lr": 0.01,
  "backbone_lr": 0.0001,
  "calib_lr": 0.01,
  "preprocess_summary": {
    "latency_est_steps": 2.0,
    "latency_search_rmse_c": 0.6372324457809538,
    "temp_bias_est_c": 0.3676550231933593,
    "power_scale_est": 1.0268071982426905,
    "power_bias_est_w": 34.94458437583347,
    "postprocess_rmse_c": 1.3652986332005108,
    "postprocess_power_mae_w": 46.150357770112635
  },
  "excitation_summary": {
    "rows_total": 600,
    "rows_train_all": 480,
    "rows_train_selected": 129,
    "rows_excitation": 44,
    "rows_context": 85,
    "rows_val": 120,
    "excitation_quantile": 0.91,
    "excitation_threshold": 1.6068087596055587,
    "excitation_mix_ratio": 0.34,
    "score_mean_train": 0.968008425203014,
    "score_mean_excitation": 2.006360340796887
  }
}