step,sim_time_sec,t_zone_c,t_amb_c,p_total_w,a0,a1,t_supply_cmd_c,fan_cmd_u,controller_source,prev_t_zone_c
0,261000.0,23.415649708415742,-22.75,3393.9059569772317,1.0,-0.05869505554437637,35.0,0.4706524722278118,ppo_thermostatic,16.117025771219744
1,261900.0,23.116517455750625,-23.025000000000006,3226.497993150881,0.2663832902908325,0.777252197265625,28.764257967472076,0.8886260986328125,ppo_thermostatic,23.415649708415742
2,262800.0,22.821895218829184,-23.30000000000001,3185.7441365751993,0.17943479120731354,0.8898200988769531,28.025195725262165,0.9449100494384766,ppo_thermostatic,23.116517455750625
3,263700.0,22.94419079026784,-23.57499999999999,3327.198392350153,0.22348590195178986,0.8878602385520935,28.399630166590214,0.9439301192760468,ppo_thermostatic,22.821895218829184
4,264600.0,22.865404783336544,-23.849999999999994,3363.8664029961947,0.20851947367191315,0.9228718280792236,28.27241552621126,0.9614359140396118,ppo_thermostatic,22.94419079026784
5,265500.0,22.841741305857227,-24.125,3418.8555739029234,0.21076835691928864,0.939099133014679,28.291531033813953,0.9695495665073395,ppo_thermostatic,22.865404783336544
6,266400.0,22.80160027173298,-24.400000000000006,3460.4209223983216,0.20753808319568634,0.9574408531188965,28.264073707163334,0.9787204265594482,ppo_thermostatic,22.841741305857227
7,267300.0,22.66262946777107,-24.3828125,3445.8004900719484,0.18106187880039215,0.9776670932769775,28.039025969803333,0.9888335466384888,ppo_thermostatic,22.80160027173298
8,268200.0,22.673055031128627,-23.98750000000001,3483.357020722176,0.18898551166057587,0.9797370433807373,28.106376849114895,0.9898685216903687,ppo_thermostatic,22.66262946777107
9,269100.0,22.679001675743848,-23.5234375,3506.2356532683866,0.19094352424144745,0.9887215495109558,28.123019956052303,0.9943607747554779,ppo_thermostatic,22.673055031128627
10,270000.0,22.691387071481643,-23.30000000000001,3532.6744370248507,0.19508607685565948,0.9956011176109314,28.158231653273106,0.9978005588054657,ppo_thermostatic,22.679001675743848
11,270900.0,22.693457971578425,-23.30000000000001,3565.158091268818,0.2000560313463211,1.0,28.20047626644373,1.0,ppo_thermostatic,22.691387071481643
12,271800.0,22.64849171704958,-23.30000000000001,3589.077093859703,0.19947148859500885,1.0,28.195507653057575,1.0,ppo_thermostatic,22.693457971578425
13,272700.0,22.61021902512516,-23.30000000000001,3625.276228370614,0.2020038515329361,1.0,28.217032738029957,1.0,ppo_thermostatic,22.64849171704958
14,273600.0,22.57328818123375,-23.30000000000001,3659.3134926186144,0.20426614582538605,1.0,28.23626223951578,1.0,ppo_thermostatic,22.61021902512516
15,274500.0,22.642580988912016,-23.30000000000001,3737.8548058126944,0.22801046073436737,0.9987455606460571,28.438088916242123,0.9993727803230286,ppo_thermostatic,22.57328818123375
16,275400.0,22.594343453547424,-23.30000000000001,3750.2698505734875,0.22430087625980377,1.0,28.406557448208332,1.0,ppo_thermostatic,22.642580988912016
17,276300.0,22.57233445243645,-23.30000000000001,3776.4631372009035,0.22679339349269867,1.0,28.42774384468794,1.0,ppo_thermostatic,22.594343453547424
18,277200.0,22.541951975554184,-23.30000000000001,3796.597997037189,0.22713620960712433,1.0,28.430657781660557,1.0,ppo_thermostatic,22.57233445243645
19,278100.0,22.47791661969586,-23.30000000000001,3797.87735059321,0.21990801393985748,1.0,28.36921811848879,1.0,ppo_thermostatic,22.541951975554184
20,279000.0,22.458749271906868,-23.30000000000001,3819.8729440838374,0.22191335260868073,1.0,28.386263497173786,1.0,ppo_thermostatic,22.47791661969586
21,279900.0,22.430583804503385,-23.30000000000001,3833.6117827801986,0.2212756723165512,1.0,28.380843214690685,1.0,ppo_thermostatic,22.458749271906868
22,280800.0,22.404508004391573,-23.30000000000001,3847.9006564814636,0.22098396718502045,1.0,28.378363721072674,1.0,ppo_thermostatic,22.430583804503385
23,281700.0,22.360702730290484,-23.30000000000001,3852.953569271937,0.2215353399515152,0.9883551001548767,28.38305038958788,0.9941775500774384,ppo_thermostatic,22.404508004391573
24,282600.0,22.31201981476852,-23.30000000000001,3861.861726694487,0.22172464430332184,0.9781481027603149,28.384659476578236,0.9890740513801575,ppo_thermostatic,22.360702730290484
25,283500.0,22.260731928387656,-23.30000000000001,3871.461268658723,0.22214345633983612,0.9670992493629456,28.388219378888607,0.9835496246814728,ppo_thermostatic,22.31201981476852
26,284400.0,22.212648105344556,-23.30000000000001,3877.015286816352,0.22267474234104156,0.954946756362915,28.392735309898853,0.9774733781814575,ppo_thermostatic,22.260731928387656
27,285300.0,22.204945945506665,-23.386413043478257,3884.619847516964,0.23323886096477509,0.9315542578697205,28.48253031820059,0.9657771289348602,ppo_thermostatic,22.212648105344556
28,286200.0,22.187095140626354,-23.580434782608705,3851.090294437351,0.22971467673778534,0.9194461107254028,28.452574752271175,0.9597230553627014,ppo_thermostatic,22.204945945506665
29,287100.0,22.18395551034172,-23.78423913043477,3788.037215332116,0.2227606624364853,0.9054995775222778,28.393465630710125,0.9527497887611389,ppo_thermostatic,22.187095140626354
30,288000.0,22.226856897363405,-23.900000000000006,3679.244201330902,0.21273402869701385,0.8894993662834167,28.308239243924618,0.9447496831417084,ppo_thermostatic,22.18395551034172
31,288900.0,22.622508944087087,-23.863275074110675,3232.313421723364,0.18021558225154877,0.8595668077468872,28.031832449138165,0.9297834038734436,ppo_thermostatic,22.226856897363405
32,289800.0,22.550816607582703,-23.67126976284584,2963.7140782422957,0.13605090975761414,0.806260883808136,27.65643273293972,0.903130441904068,ppo_thermostatic,22.622508944087087
33,290700.0,22.66536555067836,-23.318629570158095,2824.5001206076545,0.1458747833967209,0.7369428873062134,27.739935658872128,0.8684714436531067,ppo_thermostatic,22.550816607582703
34,291600.0,22.75772145862345,-22.80000000000001,2687.0480825460268,0.14618107676506042,0.684840202331543,27.742539152503014,0.8424201011657715,ppo_thermostatic,22.66536555067836
35,292500.0,22.58892268816112,-22.1633877840909,2422.1999937498217,0.0807395726442337,0.6445328593254089,27.186286367475986,0.8222664296627045,ppo_thermostatic,22.75772145862345
36,293400.0,22.733822620209708,-21.472443181818193,2300.201021419668,0.0982079952955246,0.5661843419075012,27.33476796001196,0.7830921709537506,ppo_thermostatic,22.58892268816112
37,294300.0,22.8660476906403,-20.745276988636363,2155.448142464405,0.09719525277614594,0.5157079696655273,27.32615964859724,0.7578539848327637,ppo_thermostatic,22.733822620209708
38,295200.0,23.0676292023266,-20.0,1987.643593174563,0.09590655565261841,0.46830397844314575,27.315205723047256,0.7341519892215729,ppo_thermostatic,22.8660476906403
39,296100.0,22.902104301096585,-19.15486505681818,1643.3155438253953,-0.0036489591002464294,0.4384610950946808,26.468983847647905,0.7192305475473404,ppo_thermostatic,23.0676292023266
40,297000.0,23.123473859122043,-18.219602272727286,1484.4150141657733,0.007379569113254547,0.35196569561958313,26.562726337462664,0.6759828478097916,ppo_thermostatic,22.902104301096585
41,297900.0,23.273418921971427,-17.34953835227273,1318.7352418280864,-0.006837166845798492,0.3032534420490265,26.441884081810713,0.6516267210245132,ppo_thermostatic,23.123473859122043
42,298800.0,23.483961431433556,-16.69999999999999,1162.493062015814,-0.015147067606449127,0.2595280408859253,26.371249925345182,0.6297640204429626,ppo_thermostatic,23.273418921971427
43,299700.0,23.56432365303101,-16.373070790816314,960.9248104438146,-0.05677512288093567,0.2205905318260193,26.017411455512047,0.6102952659130096,ppo_thermostatic,23.483961431433556
44,300600.0,23.716259499725084,-16.265688775510228,824.6951037981274,-0.0717959851026535,0.17965075373649597,25.889734126627445,0.589825376868248,ppo_thermostatic,23.56432365303101
45,301500.0,23.83827062573323,-16.225462372448987,695.6817444502478,-0.09460699558258057,0.15795153379440308,25.695840537548065,0.5789757668972015,ppo_thermostatic,23.716259499725084
46,302400.0,23.975417344966218,-16.100000000000023,576.7905480286406,-0.11481773853302002,0.14232760667800903,25.52404922246933,0.5711638033390045,ppo_thermostatic,23.83827062573323
47,303300.0,24.01728841531053,-15.867091836734687,407.55913301898437,-0.16733431816101074,0.14830751717090607,25.07765829563141,0.574153758585453,ppo_thermostatic,23.975417344966218
48,304200.0,24.198954232313042,-15.60612244897959,301.71359802910507,-0.1789436638355255,0.12749364972114563,24.978978857398033,0.5637468248605728,ppo_thermostatic,24.01728841531053
49,305100.0,24.33575806737923,-15.317091836734676,176.89383466526147,-0.2047976851463318,0.12253884971141815,24.75921967625618,0.5612694248557091,ppo_thermostatic,24.198954232313042
50,306000.0,24.468487360023573,-15.0,70.771089249429,-0.22501960396766663,0.11535143852233887,24.587333366274834,0.5576757192611694,ppo_thermostatic,24.33575806737923
51,306900.0,24.238232317000495,-14.284750566893422,99.48056387116803,-0.3402984142303467,0.14696913957595825,23.607463479042053,0.5734845697879791,ppo_thermostatic,24.468487360023573
52,307800.0,24.459424780390123,-13.148790627362075,105.21060876332339,-0.32726460695266724,0.10743853449821472,23.71825084090233,0.5537192672491074,ppo_thermostatic,24.238232317000495
53,308700.0,24.531580842946653,-12.113435374149674,134.6280167542396,-0.35276418924331665,0.10666344314813614,23.50150439143181,0.5533317215740681,ppo_thermostatic,24.459424780390123
54,309600.0,24.626130365119366,-11.699999999999989,150.0676367578065,-0.3612820506095886,0.09807044267654419,23.429102569818497,0.5490352213382721,ppo_thermostatic,24.531580842946653
55,310500.0,24.7984157494526,-11.840196078431347,143.25727349972357,-0.33500343561172485,0.08918049931526184,23.65247079730034,0.5445902496576309,ppo_thermostatic,24.626130365119366
56,311400.0,24.7717086240267,-12.094226579520694,163.91894672540963,-0.35738104581832886,0.1102788969874382,23.462261110544205,0.5551394484937191,ppo_thermostatic,24.7984157494526
57,312300.0,24.80448299574067,-12.426143790849665,169.65448863875042,-0.3593565821647644,0.11343293637037277,23.445469051599503,0.5567164681851864,ppo_thermostatic,24.7717086240267
58,313200.0,24.78494991225466,-12.800000000000011,176.738839255899,-0.36801445484161377,0.12062811106443405,23.371877133846283,0.560314055532217,ppo_thermostatic,24.80448299574067
59,314100.0,24.94485107435122,-13.17941176470589,143.2200216877925,-0.3119916319847107,0.11637763679027557,23.84807112812996,0.5581888183951378,ppo_thermostatic,24.78494991225466
60,315000.0,24.796737637490764,-13.562254901960785,141.94420596618068,-0.3229488730430603,0.14093269407749176,23.754934579133987,0.5704663470387459,ppo_thermostatic,24.94485107435122
61,315900.0,24.744346735569707,-13.96397058823527,110.51913543018259,-0.2957645356655121,0.13087007403373718,23.986001446843147,0.5654350370168686,ppo_thermostatic,24.796737637490764
62,316800.0,24.608205525936285,-14.399999999999977,78.0833933734275,-0.27608758211135864,0.12495443969964981,24.15325555205345,0.5624772198498249,ppo_thermostatic,24.744346735569707
63,317700.0,24.771397405505866,-14.901171874999989,139.1839349797708,-0.1631682813167572,0.070613332092762,25.113069608807564,0.535306666046381,ppo_thermostatic,24.608205525936285
64,318600.0,24.528985290402886,-15.469791666666652,235.26688326181542,-0.1597738265991211,0.09566715359687805,25.14192247390747,0.547833576798439,ppo_thermostatic,24.771397405505866
65,319500.0,24.45420891345026,-16.078515625000023,392.6856904092599,-0.11290665715932846,0.09023585915565491,25.540293414145708,0.5451179295778275,ppo_thermostatic,24.528985290402886
66,320400.0,24.300432817616127,-16.69999999999999,515.259651916432,-0.09087907522916794,0.10583758354187012,25.727527860552073,0.5529187917709351,ppo_thermostatic,24.45420891345026
67,321300.0,24.512163539787934,-17.50566406249999,810.9747209966051,0.03710950165987015,0.1024588942527771,26.815430764108896,0.5512294471263885,ppo_thermostatic,24.300432817616127
68,322200.0,24.34648759219226,-18.50468749999999,903.0805677652655,0.02972005307674408,0.17178289592266083,26.752620451152325,0.5858914479613304,ppo_thermostatic,24.512163539787934
69,323100.0,24.268742519350326,-19.426367187500006,1026.3152484779473,0.05460172891616821,0.19228088855743408,26.96411469578743,0.596140444278717,ppo_thermostatic,24.34648759219226
70,324000.0,24.18487797121827,-20.0,1122.498411380309,0.06918922066688538,0.2124081552028656,27.088108375668526,0.6062040776014328,ppo_thermostatic,24.268742519350326
71,324900.0,23.5956958771269,-20.194648437500007,1418.6265250827785,0.08800166845321655,0.22583499550819397,27.24801418185234,0.612917497754097,ppo_thermostatic,24.18487797121827
72,325800.0,23.75617657800734,-20.2096875,1656.5684663209138,0.18093986809253693,0.2262941300868988,28.037988878786564,0.6131470650434494,ppo_thermostatic,23.5956958771269
73,326700.0,23.665930965283508,-20.11988281250001,1727.0671531244952,0.16578330099582672,0.2868659794330597,27.909158058464527,0.6434329897165298,ppo_thermostatic,23.75617657800734
74,327600.0,23.616857448374333,-20.0,1802.4622368879914,0.17267806828022003,0.3096349537372589,27.96776358038187,0.6548174768686295,ppo_thermostatic,23.665930965283508
75,328500.0,23.496426325444588,-19.85374999999999,1831.73255313753,0.15890437364578247,0.32899388670921326,27.85068717598915,0.6644969433546066,ppo_thermostatic,23.616857448374333
76,329400.0,23.45330053358549,-19.669999999999987,1898.1231298949817,0.1707277148962021,0.33422529697418213,27.951185576617718,0.6671126484870911,ppo_thermostatic,23.496426325444588
77,330300.0,23.407682674403475,-19.50125,1961.4436941225883,0.17725853621959686,0.348569393157959,28.006697557866573,0.6742846965789795,ppo_thermostatic,23.45330053358549
78,331200.0,23.36569441384262,-19.400000000000006,2027.2651366210343,0.1840449422597885,0.3642995059490204,28.064382009208202,0.6821497529745102,ppo_thermostatic,23.407682674403475
79,332100.0,23.385858392275736,-19.48942307692306,2127.3378963054156,0.2113218456506729,0.3712595999240875,28.29623568803072,0.6856297999620438,ppo_thermostatic,23.36569441384262
80,333000.0,23.328196115811465,-19.738461538461536,2192.3661918916932,0.20945273339748383,0.4001022279262543,28.280348233878613,0.7000511139631271,ppo_thermostatic,23.385858392275736
81,333900.0,23.27412570535688,-19.968269230769238,2260.4702341540583,0.211255744099617,0.4230036437511444,28.295673824846745,0.7115018218755722,ppo_thermostatic,23.328196115811465
82,334800.0,23.226286251348142,-20.0,2324.5804037400835,0.2125309258699417,0.4457260072231293,28.306512869894505,0.7228630036115646,ppo_thermostatic,23.27412570535688
83,335700.0,23.13750258462221,-19.859671945701365,2355.0221358609156,0.20296509563922882,0.4617212414741516,28.225203312933445,0.7308606207370758,ppo_thermostatic,23.226286251348142
84,336600.0,23.110168783025074,-19.702714932126696,2411.7622643707123,0.20978496968746185,0.472400963306427,28.283172242343426,0.7362004816532135,ppo_thermostatic,23.13750258462221
85,337500.0,23.079771428498987,-19.544400452488674,2461.8650847691165,0.2107335776090622,0.49117568135261536,28.29123540967703,0.7455878406763077,ppo_thermostatic,23.110168783025074
86,338400.0,23.053754150846032,-19.400000000000006,2510.0748298367635,0.2114584594964981,0.510235071182251,28.297396905720234,0.7551175355911255,ppo_thermostatic,23.079771428498987
87,339300.0,22.992595140140338,-19.268910845588238,2528.181924480351,0.22235561907291412,0.4807290732860565,28.39002276211977,0.7403645366430283,ppo_thermostatic,23.053754150846032
88,340200.0,22.963507841826413,-19.14111519607843,2558.6794931964705,0.22428260743618011,0.48614832758903503,28.40640216320753,0.7430741637945175,ppo_thermostatic,22.992595140140338
89,341100.0,22.94813558498049,-19.017761948529426,2586.6352693881636,0.22268755733966827,0.5010856986045837,28.39284423738718,0.7505428493022919,ppo_thermostatic,22.963507841826413
90,342000.0,22.93534854625136,-18.900000000000006,2611.1664590847654,0.2194938212633133,0.5182505249977112,28.365697480738163,0.7591252624988556,ppo_thermostatic,22.94813558498049
91,342900.0,22.89970711555833,-18.847823660714283,2635.931468622244,0.20028536021709442,0.5655313730239868,28.202425561845303,0.7827656865119934,ppo_thermostatic,22.93534854625136
92,343800.0,22.88210333128677,-18.875446428571422,2674.5567282699067,0.19856129586696625,0.5863015651702881,28.187771014869213,0.793150782585144,ppo_thermostatic,22.89970711555833
93,344700.0,22.85152933634822,-18.915345982142867,2710.9314301122695,0.194951131939888,0.6065820455551147,28.157084621489048,0.8032910227775574,ppo_thermostatic,22.88210333128677
94,345600.0,22.823614453151094,-18.900000000000006,2749.7292257436793,0.19283802807331085,0.6253600120544434,28.139123238623142,0.8126800060272217,ppo_thermostatic,22.85152933634822
95,346500.0,22.671800705745852,-18.721146616541347,2724.526947575052,0.16869868338108063,0.6261783242225647,27.933938808739185,0.8130891621112823,ppo_thermostatic,22.823614453151094
96,347400.0,22.660460497917256,-18.396867167919794,2766.9485965063664,0.17904959619045258,0.622191309928894,28.021921567618847,0.811095654964447,ppo_thermostatic,22.671800705745852
97,348300.0,22.646908545078247,-18.04915413533834,2802.210361661604,0.18101723492145538,0.6332036256790161,28.03864649683237,0.8166018128395081,ppo_thermostatic,22.660460497917256
98,349200.0,22.650517222257122,-17.80000000000001,2837.364573111016,0.1844152957201004,0.6454073190689087,28.067530013620853,0.8227036595344543,ppo_thermostatic,22.646908545078247
99,350100.0,22.558438755407906,-17.77919407894737,2816.765301122047,0.19547535479068756,0.5847628712654114,28.161540515720844,0.7923814356327057,ppo_thermostatic,22.650517222257122
100,351000.0,22.52903811122286,-17.945394736842104,2833.9707603295574,0.20195557177066803,0.5722190737724304,28.21662236005068,0.7861095368862152,ppo_thermostatic,22.558438755407906
101,351900.0,22.510816176748676,-18.163898026315792,2855.363703490891,0.2008569985628128,0.5811567902565002,28.20728448778391,0.7905783951282501,ppo_thermostatic,22.52903811122286
102,352800.0,22.498683087741597,-18.30000000000001,2879.7013018858393,0.1980694681406021,0.5968272089958191,28.183590479195118,0.7984136044979095,ppo_thermostatic,22.510816176748676
103,353700.0,22.36138538211253,-18.14474381625442,2863.3715234930182,0.15190339088439941,0.655994176864624,27.791178822517395,0.827997088432312,ppo_thermostatic,22.498683087741597
104,354600.0,22.37552091759619,-17.652650176678435,2915.9878214552127,0.16137664020061493,0.6660606265068054,27.871701441705227,0.8330303132534027,ppo_thermostatic,22.36138538211253
105,355500.0,22.39579440731933,-16.934231448763228,2955.788996302741,0.1679382473230362,0.677545428276062,27.927475102245808,0.838772714138031,ppo_thermostatic,22.37552091759619
106,356400.0,22.444551049078257,-16.100000000000023,2987.5176053596715,0.17764978110790253,0.6850927472114563,28.01002313941717,0.8425463736057281,ppo_thermostatic,22.39579440731933
107,357300.0,21.008481106961085,-13.380603181586935,2301.7710685294282,-0.1398411989212036,0.6641917824745178,25.31134980916977,0.8320958912372589,ppo_thermostatic,22.444551049078257
108,358200.0,21.31508823823424,-8.453575504255411,2297.55811752272,-0.02501785010099411,0.4586870074272156,26.28734827414155,0.7293435037136078,ppo_thermostatic,21.008481106961085
109,359100.0,21.560356993498715,-3.5997600747961656,2188.3287907139957,0.02436402440071106,0.3490699827671051,26.707094207406044,0.6745349913835526,ppo_thermostatic,21.31508823823424
110,360000.0,21.802002812002456,-1.1000000000000227,2120.0880173677638,0.0874691903591156,0.24216637015342712,27.243488118052483,0.6210831850767136,ppo_thermostatic,21.560356993498715
111,360900.0,22.748358772348297,-2.465969081922367,2525.1605565129416,0.36353957653045654,0.18314620852470398,29.59008640050888,0.591573104262352,ppo_thermostatic,21.802002812002456
112,361800.0,22.831571704293708,-6.1883689136607245,2638.912974785354,0.3281657099723816,0.30461034178733826,29.289408534765244,0.6523051708936691,ppo_thermostatic,22.748358772348297
113,362700.0,22.630264012184853,-10.016584288568708,2708.8707440325234,0.25033998489379883,0.43409308791160583,28.62788987159729,0.7170465439558029,ppo_thermostatic,22.831571704293708
114,363600.0,22.420501845065928,-11.699999999999989,2762.385356477113,0.1884414702653885,0.5362187623977661,28.101752497255802,0.7681093811988831,ppo_thermostatic,22.630264012184853
115,364500.0,22.095252604938025,-11.249807760185547,2662.802875891051,0.11821550130844116,0.5520434379577637,27.50483176112175,0.7760217189788818,ppo_thermostatic,22.420501845065928
116,365400.0,22.094824889819165,-10.447009883017358,2679.2108409674474,0.1353512853384018,0.5234118103981018,27.650485925376415,0.7617059051990509,ppo_thermostatic,22.095252604938025
117,366300.0,22.120618968182782,-9.695707064340468,2687.2157924531,0.14851032197475433,0.5062572360038757,27.762337736785412,0.7531286180019379,ppo_thermostatic,22.094824889819165
118,367200.0,22.13678952687303,-9.399999999999977,2694.042537493269,0.15811176598072052,0.4938950538635254,27.843950010836124,0.7469475269317627,ppo_thermostatic,22.120618968182782
119,368100.0,22.224753368631127,-9.86457889125802,2757.3477105031234,0.20370472967624664,0.4565064311027527,28.231490202248096,0.7282532155513763,ppo_thermostatic,22.13678952687303
120,369000.0,22.158431667875277,-10.713752665245181,2774.0750329366365,0.1952790766954422,0.4661204516887665,28.15987215191126,0.7330602258443832,ppo_thermostatic,22.224753368631127
121,369900.0,22.060756754682302,-11.331050106609837,2784.6298883037157,0.1789855808019638,0.4807795584201813,28.021377436816692,0.7403897792100906,ppo_thermostatic,22.158431667875277
122,370800.0,21.990023958156996,-11.100000000000023,2783.7258192137683,0.16628925502300262,0.48892742395401,27.913458667695522,0.744463711977005,ppo_thermostatic,22.060756754682302
123,371700.0,21.413263603050723,-9.939285714285688,2487.090230716717,0.04199939966201782,0.4464777410030365,26.85699489712715,0.7232388705015182,ppo_thermostatic,21.990023958156996
124,372600.0,21.397695800863062,-8.407142857142844,2423.1853211084144,0.07258304953575134,0.34756892919540405,27.116955921053886,0.673784464597702,ppo_thermostatic,21.413263603050723
125,373500.0,21.485524902508416,-6.846428571428589,2356.6114217085137,0.0994110256433487,0.2824196517467499,27.344993717968464,0.6412098258733749,ppo_thermostatic,21.397695800863062
126,374400.0,21.682023585281172,-5.600000000000023,2242.5168675318687,0.11659720540046692,0.23253554105758667,27.49107624590397,0.6162677705287933,ppo_thermostatic,21.485524902508416
127,375300.0,22.098950440426847,-4.625,1679.8827070849604,0.022460654377937317,0.1652824580669403,26.690915562212467,0.5826412290334702,ppo_thermostatic,21.682023585281172
128,376200.0,22.03783913079451,-3.6499999999999773,1320.3132685562932,-0.04701506346464157,0.03728993982076645,26.100371960550547,0.5186449699103832,ppo_thermostatic,22.098950440426847
129,377100.0,22.1309943291522,-2.6750000000000114,1101.3682314902776,-0.048510387539863586,-0.10775493830442429,26.08766170591116,0.44612253084778786,ppo_thermostatic,22.03783913079451
130,378000.0,22.276612036851702,-1.6999999999999886,929.8481934880705,-0.04203968122601509,-0.22663238644599915,26.14266270957887,0.3866838067770004,ppo_thermostatic,22.1309943291522
131,378900.0,22.078374936970533,-0.7250000000000227,673.3803302805336,-0.14851447939872742,-0.31437745690345764,25.237626925110817,0.3428112715482712,ppo_thermostatic,22.276612036851702
132,379800.0,22.149810501681998,0.25,522.9041176854483,-0.1564277857542038,-0.44138431549072266,25.170363821089268,0.27930784225463867,ppo_thermostatic,22.078374936970533
133,380700.0,22.368384208820487,1.2250000000000227,403.0408871767772,-0.15668179094791412,-0.5346523523330688,25.16820477694273,0.23267382383346558,ppo_thermostatic,22.149810501681998
134,381600.0,22.636135605439563,2.1999999999999886,296.1714026468702,-0.1778523176908493,-0.5927465558052063,24.98825529962778,0.20362672209739685,ppo_thermostatic,22.368384208820487
135,382500.0,22.839488877498184,2.971986607142867,145.19615462402714,-0.28597110509872437,-0.6191741228103638,24.069245606660843,0.19041293859481812,ppo_thermostatic,22.636135605439563
136,383400.0,23.06820841935314,3.4669642857143117,25.63924428395732,-0.377032995223999,-0.6443905234336853,23.29521954059601,0.17780473828315735,ppo_thermostatic,22.839488877498184
137,384300.0,23.283931889329665,3.878459821428578,27.326350765091792,-0.47211015224456787,-0.643796443939209,22.487063705921173,0.1781017780303955,ppo_thermostatic,23.06820841935314
138,385200.0,23.424931276899144,4.399999999999977,69.08703518679582,-0.5813850164413452,-0.6077015995979309,21.558227360248566,0.19614920020103455,ppo_thermostatic,23.283931889329665
139,386100.0,23.158942441690726,5.118415178571411,167.86803826561405,-0.799463152885437,-0.4837159514427185,19.704563200473785,0.25814202427864075,ppo_thermostatic,23.424931276899144
140,387000.0,23.249392628169062,5.908035714285688,211.19914337912022,-0.8772129416465759,-0.46530652046203613,19.043689996004105,0.26734673976898193,ppo_thermostatic,23.158942441690726
141,387900.0,23.23687622928651,6.643638392857156,271.2338495993703,-0.9588637351989746,-0.40948477387428284,18.349658250808716,0.2952576130628586,ppo_thermostatic,23.249392628169062
142,388800.0,23.306651953932487,7.199999999999989,317.0193948708072,-1.0,-0.36502084136009216,18.0,0.3174895793199539,ppo_thermostatic,23.23687622928651
143,389700.0,23.338547623900183,7.625,370.18289328315836,-1.0,-0.26712512969970703,18.0,0.3664374351501465,ppo_thermostatic,23.306651953932487
144,390600.0,23.38197353771932,8.050000000000011,419.3879472766765,-1.0,-0.18092358112335205,18.0,0.409538209438324,ppo_thermostatic,23.338547623900183
145,391500.0,23.41210804734976,8.475000000000023,468.1119402022577,-1.0,-0.09626156836748123,18.0,0.4518692158162594,ppo_thermostatic,23.38197353771932
146,392400.0,23.425360328654733,8.899999999999977,513.8242795188955,-1.0,-0.016527660191059113,18.0,0.49173616990447044,ppo_thermostatic,23.41210804734976
147,393300.0,23.32629778047567,9.324999999999989,577.1739285343848,-1.0,0.11182151734828949,18.0,0.5559107586741447,ppo_thermostatic,23.425360328654733
148,394200.0,23.344748814491197,9.75,618.1111556595479,-1.0,0.17920663952827454,18.0,0.5896033197641373,ppo_thermostatic,23.32629778047567
149,395100.0,23.359401389043967,10.175000000000011,657.3261671819367,-1.0,0.2428845465183258,18.0,0.6214422732591629,ppo_thermostatic,23.344748814491197
150,396000.0,23.37476248466271,10.600000000000023,692.1105265125638,-1.0,0.297759085893631,18.0,0.6488795429468155,ppo_thermostatic,23.359401389043967
151,396900.0,23.758745876808575,10.201562500000023,642.9423099840876,-1.0,0.14641788601875305,18.0,0.5732089430093765,ppo_thermostatic,23.37476248466271
152,397800.0,23.73744296776124,8.737500000000011,656.9131826002645,-1.0,0.17262056469917297,18.0,0.5863102823495865,ppo_thermostatic,23.758745876808575
153,398700.0,23.69796784760257,7.079687499999977,659.2076974431808,-1.0,0.18319275975227356,18.0,0.5915963798761368,ppo_thermostatic,23.73744296776124
154,399600.0,23.67273585078169,6.100000000000023,656.0210310150002,-1.0,0.18242335319519043,18.0,0.5912116765975952,ppo_thermostatic,23.69796784760257
155,400500.0,23.775910744504642,5.903765368852476,627.7881297216969,-1.0,0.11863232403993607,18.0,0.559316162019968,ppo_thermostatic,23.67273585078169
156,401400.0,23.765184742508097,5.88504098360653,616.3604521347391,-1.0,0.1017519161105156,18.0,0.5508759580552578,ppo_thermostatic,23.775910744504642
157,402300.0,23.7437361329811,5.848796106557359,596.7830932479851,-1.0,0.07309917360544205,18.0,0.536549586802721,ppo_thermostatic,23.765184742508097
158,403200.0,23.676774095005953,5.600000000000023,566.9885979826495,-1.0,0.03429163992404938,18.0,0.5171458199620247,ppo_thermostatic,23.7437361329811
159,404100.0,23.766738172870078,5.140720022474852,492.0673500503946,-1.0,-0.10641241818666458,18.0,0.4467937909066677,ppo_thermostatic,23.676774095005953
160,405000.0,23.656310908211196,4.603668693812779,443.84824382941173,-1.0,-0.17488431930541992,18.0,0.41255784034729004,ppo_thermostatic,23.766738172870078
161,405900.0,23.60690792643868,3.9897830182443386,390.2464925292386,-0.9957850575447083,-0.25974488258361816,18.03582701086998,0.3701275587081909,ppo_thermostatic,23.656310908211196
162,406800.0,23.583818239080813,3.3000000000000114,341.5709865875781,-0.97374427318573,-0.3246023654937744,18.223173677921295,0.3376988172531128,ppo_thermostatic,23.60690792643868
163,407700.0,24.26039130664651,2.203326612903197,198.17570221604208,-0.7458802461624146,-0.4852868914604187,20.160017907619476,0.25735655426979065,ppo_thermostatic,23.583818239080813
164,408600.0,23.65725141290295,0.7362903225806576,243.8031604037582,-0.8372408747673035,-0.3953380882740021,19.38345256447792,0.30233095586299896,ppo_thermostatic,24.26039130664651
165,409500.0,23.863879050057392,-0.5488911290322562,164.36697463984422,-0.7146371603012085,-0.4920274615287781,20.425584137439728,0.25398626923561096,ppo_thermostatic,23.65725141290295
166,410400.0,23.613491553379163,-1.1000000000000227,164.92534199914076,-0.7272566556930542,-0.46939486265182495,20.31831842660904,0.2653025686740875,ppo_thermostatic,23.863879050057392
167,411300.0,22.910990158357265,-1.1000000000000227,93.05885705428909,-0.6561468243598938,-0.5073737502098083,20.922751992940903,0.24631312489509583,ppo_thermostatic,23.613491553379163
168,412200.0,23.132943854503083,-1.1000000000000227,18.074198027350025,-0.45116710662841797,-0.6105260252952576,22.665079593658447,0.19473698735237122,ppo_thermostatic,22.910990158357265
169,413100.0,23.0114907091982,-1.1000000000000227,6.900996995844547,-0.42657411098480225,-0.5796144008636475,22.87412005662918,0.21019279956817627,ppo_thermostatic,23.132943854503083
170,414000.0,22.908694767051315,-1.1000000000000227,35.95858133171816,-0.3925018906593323,-0.567554235458374,23.163733929395676,0.216222882270813,ppo_thermostatic,23.0114907091982
171,414900.0,22.807595615733646,-1.1000000000000227,83.40512531886324,-0.36497962474823,-0.5529698729515076,23.397673189640045,0.22351506352424622,ppo_thermostatic,22.908694767051315
172,415800.0,22.722784194555118,-1.1000000000000227,132.46675048839893,-0.3369274437427521,-0.5375010371208191,23.636116728186607,0.23124948143959045,ppo_thermostatic,22.807595615733646
173,416700.0,22.64923812053638,-1.1000000000000227,181.25609809671312,-0.3107821047306061,-0.5202614665031433,23.85835210978985,0.23986926674842834,ppo_thermostatic,22.722784194555118
174,417600.0,22.585776979166326,-1.1000000000000227,229.85557941619953,-0.2863529324531555,-0.5020752549171448,24.066000074148178,0.2489623725414276,ppo_thermostatic,22.64923812053638
175,418500.0,22.67443262395841,-1.4278846153846416,348.70945467579594,-0.18904362618923187,-0.4940040707588196,24.89312917739153,0.2529979646205902,ppo_thermostatic,22.585776979166326
176,419400.0,22.640109863978978,-2.1576923076922867,418.8265697772275,-0.1703043282032013,-0.44147300720214844,25.05241321027279,0.2792634963989258,ppo_thermostatic,22.67443262395841
177,420300.0,22.564165830327738,-2.908653846153868,480.77039989127434,-0.16210564970970154,-0.3958585858345032,25.122101977467537,0.3020707070827484,ppo_thermostatic,22.640109863978978
178,421200.0,22.500207788029513,-3.3000000000000114,542.229949786865,-0.15143448114395142,-0.3578324317932129,25.212806910276413,0.32108378410339355,ppo_thermostatic,22.564165830327738
179,422100.0,22.37329464815093,-3.168846153846175,555.1461889514418,-0.16502875089645386,-0.34546715021133423,25.097255617380142,0.3272664248943329,ppo_thermostatic,22.500207788029513
180,423000.0,22.348219092991712,-2.7739743589743853,598.2629783473631,-0.14253783226013184,-0.3459225296974182,25.28842842578888,0.3270387351512909,ppo_thermostatic,22.37329464815093
181,423900.0,22.351721000842076,-2.3671153846153743,641.5563915507021,-0.12089411169290543,-0.33886048197746277,25.472400050610304,0.3305697590112686,ppo_thermostatic,22.348219092991712
182,424800.0,22.350306379377628,-2.1999999999999886,682.6886813228034,-0.10335669666528702,-0.32870057225227356,25.62146807834506,0.3356497138738632,ppo_thermostatic,22.351721000842076
183,425700.0,22.38864409962423,-2.314374999999984,748.8863263708299,-0.06810463964939117,-0.31777387857437134,25.921110562980175,0.34111306071281433,ppo_thermostatic,22.350306379377628
184,426600.0,22.37353981263459,-2.5183333333333167,797.7034248925585,-0.059018008410930634,-0.29211559891700745,25.99834692850709,0.3539422005414963,ppo_thermostatic,22.38864409962423
185,427500.0,22.345433013879358,-2.713124999999991,843.1381175529327,-0.05185636132955551,-0.269972026348114,26.059220928698778,0.365013986825943,ppo_thermostatic,22.37353981263459
186,428400.0,22.32365413905609,-2.8000000000000114,886.4635424244021,-0.04378828406333923,-0.2508792281150818,26.127799585461617,0.3745603859424591,ppo_thermostatic,22.345433013879358
187,429300.0,22.271144999584408,-2.6927989130434753,906.9666679358771,-0.0559394434094429,-0.2238675057888031,26.024514731019735,0.38806624710559845,ppo_thermostatic,22.32365413905609
188,430200.0,22.264312992070757,-2.4641304347825894,937.0840380249866,-0.04665817320346832,-0.21596568822860718,26.10340552777052,0.3920171558856964,ppo_thermostatic,22.271144999584408
189,431100.0,22.269336046791977,-2.2533967391304373,965.3593606803213,-0.0358438640832901,-0.21010473370552063,26.195327155292034,0.3949476331472397,ppo_thermostatic,22.264312992070757
190,432000.0,22.268497464029622,-2.1999999999999886,992.214932864073,-0.02643052488565445,-0.20443937182426453,26.275340538471937,0.39778031408786774,ppo_thermostatic,22.269336046791977
191,432900.0,22.28523774603326,-2.378197010869542,1035.0301617640625,0.014490686357021332,-0.23224714398384094,26.62317083403468,0.38387642800807953,ppo_thermostatic,22.268497464029622
192,433800.0,22.266038762016308,-2.6951195652173965,1070.8036088667063,0.025696098804473877,-0.22603046894073486,26.718416839838028,0.38698476552963257,ppo_thermostatic,22.28523774603326
193,434700.0,22.236122143444106,-3.039482336956496,1107.2177468195478,0.030482806265354156,-0.21232792735099792,26.75910385325551,0.39383603632450104,ppo_thermostatic,22.266038762016308
194,435600.0,22.206280292950225,-3.3000000000000114,1144.4152002256478,0.03407084941864014,-0.19677317142486572,26.78960222005844,0.40161341428756714,ppo_thermostatic,22.236122143444106
195,436500.0,22.166628035459155,-3.4536562499999945,1174.6323091293752,0.03734996169805527,-0.1875898540019989,26.81747467443347,0.40620507299900055,ppo_thermostatic,22.206280292950225
196,437400.0,22.142698281153912,-3.528250000000014,1209.9578222756338,0.04456928372383118,-0.17825329303741455,26.878838911652565,0.4108733534812927,ppo_thermostatic,22.166628035459155
197,438300.0,22.12967048552042,-3.4887187499999754,1245.3818565002293,0.05243128538131714,-0.16826403141021729,26.945665925741196,0.41586798429489136,ppo_thermostatic,22.142698281153912
198,439200.0,22.127837686518376,-3.3000000000000114,1278.7593463424146,0.06119003891944885,-0.15931668877601624,27.020115330815315,0.4203416556119919,ppo_thermostatic,22.12967048552042
199,440100.0,21.952201931949617,-2.7433734939759233,1224.7240297410572,-0.010140180587768555,-0.11890820413827896,26.413808465003967,0.4405458979308605,ppo_thermostatic,22.127837686518376
200,441000.0,21.936825958628106,-1.8156626506024054,1228.7659606498314,0.00046860426664352417,-0.13577768206596375,26.50398313626647,0.4321111589670181,ppo_thermostatic,21.952201931949617
201,441900.0,21.98096659610502,-0.8051204819277018,1242.1653103720957,0.02510198950767517,-0.15607380867004395,26.71336691081524,0.421963095664978,ppo_thermostatic,21.936825958628106
202,442800.0,22.03784418732033,0.0,1255.4066466568104,0.05018055438995361,-0.1737070381641388,26.926534712314606,0.4131464809179306,ppo_thermostatic,21.98096659610502
203,443700.0,21.991704790360984,0.5383294371516172,1226.281951989784,0.05974783003330231,-0.21249434351921082,27.00785655528307,0.3937528282403946,ppo_thermostatic,22.03784418732033
204,444600.0,21.997070077805574,0.9208865311994145,1228.2792723025466,0.08301183581352234,-0.23966169357299805,27.20560060441494,0.380169153213501,ppo_thermostatic,21.991704790360984
205,445500.0,22.02099002876298,1.1180003596475672,1242.3607472495937,0.10288932919502258,-0.25143560767173767,27.374559298157692,0.37428219616413116,ppo_thermostatic,21.997070077805574
206,446400.0,22.043384233130325,1.1000000000000227,1262.6855214846405,0.1157979667186737,-0.2513025403022766,27.484282717108727,0.3743487298488617,ppo_thermostatic,22.02099002876298
207,447300.0,22.311365953510347,0.42713724723159885,1399.5486770058526,0.2147187441587448,-0.24870797991752625,28.32510932534933,0.3756460100412369,ppo_thermostatic,22.043384233130325
208,448200.0,22.414188682361385,-0.8838529128551045,1488.017961147436,0.21549959480762482,-0.1892051100730896,28.33174655586481,0.4053974449634552,ppo_thermostatic,22.311365953510347
209,449100.0,22.389085040068608,-2.17791661651421,1547.1818586703127,0.18096797168254852,-0.1185382530093193,28.038227759301662,0.44073087349534035,ppo_thermostatic,22.414188682361385
210,450000.0,22.32590958269452,-2.8000000000000114,1587.777396685751,0.14543800055980682,-0.05723398178815842,27.736223004758358,0.4713830091059208,ppo_thermostatic,22.389085040068608
211,450900.0,22.258435020555112,-2.7228474857685114,1601.8642576400632,0.1162809282541275,-0.017452947795391083,27.488387890160084,0.49127352610230446,ppo_thermostatic,22.32590958269452
212,451800.0,22.235748082072746,-2.4765180265654863,1621.8335095411192,0.11159475147724152,-0.0023682042956352234,27.448555387556553,0.4988158978521824,ppo_thermostatic,22.258435020555112
213,452700.0,22.2313998396923,-2.241929554079718,1641.977737339019,0.11408796906471252,0.004967294633388519,27.469747737050056,0.5024836473166943,ppo_thermostatic,22.235748082072746
214,453600.0,22.223995360880565,-2.1999999999999886,1659.9819562724492,0.11621533334255219,0.010966755449771881,27.487830333411694,0.5054833777248859,ppo_thermostatic,22.2313998396923
215,454500.0,22.174239951029733,-2.3355906072106336,1661.7536656893492,0.1372109204530716,-0.02851126343011856,27.66629282385111,0.4857443682849407,ppo_thermostatic,22.223995360880565
216,455400.0,22.136291948527344,-2.4968690702087315,1674.3603223941293,0.14318795502185822,-0.03634723275899887,27.717097617685795,0.48182638362050056,ppo_thermostatic,22.174239951029733
217,456300.0,22.093929235038047,-2.6597129981024636,1685.9358144265436,0.13950514793395996,-0.031691715121269226,27.68579375743866,0.4841541424393654,ppo_thermostatic,22.136291948527344
218,457200.0,22.04579340951176,-2.8000000000000114,1691.5709419909722,0.1307498812675476,-0.02409990131855011,27.611373990774155,0.48795004934072495,ppo_thermostatic,22.093929235038047
219,458100.0,21.91343120799678,-3.10241935483873,1651.1468495235565,0.13014571368694305,-0.06751985102891922,27.606238566339016,0.4662400744855404,ppo_thermostatic,22.04579340951176
220,459000.0,21.85405490905282,-3.485483870967755,1631.4814995835934,0.12890957295894623,-0.08600471168756485,27.595731370151043,0.4569976441562176,ppo_thermostatic,21.91343120799678
221,459900.0,21.840209973177934,-3.5258064516128798,1598.8778946753673,0.11572274565696716,-0.08877154439687729,27.48364333808422,0.45561422780156136,ppo_thermostatic,21.85405490905282
222,460800.0,21.967460004953182,-2.8000000000000114,1510.642883814561,0.09719963371753693,-0.09369101375341415,27.326196886599064,0.4531544931232929,ppo_thermostatic,21.840209973177934
223,461700.0,22.474265308607528,-1.5500000000000114,988.2278539974573,-0.04415289685130119,-0.13269752264022827,26.12470037676394,0.43365123867988586,ppo_thermostatic,21.967460004953182
224,462600.0,22.39157569110165,-0.30000000000001137,650.6426255274893,-0.1543542742729187,-0.25422608852386475,25.18798866868019,0.3728869557380676,ppo_thermostatic,22.474265308607528
225,463500.0,22.432663870796205,0.9499999999999886,472.19958172335015,-0.17450222373008728,-0.41165080666542053,25.016731098294258,0.29417459666728973,ppo_thermostatic,22.39157569110165
226,464400.0,22.586618189789476,2.1999999999999886,351.9186960766513,-0.16934336721897125,-0.5404763221740723,25.060581378638744,0.22976183891296387,ppo_thermostatic,22.432663870796205
227,465300.0,22.608290900602924,3.4499999999999886,158.3944508534884,-0.30597591400146484,-0.6044947504997253,23.89920473098755,0.19775262475013733,ppo_thermostatic,22.586618189789476
228,466200.0,22.852787459686397,4.699999999999989,44.83935033254132,-0.37376081943511963,-0.6939740777015686,23.323033034801483,0.1530129611492157,ppo_thermostatic,22.608290900602924
229,467100.0,23.212675448574714,5.949999999999989,13.427615977124331,-0.44912487268447876,-0.7361608743667603,22.68243858218193,0.13191956281661987,ppo_thermostatic,22.852787459686397
230,468000.0,23.523612985548937,7.199999999999989,50.28623808792364,-0.5684178471565247,-0.7102465629577637,21.66844829916954,0.14487671852111816,ppo_thermostatic,23.212675448574714
231,468900.0,23.357304626248435,8.17828947368423,152.8172040395386,-0.8147509694099426,-0.5679100155830383,19.574616760015488,0.21604499220848083,ppo_thermostatic,23.523612985548937
232,469800.0,23.29685460115786,8.742105263157896,232.46545431083698,-0.9622148275375366,-0.5003104209899902,18.32117396593094,0.24984478950500488,ppo_thermostatic,23.357304626248435
233,470700.0,23.408379423143913,9.084868421052647,286.62897871443033,-1.0,-0.43433254957199097,18.0,0.2828337252140045,ppo_thermostatic,23.29685460115786
234,471600.0,23.466056393462736,9.399999999999977,347.5894154281848,-1.0,-0.32503581047058105,18.0,0.3374820947647095,ppo_thermostatic,23.408379423143913
235,472500.0,23.413625673571232,9.726105416156656,424.8589747826942,-1.0,-0.17504534125328064,18.0,0.4124773293733597,ppo_thermostatic,23.466056393462736
236,473400.0,23.432947616065803,10.003824969400227,491.83202294555065,-1.0,-0.056618668138980865,18.0,0.47169066593050957,ppo_thermostatic,23.413625673571232
237,474300.0,23.444098305165767,10.279632037943713,563.433969988857,-1.0,0.06749047338962555,18.0,0.5337452366948128,ppo_thermostatic,23.432947616065803
238,475200.0,23.45531836592437,10.600000000000023,638.2715398182283,-1.0,0.19299128651618958,18.0,0.5964956432580948,ppo_thermostatic,23.444098305165767
239,476100.0,23.31851278987682,11.115739202657778,749.1949722108438,-1.0,0.40256279706954956,18.0,0.7012813985347748,ppo_thermostatic,23.45531836592437
240,477000.0,23.314512633872994,11.800498338870455,836.197749635282,-1.0,0.5410346388816833,18.0,0.7705173194408417,ppo_thermostatic,23.31851278987682
241,477900.0,23.331061456390216,12.435008305647841,918.7130663981428,-1.0,0.6625937819480896,18.0,0.8312968909740448,ppo_thermostatic,23.314512633872994
242,478800.0,23.342624398729527,12.800000000000011,992.474779195195,-1.0,0.7677035927772522,18.0,0.8838517963886261,ppo_thermostatic,23.331061456390216
243,479700.0,23.421475192057585,12.73404910714288,1030.326159516451,-1.0,0.8029385209083557,18.0,0.9014692604541779,ppo_thermostatic,23.342624398729527
244,480600.0,23.435368687410858,12.375321428571453,1072.7639684730893,-1.0,0.8586053848266602,18.0,0.9293026924133301,ppo_thermostatic,23.421475192057585
245,481500.0,23.434815428741217,11.953933035714272,1106.685879775524,-1.0,0.9049775004386902,18.0,0.9524887502193451,ppo_thermostatic,23.435368687410858
246,482400.0,23.434181522925655,11.699999999999989,1131.186000496375,-1.0,0.938057005405426,18.0,0.969028502702713,ppo_thermostatic,23.434815428741217
247,483300.0,23.482751242417635,11.667328124999983,1133.0318107499293,-1.0,0.9288370013237,18.0,0.96441850066185,ppo_thermostatic,23.434181522925655
248,484200.0,23.49854357522372,11.70637499999998,1138.3485811245052,-1.0,0.93212890625,18.0,0.966064453125,ppo_thermostatic,23.482751242417635
249,485100.0,23.503357078065562,11.74223437500001,1137.817846834896,-1.0,0.9302592873573303,18.0,0.9651296436786652,ppo_thermostatic,23.49854357522372
250,486000.0,23.494372624569053,11.699999999999989,1128.6070702145894,-1.0,0.9200810790061951,18.0,0.9600405395030975,ppo_thermostatic,23.503357078065562
251,486900.0,23.56178603880238,11.497406506147513,1080.2462563713013,-1.0,0.8389101624488831,18.0,0.9194550812244415,ppo_thermostatic,23.494372624569053
252,487800.0,23.552516682911914,11.124334016393448,1043.918983222639,-1.0,0.7910720705986023,18.0,0.8955360352993011,ppo_thermostatic,23.56178603880238
253,488700.0,23.518678967599556,10.614094518442641,1001.2719016395448,-1.0,0.7390137314796448,18.0,0.8695068657398224,ppo_thermostatic,23.552516682911914
254,489600.0,23.46993808721652,10.0,948.9625578190771,-1.0,0.674939751625061,18.0,0.8374698758125305,ppo_thermostatic,23.518678967599556
255,490500.0,23.767077910166847,8.958691939890684,791.9297260468102,-1.0,0.3784489631652832,18.0,0.6892244815826416,ppo_thermostatic,23.46993808721652
256,491400.0,23.746442921149708,7.461429872495444,705.9055775400338,-1.0,0.24878039956092834,18.0,0.6243901997804642,ppo_thermostatic,23.767077910166847
257,492300.0,23.708611359629288,5.983452868852453,628.0483084375069,-1.0,0.1301611363887787,18.0,0.5650805681943893,ppo_thermostatic,23.746442921149708
258,493200.0,23.673491049322365,5.0,562.6975581916109,-1.0,0.027367744594812393,18.0,0.5136838722974062,ppo_thermostatic,23.708611359629288
259,494100.0,23.681959536990234,4.666365131578971,503.5812108693171,-1.0,-0.07465960830450058,18.0,0.4626701958477497,ppo_thermostatic,23.673491049322365
260,495000.0,23.665163202161693,4.6380847953216175,461.7441730577137,-1.0,-0.14486834406852722,18.0,0.4275658279657364,ppo_thermostatic,23.681959536990234
261,495900.0,23.646182649426123,4.640762061403507,427.6921854689729,-1.0,-0.20230811834335327,18.0,0.39884594082832336,ppo_thermostatic,23.665163202161693
262,496800.0,23.61102660141347,4.399999999999977,398.85451210471416,-1.0,-0.24933549761772156,18.0,0.3753322511911392,ppo_thermostatic,23.646182649426123
263,497700.0,23.1445272549401,3.7061602870813317,291.82435478321634,-0.974331796169281,-0.3712509870529175,18.21817973256111,0.31437450647354126,ppo_thermostatic,23.61102660141347
264,498600.0,23.64553122111687,2.7787081339712927,160.99356013233572,-0.7979158163070679,-0.5617208480834961,19.717715561389923,0.21913957595825195,ppo_thermostatic,23.1445272549401
265,499500.0,23.261635826123324,1.986901913875613,180.9437297343603,-0.8566376566886902,-0.5222386717796326,19.218579918146133,0.23888066411018372,ppo_thermostatic,23.64553122111687
266,500400.0,23.295562652390743,1.6999999999999886,134.20970049562723,-0.7791106700897217,-0.58034348487854,19.877559304237366,0.20982825756072998,ppo_thermostatic,23.261635826123324
267,501300.0,23.15949212337705,1.8022727272727366,125.71815597677424,-0.752338707447052,-0.5612232685089111,20.105120986700058,0.21938836574554443,ppo_thermostatic,23.295562652390743
268,502200.0,23.119802082483773,1.9257575757575864,105.17392550359816,-0.7049911618232727,-0.5714976787567139,20.507575124502182,0.21425116062164307,ppo_thermostatic,23.15949212337705
269,503100.0,23.062253743883844,2.0613636363636374,91.10521095542487,-0.6718997955322266,-0.5743999481201172,20.788851737976074,0.2128000259399414,ppo_thermostatic,23.119802082483773
270,504000.0,23.012061220649343,2.1999999999999886,77.4085946237987,-0.6392152309417725,-0.5785275101661682,21.066670536994934,0.2107362449169159,ppo_thermostatic,23.062253743883844
271,504900.0,22.908603575337906,2.3467400568181915,71.0842648922574,-0.6321767568588257,-0.5782948136329651,21.12649756669998,0.21085259318351746,ppo_thermostatic,23.012061220649343
272,505800.0,22.859576270706555,2.5041856060606165,56.41743264613299,-0.5984535217285156,-0.5891957879066467,21.413145065307617,0.20540210604667664,ppo_thermostatic,22.908603575337906
273,506700.0,22.814737778212134,2.6595383522727047,42.659973331796635,-0.5631557106971741,-0.595054566860199,21.71317645907402,0.2024727165699005,ppo_thermostatic,22.859576270706555
274,507600.0,22.775542038646165,2.8000000000000114,29.245602804553155,-0.5264794230461121,-0.5985531210899353,22.024924904108047,0.20072343945503235,ppo_thermostatic,22.814737778212134
275,508500.0,22.86793284684711,2.4551785714285757,19.802281432683053,-0.4075418710708618,-0.6397720575332642,23.035894095897675,0.18011397123336792,ppo_thermostatic,22.775542038646165
276,509400.0,22.798383784534224,1.518392857142885,72.23544974429039,-0.36394673585891724,-0.6212348937988281,23.406452745199203,0.18938255310058594,ppo_thermostatic,22.86793284684711
277,510300.0,22.687840949810266,0.5224107142857406,124.08126134168963,-0.3337975740432739,-0.591960608959198,23.66272062063217,0.204019695520401,ppo_thermostatic,22.798383784534224
278,511200.0,22.596388342804403,0.0,180.31502856476652,-0.30393385887145996,-0.5612301826477051,23.91656219959259,0.21938490867614746,ppo_thermostatic,22.687840949810266
279,512100.0,22.514474863676867,0.022979910714298057,221.66140787844617,-0.300842821598053,-0.5023564696311951,23.94283601641655,0.24882176518440247,ppo_thermostatic,22.596388342804403
280,513000.0,22.481280311729222,0.26098214285713084,274.11652386617243,-0.27377820014953613,-0.47984200716018677,24.172885298728943,0.2600789964199066,ppo_thermostatic,22.514474863676867
281,513900.0,22.46879962906462,0.6434933035714039,324.677650644554,-0.2444395273923874,-0.4659486413002014,24.422264017164707,0.2670256793498993,ppo_thermostatic,22.481280311729222
282,514800.0,22.470256832273776,1.1000000000000227,370.40237512275877,-0.21620991826057434,-0.456587016582489,24.662215694785118,0.2717064917087555,ppo_thermostatic,22.46879962906462
283,515700.0,22.303390133028813,1.877851562499984,324.0881533973534,-0.2757856249809265,-0.43879711627960205,24.155822187662125,0.280601441860199,ppo_thermostatic,22.470256832273776
284,516600.0,22.299393427137034,2.9792708333333167,338.71684614780963,-0.2525938153266907,-0.4697217345237732,24.35295256972313,0.2651391327381134,ppo_thermostatic,22.303390133028813
285,517500.0,22.343438790654886,3.966054687499991,360.15510929500846,-0.21876384317874908,-0.49501872062683105,24.640507332980633,0.2524906396865845,ppo_thermostatic,22.299393427137034
286,518400.0,22.37711956616556,4.399999999999977,381.05446091337376,-0.1885409653186798,-0.5124035477638245,24.89740179479122,0.24379822611808777,ppo_thermostatic,22.343438790654886
287,519300.0,22.557051258054457,3.8798828125,493.0542382473498,-0.07286567986011505,-0.5206353664398193,25.880641721189022,0.23968231678009033,ppo_thermostatic,22.37711956616556
288,520200.0,22.58223626253914,2.6848958333333144,561.7474717910746,-0.05276310071349144,-0.47708016633987427,26.051513643935323,0.26145991683006287,ppo_thermostatic,22.557051258054457
289,521100.0,22.518524712352757,1.3974609375,614.3713660791966,-0.060279734432697296,-0.4286344647407532,25.987622257322073,0.2856827676296234,ppo_thermostatic,22.58223626253914
290,522000.0,22.44379942293267,0.6000000000000227,660.5568621841735,-0.06903040409088135,-0.38632169365882874,25.91324156522751,0.30683915317058563,ppo_thermostatic,22.518524712352757
291,522900.0,22.499396482503187,0.2447368421052829,741.6283021453493,-0.043423522263765335,-0.3421975374221802,26.130900060757995,0.3289012312889099,ppo_thermostatic,22.44379942293267
292,523800.0,22.496120043478754,-0.08903508771931001,792.0716798618693,-0.04042644053697586,-0.3035956919193268,26.156375255435705,0.3482021540403366,ppo_thermostatic,22.499396482503187
293,524700.0,22.465882527951578,-0.3782894736842195,834.3319823949358,-0.038177862763404846,-0.2766134440898895,26.17548816651106,0.36169327795505524,ppo_thermostatic,22.496120043478754
294,525600.0,22.43819734989671,-0.6000000000000227,874.6774557914966,-0.03266634792089462,-0.2568144202232361,26.222336042672396,0.37159278988838196,ppo_thermostatic,22.465882527951578
295,526500.0,22.44757703935869,-0.7429605263158123,922.3148206751288,-0.010466024279594421,-0.2515638470649719,26.411038793623447,0.37421807646751404,ppo_thermostatic,22.43819734989671
296,527400.0,22.446596781837854,-0.842631578947362,960.3715742826411,-0.0006794631481170654,-0.23703992366790771,26.494224563241005,0.38148003816604614,ppo_thermostatic,22.44757703935869
297,528300.0,22.43999857611709,-0.945986842105242,995.3296885406539,0.006572127342224121,-0.22255411744117737,26.555863082408905,0.3887229412794113,ppo_thermostatic,22.446596781837854
298,529200.0,22.429707603466966,-1.1000000000000227,1029.9709617035655,0.013225138187408447,-0.20850732922554016,26.612413674592972,0.3957463353872299,ppo_thermostatic,22.43999857611709
299,530100.0,22.532129628858343,-1.4674999999999727,1117.1069425061894,0.05967782437801361,-0.197299063205719,27.007261507213116,0.4013504683971405,ppo_thermostatic,22.429707603466966
300,531000.0,22.545807825629765,-2.0266666666666424,1172.272759595416,0.06362777948379517,-0.16208311915397644,27.04083612561226,0.4189584404230118,ppo_thermostatic,22.532129628858343
301,531900.0,22.520741170885287,-2.5475000000000136,1217.055370760985,0.05760200321674347,-0.12587183713912964,26.98961702734232,0.4370640814304352,ppo_thermostatic,22.545807825629765
302,532800.0,22.494545858183756,-2.8000000000000114,1257.0656125365515,0.05203591287136078,-0.0937095358967781,26.942305259406567,0.45314523205161095,ppo_thermostatic,22.520741170885287
303,533700.0,22.44474002174553,-2.7296875000000114,1272.4809570791485,0.04687124490737915,-0.08405482023954391,26.898405581712723,0.45797258988022804,ppo_thermostatic,22.494545858183756
304,534600.0,22.44365460550432,-2.5208333333333144,1297.5229376860043,0.05340324342250824,-0.07777131348848343,26.95392756909132,0.4611143432557583,ppo_thermostatic,22.44474002174553
305,535500.0,22.460798373121804,-2.3015624999999886,1321.705141527771,0.06102511286735535,-0.07046724110841751,27.01871345937252,0.46476637944579124,ppo_thermostatic,22.44365460550432
306,536400.0,22.474718185611493,-2.1999999999999886,1343.9853028802079,0.06656919419765472,-0.06176479905843735,27.065838150680065,0.4691176004707813,ppo_thermostatic,22.460798373121804
307,537300.0,22.460858592040097,-2.1999999999999886,1360.6941245540415,0.07557189464569092,-0.06802304834127426,27.142361104488373,0.46598847582936287,ppo_thermostatic,22.474718185611493
308,538200.0,22.442734362528938,-2.1999999999999886,1382.0386108751995,0.0788717120885849,-0.06265751272439957,27.17040955275297,0.4686712436378002,ppo_thermostatic,22.460858592040097
309,539100.0,22.4213557288748,-2.1999999999999886,1403.7355787724857,0.07920774817466736,-0.05298549681901932,27.173265859484673,0.47350725159049034,ppo_thermostatic,22.442734362528938
310,540000.0,22.396833159603716,-2.1999999999999886,1422.976709910963,0.07748234272003174,-0.04226001352071762,27.15859991312027,0.4788699932396412,ppo_thermostatic,22.4213557288748
311,540900.0,22.35090182850894,-2.1999999999999886,1430.732848088143,0.07502517104148865,-0.04203130304813385,27.137713953852654,0.4789843484759331,ppo_thermostatic,22.396833159603716
312,541800.0,22.310371109083576,-2.1999999999999886,1440.0009857024897,0.0721941590309143,-0.03917764872312546,27.11365035176277,0.48041117563843727,ppo_thermostatic,22.35090182850894
313,542700.0,22.266087887120136,-2.1999999999999886,1446.8186416660453,0.06737078726291656,-0.03539527207612991,27.07265169173479,0.48230236396193504,ppo_thermostatic,22.310371109083576
314,543600.0,22.21818763541347,-2.1999999999999886,1449.436844548751,0.06091971695423126,-0.03236798197031021,27.017817594110966,0.4838160090148449,ppo_thermostatic,22.266087887120136
315,544500.0,22.027832893950745,-2.08935546875,1386.045439308932,0.03156835585832596,-0.06252478808164597,26.76833102479577,0.468737605959177,ppo_thermostatic,22.21818763541347
316,545400.0,21.971324259530434,-1.8132812499999886,1352.6734132089798,0.030762307345867157,-0.09371045976877213,26.76147961243987,0.45314477011561394,ppo_thermostatic,22.027832893950745
317,546300.0,21.985952544920224,-1.45556640625,1312.2669917410547,0.02968589961528778,-0.11594133824110031,26.752330146729946,0.44202933087944984,ppo_thermostatic,21.971324259530434
318,547200.0,22.12489651426705,-1.1000000000000227,1228.1064826599402,0.020840615034103394,-0.13377955555915833,26.67714522778988,0.43311022222042084,ppo_thermostatic,21.985952544920224
319,548100.0,22.88505681934157,-0.7584960937500114,836.0332734696484,-0.04365498200058937,-0.17489531636238098,26.12893265299499,0.4125523418188095,ppo_thermostatic,22.12489651426705
320,549000.0,22.816138138294264,-0.37421875000001137,539.2879747860733,-0.16603107750415802,-0.24252906441688538,25.088735841214657,0.3787354677915573,ppo_thermostatic,22.88505681934157
321,549900.0,22.838122110054258,0.07216796875002274,373.89912159816134,-0.21243125200271606,-0.35573458671569824,24.694334357976913,0.3221327066421509,ppo_thermostatic,22.816138138294264
322,550800.0,23.00440044919435,0.6000000000000227,254.79331094676093,-0.235060915350914,-0.4548431634902954,24.50198221951723,0.2725784182548523,ppo_thermostatic,22.838122110054258
323,551700.0,23.027540428382054,1.3726207386363853,54.688462631295245,-0.36918193101882935,-0.4945089817047119,23.36195358633995,0.25274550914764404,ppo_thermostatic,23.00440044919435
324,552600.0,23.290373213211353,2.401988636363626,22.125727869088426,-0.4370043873786926,-0.5655767321586609,22.785462707281113,0.21721163392066956,ppo_thermostatic,23.027540428382054
325,553500.0,23.600507893950635,3.4803622159091105,59.03276166888287,-0.5193966627120972,-0.5898316502571106,22.085128366947174,0.2050841748714447,ppo_thermostatic,23.290373213211353
326,554400.0,23.800718617437667,4.399999999999977,110.64256417073346,-0.6324998140335083,-0.5606167912483215,21.12375158071518,0.21969160437583923,ppo_thermostatic,23.600507893950635
327,555300.0,23.55757482533545,5.193075284090924,217.7476181908844,-0.8366570472717285,-0.4448077082633972,19.388415098190308,0.2775961458683014,ppo_thermostatic,23.800718617437667
328,556200.0,23.64394649520233,5.935511363636351,273.804967481342,-0.9227331876754761,-0.4156511127948761,18.656767904758453,0.29217444360256195,ppo_thermostatic,23.55757482533545
329,557100.0,23.622065017683326,6.485191761363637,346.8803936089414,-1.0,-0.3444986045360565,18.0,0.32775069773197174,ppo_thermostatic,23.64394649520233
330,558000.0,23.790726959794313,6.699999999999989,394.01365882064533,-1.0,-0.27931585907936096,18.0,0.3603420704603195,ppo_thermostatic,23.622065017683326
331,558900.0,23.80452964317425,6.699999999999989,466.6366121588592,-1.0,-0.15497031807899475,18.0,0.4225148409605026,ppo_thermostatic,23.790726959794313
332,559800.0,23.815144114699763,6.699999999999989,538.1559487159717,-1.0,-0.03537479788064957,18.0,0.4823126010596752,ppo_thermostatic,23.80452964317425
333,560700.0,23.81522015870462,6.699999999999989,611.4658905780822,-1.0,0.08554517477750778,18.0,0.5427725873887539,ppo_thermostatic,23.815144114699763
334,561600.0,23.809161080749107,6.699999999999989,685.0976535002807,-1.0,0.2047930657863617,18.0,0.6023965328931808,ppo_thermostatic,23.81522015870462
335,562500.0,23.818232437978054,6.699999999999989,752.2689497661551,-1.0,0.30805879831314087,18.0,0.6540293991565704,ppo_thermostatic,23.809161080749107
336,563400.0,23.80050286621156,6.699999999999989,819.3844058579917,-1.0,0.4135259985923767,18.0,0.7067629992961884,ppo_thermostatic,23.818232437978054
337,564300.0,23.78151582303127,6.699999999999989,879.772429604459,-1.0,0.506935715675354,18.0,0.753467857837677,ppo_thermostatic,23.80050286621156
338,565200.0,23.761813969634773,6.699999999999989,931.7218669488302,-1.0,0.5864322781562805,18.0,0.7932161390781403,ppo_thermostatic,23.78151582303127
339,566100.0,23.707648540158914,6.875097656249977,990.0583672678904,-1.0,0.6809884905815125,18.0,0.8404942452907562,ppo_thermostatic,23.761813969634773
340,567000.0,23.71235035936138,7.258593749999989,1031.8495238949763,-1.0,0.738189697265625,18.0,0.8690948486328125,ppo_thermostatic,23.707648540158914
341,567900.0,23.724419310563405,7.637792968749977,1067.2270881353031,-1.0,0.7839606404304504,18.0,0.8919803202152252,ppo_thermostatic,23.71235035936138
342,568800.0,23.731394672420265,7.800000000000011,1094.5771169100422,-1.0,0.8193386197090149,18.0,0.9096693098545074,ppo_thermostatic,23.724419310563405
343,569700.0,23.788751327532054,7.742030400815224,1094.5924128932847,-1.0,0.8064747452735901,18.0,0.903237372636795,ppo_thermostatic,23.731394672420265
344,570600.0,23.796415065364954,7.612601902173935,1100.4624271934201,-1.0,0.8126117587089539,18.0,0.9063058793544769,ppo_thermostatic,23.788751327532054
345,571500.0,23.79584425975446,7.42687245244565,1100.1576165715455,-1.0,0.8123348951339722,18.0,0.9061674475669861,ppo_thermostatic,23.796415065364954
346,572400.0,23.78841670993239,7.199999999999989,1092.4644308183513,-1.0,0.8037040829658508,18.0,0.9018520414829254,ppo_thermostatic,23.79584425975446
347,573300.0,23.885995900742046,6.952717391304361,1044.6900607374218,-1.0,0.7177810668945312,18.0,0.8588905334472656,ppo_thermostatic,23.78841670993239
348,574200.0,23.89376784817722,6.691304347826076,1016.120743836618,-1.0,0.6770463585853577,18.0,0.8385231792926788,ppo_thermostatic,23.885995900742046
349,575100.0,23.874582170793815,6.409239130434798,981.8212429964497,-1.0,0.6335801482200623,18.0,0.8167900741100311,ppo_thermostatic,23.89376784817722
350,576000.0,23.819861318473784,6.100000000000023,934.2441541138429,-1.0,0.577834963798523,18.0,0.7889174818992615,ppo_thermostatic,23.874582170793815
351,576900.0,23.90128788439722,5.748828124999989,835.2984595920645,-1.0,0.41752907633781433,18.0,0.7087645381689072,ppo_thermostatic,23.819861318473784
352,577800.0,23.861569360200292,5.346875000000011,757.9837803159371,-1.0,0.30870726704597473,18.0,0.6543536335229874,ppo_thermostatic,23.90128788439722
353,578700.0,23.838344076410635,4.896484375,681.8698174045022,-1.0,0.19445808231830597,18.0,0.597229041159153,ppo_thermostatic,23.861569360200292
354,579600.0,23.819713015878506,4.399999999999977,615.3277556603437,-1.0,0.09094759076833725,18.0,0.5454737953841686,ppo_thermostatic,23.838344076410635
355,580500.0,24.01261655815125,3.7835937500000227,517.6225180221087,-1.0,-0.09782619029283524,18.0,0.4510869048535824,ppo_thermostatic,23.819713015878506
356,581400.0,23.95262874359105,3.0500000000000114,475.6304983866314,-1.0,-0.15951597690582275,18.0,0.4202420115470886,ppo_thermostatic,24.01261655815125
357,582300.0,23.898819191869052,2.31640625,435.4807448735554,-1.0,-0.2206987738609314,18.0,0.3896506130695343,ppo_thermostatic,23.95262874359105
358,583200.0,23.82914514735677,1.6999999999999886,402.0447972384579,-1.0,-0.27004557847976685,18.0,0.3649772107601166,ppo_thermostatic,23.898819191869052
359,584100.0,23.46246533912563,1.1941406249999886,276.5746620649177,-0.9012228846549988,-0.3659074604511261,18.83960548043251,0.31704626977443695,ppo_thermostatic,23.82914514735677
360,585000.0,23.80971174876487,0.7281249999999773,171.3119814315451,-0.7404991388320923,-0.4942607283592224,20.205757319927216,0.2528696358203888,ppo_thermostatic,23.46246533912563
361,585900.0,23.515176832427244,0.32304687499998863,178.73176853436433,-0.7674108743667603,-0.46378350257873535,19.977007567882538,0.2681082487106323,ppo_thermostatic,23.80971174876487
362,586800.0,23.484739212756836,0.0,142.30318283341168,-0.7071325778961182,-0.4960724711418152,20.489373087882996,0.2519637644290924,ppo_thermostatic,23.515176832427244
363,587700.0,23.465514720055523,-0.27499999999997726,109.93177096598741,-0.6324310302734375,-0.5041744112968445,21.12433624267578,0.24791279435157776,ppo_thermostatic,23.484739212756836
364,588600.0,23.346089642070638,-0.5500000000000114,94.32034844930463,-0.6001166105270386,-0.49163931608200073,21.399008810520172,0.25418034195899963,ppo_thermostatic,23.465514720055523
365,589500.0,23.24958437001777,-0.8249999999999886,75.2434728866537,-0.561855673789978,-0.4869075417518616,21.724226772785187,0.2565462291240692,ppo_thermostatic,23.346089642070638
366,590400.0,23.155255425665473,-1.1000000000000227,57.14402648268249,-0.5260159373283386,-0.480096697807312,22.02886453270912,0.259951651096344,ppo_thermostatic,23.24958437001777
367,591300.0,23.154838044906853,-1.375,27.40947547683554,-0.4534183144569397,-0.4810015559196472,22.645944327116013,0.2594992220401764,ppo_thermostatic,23.155255425665473
368,592200.0,23.08190327234354,-1.6499999999999773,11.165693134673774,-0.420518696308136,-0.4604324698448181,22.925591081380844,0.26978376507759094,ppo_thermostatic,23.154838044906853
369,593100.0,23.012800409370584,-1.9250000000000114,35.56802962212218,-0.38843297958374023,-0.44428402185440063,23.198319673538208,0.2778579890727997,ppo_thermostatic,23.08190327234354
370,594000.0,22.94241379427143,-2.1999999999999886,92.67143278407917,-0.35970938205718994,-0.42562687397003174,23.442470252513885,0.28718656301498413,ppo_thermostatic,23.012800409370584
371,594900.0,22.955486518663292,-2.4750000000000227,190.1253157502349,-0.29781296849250793,-0.40564581751823425,23.968589767813683,0.2971770912408829,ppo_thermostatic,22.94241379427143
372,595800.0,22.901225298023576,-2.75,253.3684024972649,-0.2738821506500244,-0.3670024275779724,24.172001719474792,0.3164987862110138,ppo_thermostatic,22.955486518663292
373,596700.0,22.84609493824138,-3.0249999999999773,317.06519004781035,-0.2510349154472351,-0.33655449748039246,24.3662032186985,0.33172275125980377,ppo_thermostatic,22.901225298023576
374,597600.0,22.795142003315107,-3.3000000000000114,380.25176965065896,-0.22967997193336487,-0.30901145935058594,24.5477202385664,0.34549427032470703,ppo_thermostatic,22.84609493824138
375,598500.0,22.754813534763286,-3.4364889705882433,441.63436717251864,-0.20797228813171387,-0.28788721561431885,24.732235550880432,0.3560563921928406,ppo_thermostatic,22.795142003315107
376,599400.0,22.72986772723158,-3.3889705882352814,497.85398931875557,-0.1890789270401001,-0.2656880021095276,24.89282912015915,0.3671559989452362,ppo_thermostatic,22.754813534763286
377,600300.0,22.71465591567636,-3.2969669117646845,549.8425988505713,-0.17132294178009033,-0.2465207874774933,25.043754994869232,0.37673960626125336,ppo_thermostatic,22.72986772723158
378,601200.0,22.697240073969624,-3.3000000000000114,598.8597864689418,-0.15537413954734802,-0.22963285446166992,25.179319813847542,0.38518357276916504,ppo_thermostatic,22.71465591567636
379,602100.0,22.716056589871982,-3.44834558823527,668.4843296552774,-0.12309836596250534,-0.21939495205879211,25.453663889318705,0.39030252397060394,ppo_thermostatic,22.697240073969624
380,603000.0,22.687464985630072,-3.6485294117646845,719.0774672806565,-0.11213961988687515,-0.19621339440345764,25.54681323096156,0.4018933027982712,ppo_thermostatic,22.716056589871982
381,603900.0,22.653832253649227,-3.824448529411768,768.3075960639792,-0.10194269567728043,-0.17593145370483398,25.633487086743116,0.412034273147583,ppo_thermostatic,22.687464985630072
382,604800.0,22.62715661472265,-3.8999999999999773,815.512940660325,-0.09158623963594437,-0.1577625274658203,25.721516963094473,0.42111873626708984,ppo_thermostatic,22.653832253649227
383,605700.0,22.61561990208878,-3.8999999999999773,860.646914265866,-0.08109861612319946,-0.13927751779556274,25.810661762952805,0.43036124110221863,ppo_thermostatic,22.62715661472265
384,606600.0,22.60524183937963,-3.8999999999999773,900.4190778088123,-0.07171947509050369,-0.12426220625638962,25.89038446173072,0.4378688968718052,ppo_thermostatic,22.61561990208878
385,607500.0,22.595625322772833,-3.8999999999999773,936.7918553521175,-0.06310931593179703,-0.11132172495126724,25.963570814579725,0.4443391375243664,ppo_thermostatic,22.60524183937963
386,608400.0,22.586120858453512,-3.8999999999999773,971.2333943526796,-0.0549931600689888,-0.09965189546346664,26.032558139413595,0.4501740522682667,ppo_thermostatic,22.595625322772833
387,609300.0,22.566117738630965,-3.8999999999999773,999.4052870190335,-0.04718553274869919,-0.09592507034540176,26.098922971636057,0.4520374648272991,ppo_thermostatic,22.586120858453512
388,610200.0,22.556338178878207,-3.8999999999999773,1030.7376830390883,-0.03834370896220207,-0.08932133764028549,26.174078473821282,0.45533933117985725,ppo_thermostatic,22.566117738630965
389,611100.0,22.551047493282567,-3.8999999999999773,1061.8181007085918,-0.03029874712228775,-0.08055222779512405,26.242460649460554,0.459723886102438,ppo_thermostatic,22.556338178878207
390,612000.0,22.548047388093266,-3.8999999999999773,1092.3589456211723,-0.022896751761436462,-0.07073322683572769,26.30537761002779,0.46463338658213615,ppo_thermostatic,22.551047493282567
391,612900.0,22.5708823577948,-4.029687500000023,1135.3516818022383,-0.0014628618955612183,-0.07277164608240128,26.48756567388773,0.46361417695879936,ppo_thermostatic,22.548047388093266
392,613800.0,22.55515798474056,-4.287500000000023,1171.2665599674838,0.00472007691860199,-0.05995539575815201,26.540120653808117,0.470022302120924,ppo_thermostatic,22.5708823577948
393,614700.0,22.530493755106477,-4.4765625,1209.558016558311,0.008524149656295776,-0.04320964217185974,26.572455272078514,0.47839517891407013,ppo_thermostatic,22.55515798474056
394,615600.0,22.51788129950205,-4.399999999999977,1248.4079691298568,0.013573050498962402,-0.02618388831615448,26.61537092924118,0.48690805584192276,ppo_thermostatic,22.530493755106477
395,616500.0,22.442397394952707,-4.125,1248.3866395955683,0.0017609372735023499,-0.020516447722911835,26.51496796682477,0.4897417761385441,ppo_thermostatic,22.51788129950205
396,617400.0,22.4355596752913,-3.8500000000000227,1277.029119374748,0.014276579022407532,-0.024584636092185974,26.621350921690464,0.487707681953907,ppo_thermostatic,22.442397394952707
397,618300.0,22.446369348639053,-3.5749999999999886,1309.1485497704216,0.02716086059808731,-0.022787846624851227,26.730867315083742,0.4886060766875744,ppo_thermostatic,22.4355596752913
398,619200.0,22.46551663184573,-3.3000000000000114,1340.1486076950275,0.0383056104183197,-0.01690460741519928,26.825597688555717,0.49154769629240036,ppo_thermostatic,22.446369348639053
399,620100.0,22.41126738688041,-3.0249999999999773,1334.6820250510966,0.026557378470897675,-0.010910958051681519,26.72573771700263,0.49454452097415924,ppo_thermostatic,22.46551663184573
400,621000.0,22.41105654815243,-2.75,1352.4672370212447,0.03466574847698212,-0.013220362365245819,26.794658862054348,0.4933898188173771,ppo_thermostatic,22.41126738688041
401,621900.0,22.425871370125208,-2.4750000000000227,1373.7357758139335,0.043563470244407654,-0.01126454770565033,26.870289497077465,0.49436772614717484,ppo_thermostatic,22.41105654815243
402,622800.0,22.443790832989862,-2.1999999999999886,1393.9674862907661,0.05059729516506195,-0.006074622273445129,26.930077008903027,0.49696268886327744,ppo_thermostatic,22.425871370125208
403,623700.0,22.50235740164618,-2.11388888888888,1432.6005855311516,0.0728868842124939,-0.007017843425273895,27.119538515806198,0.49649107828736305,ppo_thermostatic,22.443790832989862
404,624600.0,22.506101619727872,-2.2953703703703923,1457.4581927259223,0.07532724738121033,0.00617440789937973,27.140281602740288,0.5030872039496899,ppo_thermostatic,22.50235740164618
405,625500.0,22.47600614620103,-2.5791666666666515,1477.8947116663687,0.06966258585453033,0.02366996556520462,27.092131979763508,0.5118349827826023,ppo_thermostatic,22.506101619727872
406,626400.0,22.430787677846922,-2.8000000000000114,1495.4113408186045,0.061165496706962585,0.041226379573345184,27.019906722009182,0.5206131897866726,ppo_thermostatic,22.47600614620103
407,627300.0,22.404844694265933,-2.9328125000000114,1515.2795207239765,0.07129636406898499,0.030636094510555267,27.106019094586372,0.5153180472552776,ppo_thermostatic,22.430787677846922
408,628200.0,22.363805342673004,-3.0615740740740875,1528.7475672643002,0.06901964545249939,0.03495336323976517,27.086666986346245,0.5174766816198826,ppo_thermostatic,22.404844694265933
409,629100.0,22.31126420507121,-3.184548611111097,1537.4849840179374,0.06219828128814697,0.0418262705206871,27.02868539094925,0.5209131352603436,ppo_thermostatic,22.363805342673004
410,630000.0,22.252588929445324,-3.3000000000000114,1541.555804979521,0.05369602143764496,0.04737310856580734,26.956416182219982,0.5236865542829037,ppo_thermostatic,22.31126420507121
411,630900.0,22.128944154920532,-3.3609374999999773,1512.1295839828872,0.03515246510505676,0.03512401506304741,26.798795953392982,0.5175620075315237,ppo_thermostatic,22.252588929445324
412,631800.0,22.072965833846183,-3.309722222222206,1492.5491369343267,0.028576239943504333,0.022112049162387848,26.742898039519787,0.5110560245811939,ppo_thermostatic,22.128944154920532
413,632700.0,22.060821908804826,-3.128645833333337,1459.4482458691964,0.02066347748041153,0.011526748538017273,26.675639558583498,0.5057633742690086,ppo_thermostatic,22.072965833846183
414,633600.0,22.14982997796602,-2.8000000000000114,1383.0276639155525,0.008816055953502655,-0.0006123557686805725,26.574936475604773,0.4996938221156597,ppo_thermostatic,22.060821908804826
415,634500.0,22.761970736994442,-2.3062499999999773,964.5595915830687,-0.06624165177345276,-0.03299900144338608,25.93694595992565,0.48350049927830696,ppo_thermostatic,22.14982997796602
416,635400.0,22.656092188227717,-1.7083333333333144,673.0974837418072,-0.16820809245109558,-0.11441253870725632,25.070231214165688,0.44279373064637184,ppo_thermostatic,22.761970736994442
417,636300.0,22.72548293444413,-1.1062499999999886,514.6017360088688,-0.1916327327489853,-0.23549401760101318,24.871121771633625,0.3822529911994934,ppo_thermostatic,22.656092188227717
418,637200.0,22.85224825487171,-0.6000000000000227,396.4696854710486,-0.20486769080162048,-0.33522239327430725,24.758624628186226,0.3323888033628464,ppo_thermostatic,22.72548293444413
419,638100.0,22.91838330656617,-0.17500000000001137,241.1758315700019,-0.26409363746643066,-0.4238508343696594,24.25520408153534,0.2880745828151703,ppo_thermostatic,22.85224825487171
420,639000.0,23.125457114832898,0.25,126.33087158258701,-0.3025495409965515,-0.49940699338912964,23.928328901529312,0.2502965033054352,ppo_thermostatic,22.91838330656617
421,639900.0,23.382811850781763,0.6750000000000114,15.471074373798011,-0.3554046154022217,-0.5420885682106018,23.479060769081116,0.2289557158946991,ppo_thermostatic,23.125457114832898
422,640800.0,23.63754046982359,1.1000000000000227,33.50302835759874,-0.42722195386886597,-0.5563653707504272,22.86861339211464,0.22181731462478638,ppo_thermostatic,23.382811850781763
423,641700.0,23.714832372001183,1.5249999999999773,98.97542553817877,-0.5774982571601868,-0.5092200040817261,21.591264814138412,0.24538999795913696,ppo_thermostatic,23.63754046982359
424,642600.0,23.798793600262286,1.9499999999999886,160.5749237508679,-0.6943379044532776,-0.46853476762771606,20.59812781214714,0.26573261618614197,ppo_thermostatic,23.714832372001183
425,643500.0,23.82773999451456,2.375,225.48409732386241,-0.7953407764434814,-0.41505542397499084,19.739603400230408,0.2924722880125046,ppo_thermostatic,23.798793600262286
426,644400.0,23.83843268895447,2.8000000000000114,288.95274441986925,-0.8758746385574341,-0.3596479594707489,19.05506557226181,0.32017602026462555,ppo_thermostatic,23.82773999451456
427,645300.0,23.5453003982401,3.3421875000000227,398.9459196385612,-1.0,-0.24056300520896912,18.0,0.37971849739551544,ppo_thermostatic,23.83843268895447
428,646200.0,23.83986876913565,4.004166666666663,427.92353281275734,-1.0,-0.22625863552093506,18.0,0.38687068223953247,ppo_thermostatic,23.5453003982401
429,647100.0,23.869618339935357,4.614062499999989,502.0182434191148,-1.0,-0.10393688827753067,18.0,0.44803155586123466,ppo_thermostatic,23.83986876913565
430,648000.0,23.90463198704299,5.0,569.7034738277573,-1.0,0.0031654909253120422,18.0,0.501582745462656,ppo_thermostatic,23.869618339935357
431,648900.0,23.85494638473466,5.190178571428589,649.5374152351869,-1.0,0.14019137620925903,18.0,0.5700956881046295,ppo_thermostatic,23.90463198704299
432,649800.0,23.854943214020068,5.340476190476181,716.553411485291,-1.0,0.2458888590335846,18.0,0.6229444295167923,ppo_thermostatic,23.85494638473466
433,650700.0,23.846907384224778,5.470535714285688,780.6274454459774,-1.0,0.3459111154079437,18.0,0.6729555577039719,ppo_thermostatic,23.854943214020068
434,651600.0,23.83253206591263,5.600000000000023,837.9947815050829,-1.0,0.43487316370010376,18.0,0.7174365818500519,ppo_thermostatic,23.846907384224778
435,652500.0,23.825092173580515,5.729419642857124,887.0679621809425,-1.0,0.5085591673851013,18.0,0.7542795836925507,ppo_thermostatic,23.83253206591263
436,653400.0,23.821285801389877,5.851071428571402,928.9505769041237,-1.0,0.5698343515396118,18.0,0.7849171757698059,ppo_thermostatic,23.825092173580515
437,654300.0,23.819097136597748,5.972187500000018,963.3755088505002,-1.0,0.6192406415939331,18.0,0.8096203207969666,ppo_thermostatic,23.821285801389877
438,655200.0,23.817927372395445,6.100000000000023,989.8834104784867,-1.0,0.6567081809043884,18.0,0.8283540904521942,ppo_thermostatic,23.819097136597748
439,656100.0,23.7411069481642,6.520446428571404,1033.380296770188,-1.0,0.7337331771850586,18.0,0.8668665885925293,ppo_thermostatic,23.817927372395445
440,657000.0,23.746017917753818,7.229285714285709,1051.0006443850966,-1.0,0.7568094730377197,18.0,0.8784047365188599,ppo_thermostatic,23.7411069481642
441,657900.0,23.758593026845233,7.798482142857154,1059.9300310425597,-1.0,0.7661764025688171,18.0,0.8830882012844086,ppo_thermostatic,23.746017917753818
442,658800.0,23.75628692236768,7.800000000000011,1058.8802139963825,-1.0,0.7652525901794434,18.0,0.8826262950897217,ppo_thermostatic,23.758593026845233
443,659700.0,23.86695079311386,7.375,1008.7738696998829,-1.0,0.6724331378936768,18.0,0.8362165689468384,ppo_thermostatic,23.75628692236768
444,660600.0,23.869819717139308,6.949999999999989,980.2554038995252,-1.0,0.6322309970855713,18.0,0.8161154985427856,ppo_thermostatic,23.86695079311386
445,661500.0,23.853668963839425,6.524999999999977,946.4902189031852,-1.0,0.5881120562553406,18.0,0.7940560281276703,ppo_thermostatic,23.869819717139308
446,662400.0,23.79741904355876,6.100000000000023,900.8272470568411,-1.0,0.5342763066291809,18.0,0.7671381533145905,ppo_thermostatic,23.853668963839425
447,663300.0,23.884411048477546,5.675000000000011,804.1384784601025,-1.0,0.37433454394340515,18.0,0.6871672719717026,ppo_thermostatic,23.79741904355876
448,664200.0,23.846347414289824,5.25,730.7618224432049,-1.0,0.26956313848495483,18.0,0.6347815692424774,ppo_thermostatic,23.884411048477546
449,665100.0,23.816477183265476,4.824999999999989,658.188113480028,-1.0,0.1605800986289978,18.0,0.5802900493144989,ppo_thermostatic,23.846347414289824
450,666000.0,23.7926365149533,4.399999999999977,593.5568444793383,-1.0,0.05975879356265068,18.0,0.5298793967813253,ppo_thermostatic,23.816477183265476
451,666900.0,23.900847934128535,3.9884943181818358,512.7633743570469,-1.0,-0.09038542956113815,18.0,0.4548072852194309,ppo_thermostatic,23.7926365149533
452,667800.0,23.84994427872175,3.5943181818182097,469.1571290969844,-1.0,-0.15694773197174072,18.0,0.42152613401412964,ppo_thermostatic,23.900847934128535
453,668700.0,23.8056615732026,3.202982954545462,429.14638483491984,-1.0,-0.22002139687538147,18.0,0.38998930156230927,ppo_thermostatic,23.84994427872175
454,669600.0,23.750534107049248,2.8000000000000114,395.81662265648185,-1.0,-0.2716364860534668,18.0,0.3641817569732666,ppo_thermostatic,23.8056615732026
455,670500.0,23.435532318278888,2.2985795454545723,264.10338600740573,-0.8948115110397339,-0.3831297755241394,18.894102156162262,0.3084351122379303,ppo_thermostatic,23.750534107049248
456,671400.0,23.758474398646968,1.693181818181813,165.68650562849675,-0.7445179224014282,-0.5080614686012268,20.17159765958786,0.2459692656993866,ppo_thermostatic,23.435532318278888
457,672300.0,23.47637052047736,1.0911931818181984,172.14521874895033,-0.7696778178215027,-0.48003798723220825,19.957738548517227,0.2599810063838959,ppo_thermostatic,23.758474398646968
458,673200.0,23.433071375860948,0.6000000000000227,138.92498865321397,-0.7136600613594055,-0.5080772042274475,20.433889478445053,0.24596139788627625,ppo_thermostatic,23.47637052047736
459,674100.0,23.419470961990044,0.25625000000002274,106.30592052332148,-0.6359430551528931,-0.5165712237358093,21.09448403120041,0.24171438813209534,ppo_thermostatic,23.433071375860948
460,675000.0,23.29972657295724,-0.01666666666665151,91.70101231178754,-0.6043049693107605,-0.5023618936538696,21.363407760858536,0.24881905317306519,ppo_thermostatic,23.419470961990044
461,675900.0,23.206829915891433,-0.28125,73.28291678559624,-0.5661561489105225,-0.4974589943885803,21.68767273426056,0.25127050280570984,ppo_thermostatic,23.29972657295724
462,676800.0,23.112921286508026,-0.6000000000000227,55.86201093747878,-0.5309873819351196,-0.4906356930732727,21.986607253551483,0.25468215346336365,ppo_thermostatic,23.206829915891433
463,677700.0,23.149782246034647,-1.0046874999999886,20.831434851964843,-0.43900537490844727,-0.4899224638938904,22.7684543132782,0.2550387680530548,ppo_thermostatic,23.112921286508026
464,678600.0,23.061724386871333,-1.4458333333333258,4.171521832668217,-0.4063670039176941,-0.4605981707572937,23.0458804666996,0.26970091462135315,ppo_thermostatic,23.149782246034647
465,679500.0,22.97751406142322,-1.8640624999999886,64.99881290943837,-0.3727024793624878,-0.439938485622406,23.332028925418854,0.280030757188797,ppo_thermostatic,23.061724386871333
466,680400.0,22.897632889724434,-2.1999999999999886,126.60580562203629,-0.34396910667419434,-0.415199875831604,23.576262593269348,0.292400062084198,ppo_thermostatic,22.97751406142322
467,681300.0,22.915160292263067,-2.4750000000000227,226.44990193592082,-0.28091609477996826,-0.3987575173377991,24.11221319437027,0.30062124133110046,ppo_thermostatic,22.897632889724434
468,682200.0,22.869789024174622,-2.75,289.1826594995648,-0.2578659653663635,-0.3602689206600189,24.30813929438591,0.31986553966999054,ppo_thermostatic,22.915160292263067
469,683100.0,22.821759423856975,-3.0249999999999773,349.95211695320137,-0.23722513020038605,-0.32930484414100647,24.48358639329672,0.33534757792949677,ppo_thermostatic,22.869789024174622
470,684000.0,22.775618856125618,-3.3000000000000114,409.691983332688,-0.2181677371263504,-0.3016810119152069,24.64557423442602,0.34915949404239655,ppo_thermostatic,22.821759423856975
471,684900.0,22.825141431912982,-3.5749999999999886,511.1836325806199,-0.16424450278282166,-0.28318101167678833,25.103921726346016,0.35840949416160583,ppo_thermostatic,22.775618856125618
472,685800.0,22.80003781910301,-3.8500000000000227,572.0901138845487,-0.15098530054092407,-0.24403586983680725,25.216624945402145,0.3779820650815964,ppo_thermostatic,22.825141431912982
473,686700.0,22.76506203913533,-4.125,627.924443632023,-0.1393905133008957,-0.21396726369857788,25.315180636942387,0.39301636815071106,ppo_thermostatic,22.80003781910301
474,687600.0,22.729099245993893,-4.399999999999977,681.5918912300483,-0.12819941341876984,-0.18863946199417114,25.410304985940456,0.40568026900291443,ppo_thermostatic,22.76506203913533
475,688500.0,22.689387388414275,-4.541236413043464,730.5656578276686,-0.11598366498947144,-0.17425596714019775,25.514138847589493,0.4128720164299011,ppo_thermostatic,22.729099245993893
476,689400.0,22.654925391285246,-4.501630434782612,781.0040394966661,-0.10380621254444122,-0.15818291902542114,25.61764719337225,0.42090854048728943,ppo_thermostatic,22.689387388414275
477,690300.0,22.6296523583801,-4.4112092391304145,832.0313358237386,-0.08990966528654099,-0.14433890581130981,25.7357678450644,0.4278305470943451,ppo_thermostatic,22.654925391285246
478,691200.0,22.611007271272,-4.399999999999977,880.5119095751643,-0.0764022022485733,-0.1315794587135315,25.850581280887127,0.43421027064323425,ppo_thermostatic,22.6296523583801
479,692100.0,22.648348787609677,-4.524728260869551,948.0440094459573,-0.04878200963139534,-0.11825866252183914,26.08535291813314,0.44087066873908043,ppo_thermostatic,22.611007271272
480,693000.0,22.631718186543424,-4.710869565217365,990.7933669130748,-0.043440770357847214,-0.09529631584882736,26.1307534519583,0.4523518420755863,ppo_thermostatic,22.648348787609677
481,693900.0,22.606372699032363,-4.891576086956547,1031.2478709885913,-0.038378775119781494,-0.0767037644982338,26.173780411481857,0.4616481177508831,ppo_thermostatic,22.631718186543424
482,694800.0,22.58282785530173,-5.0,1070.9024170760224,-0.032643213868141174,-0.06045293062925339,26.2225326821208,0.4697735346853733,ppo_thermostatic,22.606372699032363
483,695700.0,22.50476720434409,-4.939224137931035,1080.9246787423522,-0.03506429120898247,-0.06595713645219803,26.20195352472365,0.467021431773901,ppo_thermostatic,22.58282785530173
484,696600.0,22.490797657333076,-4.737931034482756,1111.378008174068,-0.022242479026317596,-0.06991726905107498,26.3109389282763,0.4650413654744625,ppo_thermostatic,22.50476720434409
485,697500.0,22.492970241508544,-4.517672413793093,1141.8598980209686,-0.010332837700843811,-0.06822519749403,26.412170879542828,0.465887401252985,ppo_thermostatic,22.490797657333076
486,698400.0,22.49422658722881,-4.399999999999977,1172.6031202493537,0.00023958086967468262,-0.06408710032701492,26.502036437392235,0.46795644983649254,ppo_thermostatic,22.492970241508544
487,699300.0,22.533904733166253,-4.4926536731634314,1227.688641563054,0.021819643676280975,-0.05384550243616104,26.68546697124839,0.4730772487819195,ppo_thermostatic,22.49422658722881
488,700200.0,22.52245954933875,-4.722938530734609,1268.9903876765934,0.026653707027435303,-0.034627221524715424,26.7265565097332,0.4826863892376423,ppo_thermostatic,22.533904733166253
489,701100.0,22.500273215209234,-4.941754122938505,1310.6525459195668,0.02996157854795456,-0.015140630304813385,26.754673417657614,0.4924296848475933,ppo_thermostatic,22.52245954933875
490,702000.0,22.485886711924934,-5.0,1351.8254077917054,0.03391589969396591,0.004036895930767059,26.78828514739871,0.5020184479653835,ppo_thermostatic,22.500273215209234
491,702900.0,22.399966765868044,-4.787771739130449,1348.2490097065222,0.02521435171365738,-0.001179128885269165,26.714321989566088,0.4994104355573654,ppo_thermostatic,22.485886711924934
492,703800.0,22.397767549974446,-4.414130434782635,1372.9142640884008,0.038377463817596436,-0.00847308337688446,26.82620844244957,0.49576345831155777,ppo_thermostatic,22.399966765868044
493,704700.0,22.418936621156263,-4.058423913043498,1400.8538556186597,0.05226565897464752,-0.009581774473190308,26.944258101284504,0.49520911276340485,ppo_thermostatic,22.397767549974446
494,705600.0,22.438735540499863,-3.8999999999999773,1429.8862373380066,0.06374609470367432,-0.005963660776615143,27.04184180498123,0.49701816961169243,ppo_thermostatic,22.418936621156263
495,706500.0,22.442742982078414,-3.8999999999999773,1457.9736588509384,0.07980935275554657,-0.01412162184715271,27.178379498422146,0.49293918907642365,ppo_thermostatic,22.438735540499863
496,707400.0,22.44345294084019,-3.8999999999999773,1487.524120527987,0.08686186373233795,-0.006569139659404755,27.238325841724873,0.4967154301702976,ppo_thermostatic,22.442742982078414
497,708300.0,22.443692773686507,-3.8999999999999773,1517.0636091688812,0.09049820899963379,0.0064682140946388245,27.269234776496887,0.5032341070473194,ppo_thermostatic,22.44345294084019
498,709200.0,22.442153495853347,-3.8999999999999773,1545.1225678992103,0.09216324985027313,0.02139720320701599,27.28338762372732,0.510698601603508,ppo_thermostatic,22.443692773686507
499,710100.0,22.450082248744536,-3.8999999999999773,1575.7541452199948,0.09621495008468628,0.035652488470077515,27.317827075719833,0.5178262442350388,ppo_thermostatic,22.442153495853347
500,711000.0,22.44580543470215,-3.8999999999999773,1599.0717375690083,0.09528036415576935,0.05129172280430794,27.30988309532404,0.525645861402154,ppo_thermostatic,22.450082248744536
501,711900.0,22.434309550255364,-3.8999999999999773,1617.2246110586766,0.09263621270656586,0.06516233831644058,27.28740780800581,0.5325811691582203,ppo_thermostatic,22.44580543470215
502,712800.0,22.413606223487648,-3.8999999999999773,1631.6422501363738,0.0889144092798233,0.0766730010509491,27.255772478878498,0.5383365005254745,ppo_thermostatic,22.434309550255364
503,713700.0,22.23579832462724,-3.765937500000007,1579.767251702332,0.07017867267131805,0.03968534618616104,27.096518717706203,0.5198426730930805,ppo_thermostatic,22.413606223487648
504,714600.0,22.17284328279743,-3.450833333333321,1573.310705566143,0.07788075506687164,0.01003418117761612,27.16198641806841,0.5050170905888081,ppo_thermostatic,22.23579832462724
505,715500.0,22.1503225655685,-3.0853124999999864,1574.5801939703726,0.08629165589809418,-0.007115818560123444,27.2334790751338,0.4964420907199383,ppo_thermostatic,22.17284328279743
506,716400.0,22.13907524576166,-2.8000000000000114,1572.583227952183,0.09062249958515167,-0.01725735515356064,27.27029124647379,0.4913713224232197,ppo_thermostatic,22.1503225655685
507,717300.0,22.107815375236612,-2.916249999999991,1552.3702401108756,0.10857278108596802,-0.06194949895143509,27.422868639230728,0.46902525052428246,ppo_thermostatic,22.13907524576166
508,718200.0,22.100582564328022,-3.353333333333353,1528.0221012956554,0.10721273720264435,-0.07559431344270706,27.411308266222477,0.46220284327864647,ppo_thermostatic,22.107815375236612
509,719100.0,22.095117061717247,-3.638750000000016,1481.9214049687619,0.08643849194049835,-0.07400325685739517,27.234727181494236,0.4629983715713024,ppo_thermostatic,22.100582564328022
510,720000.0,22.193372951605227,-3.3000000000000114,1383.6825623159107,0.05821807682514191,-0.07521515339612961,26.994853653013706,0.4623924233019352,ppo_thermostatic,22.095117061717247
511,720900.0,22.66670399987447,-2.3449218750000114,878.102326965074,-0.07823539525270462,-0.1146763488650322,25.83499914035201,0.4426618255674839,ppo_thermostatic,22.193372951605227
512,721800.0,22.564412607868462,-1.1947916666666742,563.8171161783144,-0.18803846836090088,-0.22976475954055786,24.901673018932343,0.38511762022972107,ppo_thermostatic,22.66670399987447
513,722700.0,22.668637976734203,0.0027343749999886313,398.63231438495717,-0.2077813744544983,-0.3807685375213623,24.733858317136765,0.30961573123931885,ppo_thermostatic,22.564412607868462
514,723600.0,22.907082064212545,1.1000000000000227,275.33824891322,-0.21416929364204407,-0.5000866055488586,24.679561004042625,0.24995669722557068,ppo_thermostatic,22.668637976734203
515,724500.0,22.987446714640214,2.1394531249999886,79.1156359908637,-0.3445201516151428,-0.5689032077789307,23.571578711271286,0.21554839611053467,ppo_thermostatic,22.907082064212545
516,725400.0,23.25968146386265,3.198958333333337,12.220059568835413,-0.4216122627258301,-0.6477637887001038,22.916295766830444,0.17611810564994812,ppo_thermostatic,22.987446714640214
517,726300.0,23.569340721551498,4.183984375000023,45.02406299831536,-0.5155170559883118,-0.6707224249839783,22.11810502409935,0.16463878750801086,ppo_thermostatic,23.25968146386265
518,727200.0,23.745354526864617,5.0,95.38168369408133,-0.6469868421554565,-0.6286059021949768,21.00061184167862,0.1856970489025116,ppo_thermostatic,23.569340721551498
519,728100.0,23.35505023962031,5.699999999999989,220.35725203454223,-0.8988980650901794,-0.4771066904067993,18.859366446733475,0.26144665479660034,ppo_thermostatic,23.745354526864617
520,729000.0,23.43643614432864,6.399999999999977,270.05799073674876,-0.9873178005218506,-0.4586065411567688,18.10779869556427,0.2706967294216156,ppo_thermostatic,23.35505023962031
521,729900.0,23.56708470288129,7.100000000000023,320.78508250208847,-1.0,-0.38624897599220276,18.0,0.3068755120038986,ppo_thermostatic,23.43643614432864
522,730800.0,23.623463037597958,7.800000000000011,383.90336030625946,-1.0,-0.27706220746040344,18.0,0.3614688962697983,ppo_thermostatic,23.56708470288129
523,731700.0,23.465053403564013,8.5,485.62282685777205,-1.0,-0.07268764823675156,18.0,0.4636561758816242,ppo_thermostatic,23.623463037597958
524,732600.0,23.490493071454125,9.199999999999989,558.2804186284626,-1.0,0.05073685944080353,18.0,0.5253684297204018,ppo_thermostatic,23.465053403564013
525,733500.0,23.49854156970696,9.899999999999977,636.3002399225984,-1.0,0.18183431029319763,18.0,0.5909171551465988,ppo_thermostatic,23.490493071454125
526,734400.0,23.506460240352908,10.600000000000023,715.0714938913895,-1.0,0.30959996581077576,18.0,0.6547999829053879,ppo_thermostatic,23.49854156970696
527,735300.0,23.41339613868621,11.222443181818164,816.9381384417761,-1.0,0.48982781171798706,18.0,0.7449139058589935,ppo_thermostatic,23.506460240352908
528,736200.0,23.400919836289177,11.693181818181813,898.2437298274956,-1.0,0.6163918375968933,18.0,0.8081959187984467,ppo_thermostatic,23.41339613868621
529,737100.0,23.40011068047386,12.017329545454572,970.9240289548666,-1.0,0.7233847975730896,18.0,0.8616923987865448,ppo_thermostatic,23.400919836289177
530,738000.0,23.408007357955057,12.199999999999989,1033.8702491139254,-1.0,0.8111393451690674,18.0,0.9055696725845337,ppo_thermostatic,23.40011068047386
531,738900.0,23.477724845410307,12.194088723776247,1069.5840228506518,-1.0,0.8443479537963867,18.0,0.9221739768981934,ppo_thermostatic,23.408007357955057
532,739800.0,23.49156201405026,12.02893356643358,1108.4648932649136,-1.0,0.8940510749816895,18.0,0.9470255374908447,ppo_thermostatic,23.477724845410307
533,740700.0,23.49493684843077,11.824311625874145,1138.5420470410695,-1.0,0.9335762858390808,18.0,0.9667881429195404,ppo_thermostatic,23.49156201405026
534,741600.0,23.50165580989517,11.699999999999989,1160.0930326618716,-1.0,0.9605309963226318,18.0,0.9802654981613159,ppo_thermostatic,23.49493684843077
535,742500.0,23.50898103941921,11.80619658119656,1178.2417548406393,-1.0,0.9826074242591858,18.0,0.9913037121295929,ppo_thermostatic,23.50165580989517
536,743400.0,23.527472136158337,12.069088319088337,1188.820386328467,-1.0,0.9919615983963013,18.0,0.9959807991981506,ppo_thermostatic,23.50898103941921
537,744300.0,23.543060853337067,12.272435897435912,1192.6060301480738,-1.0,0.9931285381317139,18.0,0.9965642690658569,ppo_thermostatic,23.527472136158337
538,745200.0,23.54474690752528,12.199999999999989,1188.0691610230663,-1.0,0.9868040680885315,18.0,0.9934020340442657,ppo_thermostatic,23.543060853337067
539,746100.0,23.733487598418492,11.534895833333337,1104.8369353447547,-1.0,0.8330173492431641,18.0,0.916508674621582,ppo_thermostatic,23.54474690752528
540,747000.0,23.74081454970127,10.383796296296282,1065.2959880898454,-1.0,0.7779799699783325,18.0,0.8889899849891663,ppo_thermostatic,23.733487598418492
541,747900.0,23.700496707660307,9.165798611111086,1023.9899300106389,-1.0,0.7301371097564697,18.0,0.8650685548782349,ppo_thermostatic,23.74081454970127
542,748800.0,23.64286382813185,8.300000000000011,973.1458332927859,-1.0,0.6713501214981079,18.0,0.835675060749054,ppo_thermostatic,23.700496707660307
543,749700.0,23.734708865362848,7.75,868.839284447405,-1.0,0.5004249811172485,18.0,0.7502124905586243,ppo_thermostatic,23.64286382813185
544,750600.0,23.702353709988586,7.199999999999989,789.4334900967731,-1.0,0.3873075842857361,18.0,0.693653792142868,ppo_thermostatic,23.734708865362848
545,751500.0,23.67826333160633,6.649999999999977,712.3715795170849,-1.0,0.27166131138801575,18.0,0.6358306556940079,ppo_thermostatic,23.702353709988586
546,752400.0,23.66251156386994,6.100000000000023,644.2145489967181,-1.0,0.16469234228134155,18.0,0.5823461711406708,ppo_thermostatic,23.67826333160633
547,753300.0,23.819946716792515,5.550000000000011,551.8222646403576,-1.0,-0.013565652072429657,18.0,0.49321717396378517,ppo_thermostatic,23.66251156386994
548,754200.0,23.785491714160457,5.0,506.41463964719173,-1.0,-0.08475971966981888,18.0,0.45762014016509056,ppo_thermostatic,23.819946716792515
549,755100.0,23.750194197475196,4.449999999999989,465.7500439140172,-1.0,-0.14945799112319946,18.0,0.42527100443840027,ppo_thermostatic,23.785491714160457
550,756000.0,23.699505061672653,3.8999999999999773,431.4820562762216,-1.0,-0.20247381925582886,18.0,0.39876309037208557,ppo_thermostatic,23.750194197475196
551,756900.0,23.144076563507667,3.3791193181818358,335.67273491675326,-1.0,-0.3093332350254059,18.0,0.34533338248729706,ppo_thermostatic,23.699505061672653
552,757800.0,23.736371408593243,2.9193181818181984,189.39760808062945,-0.8181785345077515,-0.5174950361251831,19.545482456684113,0.24125248193740845,ppo_thermostatic,23.144076563507667
553,758700.0,23.305192208925916,2.524857954545439,221.6004788335841,-0.8994953036308289,-0.4693651795387268,18.854289919137955,0.2653174102306366,ppo_thermostatic,23.736371408593243
554,759600.0,23.40864716251326,2.1999999999999886,164.33984950739293,-0.8148616552352905,-0.5423552393913269,19.57367593050003,0.22882238030433655,ppo_thermostatic,23.305192208925916
555,760500.0,23.30490303829214,2.0028074866310135,147.38555228271863,-0.7876081466674805,-0.550532341003418,19.805330753326416,0.22473382949829102,ppo_thermostatic,23.40864716251326
556,761400.0,23.236924351591142,1.9211229946524213,125.64418507422705,-0.747398316860199,-0.5663254857063293,20.14711430668831,0.21683725714683533,ppo_thermostatic,23.30490303829214
557,762300.0,23.15951374290978,1.8538770053476128,107.53806861149646,-0.7106215357780457,-0.5757596492767334,20.459716945886612,0.2121201753616333,ppo_thermostatic,23.236924351591142
558,763200.0,23.083967784046024,1.6999999999999886,90.03665839847024,-0.6722836494445801,-0.5836016535758972,20.78558897972107,0.2081991732120514,ppo_thermostatic,23.15951374290978
559,764100.0,23.085262160475736,1.4380974264705628,62.065354650497994,-0.594923198223114,-0.6002709865570068,21.44315281510353,0.19986450672149658,ppo_thermostatic,23.083967784046024
560,765000.0,23.007176936274902,1.1408088235294258,47.92975254396011,-0.5558207631111145,-0.5919385552406311,21.775523513555527,0.20403072237968445,ppo_thermostatic,23.085262160475736
561,765900.0,22.939913005144206,0.8481158088235361,33.15667576733676,-0.5160481929779053,-0.5859881639480591,22.113590359687805,0.20700591802597046,ppo_thermostatic,23.007176936274902
562,766800.0,22.880310425123696,0.6000000000000227,18.899813748045418,-0.4779900908470154,-0.5782156586647034,22.43708422780037,0.21089217066764832,ppo_thermostatic,22.939913005144206
563,767700.0,22.85419397356901,0.38671875,10.94368873135219,-0.42048919200897217,-0.5816038250923157,22.925841867923737,0.20919808745384216,ppo_thermostatic,22.880310425123696
564,768600.0,22.78516463286212,0.19375000000002274,65.36266293505336,-0.38067084550857544,-0.5695996284484863,23.26429781317711,0.21520018577575684,ppo_thermostatic,22.85419397356901
565,769500.0,22.71818779367618,0.05390625000001137,120.75038149767866,-0.3432875871658325,-0.5538162589073181,23.582055509090424,0.22309187054634094,ppo_thermostatic,22.78516463286212
566,770400.0,22.669118915810202,0.0,176.52373358790646,-0.30694013833999634,-0.5369221568107605,23.89100882411003,0.23153892159461975,ppo_thermostatic,22.71818779367618
567,771300.0,22.61541899849027,0.0,219.74647023503613,-0.2754210829734802,-0.5423210859298706,24.158920794725418,0.2288394570350647,ppo_thermostatic,22.669118915810202
568,772200.0,22.57767537032663,0.0,266.306990442235,-0.24374353885650635,-0.5366814136505127,24.428179919719696,0.23165929317474365,ppo_thermostatic,22.61541899849027
569,773100.0,22.547163606088702,0.0,313.1185333794696,-0.2147931605577469,-0.5257025957107544,24.67425813525915,0.2371487021446228,ppo_thermostatic,22.57767537032663
570,774000.0,22.520026000124574,0.0,359.1056145185407,-0.18860314786434174,-0.5129743814468384,24.896873243153095,0.2435128092765808,ppo_thermostatic,22.547163606088702
571,774900.0,22.49336810710082,0.0,403.3979208416579,-0.16588318347930908,-0.4990851879119873,25.089992940425873,0.25045740604400635,ppo_thermostatic,22.520026000124574
572,775800.0,22.468192046806678,0.0,446.4714617433894,-0.14425817131996155,-0.48678910732269287,25.273805543780327,0.25660544633865356,ppo_thermostatic,22.49336810710082
573,776700.0,22.444218539315784,0.0,488.16598516835825,-0.123936727643013,-0.4755355715751648,25.44653781503439,0.2622322142124176,ppo_thermostatic,22.468192046806678
574,777600.0,22.421247633609653,0.0,528.4281520401635,-0.10485269129276276,-0.4651806354522705,25.608752124011517,0.26740968227386475,ppo_thermostatic,22.444218539315784
575,778500.0,22.234322947509042,0.38977272727271384,486.2093840540614,-0.15755033493041992,-0.4643259644508362,25.16082215309143,0.2678370177745819,ppo_thermostatic,22.421247633609653
576,779400.0,22.187487378862443,1.272727272727252,491.81029227481554,-0.13764715194702148,-0.49479252099990845,25.329999208450317,0.2526037395000458,ppo_thermostatic,22.234322947509042
577,780300.0,22.206289033593862,2.2193181818182097,508.0071762749367,-0.10156349092721939,-0.5214530229568481,25.636710327118635,0.23927348852157593,ppo_thermostatic,22.187487378862443
578,781200.0,22.23167929805959,2.8000000000000114,525.1575948784956,-0.06625421345233917,-0.5416423678398132,25.936839185655117,0.22917881608009338,ppo_thermostatic,22.206289033593862
579,782100.0,22.229823291287403,2.895454545454527,544.4004096847411,-0.037005115300416946,-0.5547090172767639,26.185456519946456,0.22264549136161804,ppo_thermostatic,22.23167929805959
580,783000.0,22.214266336646972,2.8000000000000114,569.5343786443341,-0.014912068843841553,-0.5568107962608337,26.373247414827347,0.22159460186958313,ppo_thermostatic,22.229823291287403
581,783900.0,22.1971720928355,2.704545454545439,598.133509705843,0.002542562782764435,-0.5523098707199097,26.521611783653498,0.22384506464004517,ppo_thermostatic,22.214266336646972
582,784800.0,22.190180934404395,2.8000000000000114,626.5096106847708,0.01795528084039688,-0.5455477833747864,26.652619887143373,0.2272261083126068,ppo_thermostatic,22.1971720928355
583,785700.0,22.151911004697013,3.1556818181817903,631.4265944923001,-0.003315649926662445,-0.5270337462425232,26.47181697562337,0.2364831268787384,ppo_thermostatic,22.190180934404395
584,786600.0,22.135672651031086,3.627272727272725,637.8487984007105,0.005777336657047272,-0.5322644114494324,26.549107361584902,0.2338677942752838,ppo_thermostatic,22.151911004697013
585,787500.0,22.142665844593353,4.085227272727252,648.518551951052,0.02747151255607605,-0.5426760315895081,26.733507856726646,0.22866198420524597,ppo_thermostatic,22.135672651031086
586,788400.0,22.156472450393892,4.399999999999977,662.7375484840776,0.05152799189090729,-0.5511587262153625,26.937987931072712,0.22442063689231873,ppo_thermostatic,22.142665844593353
587,789300.0,22.165219124018904,4.569642857142867,679.7420310802703,0.07950723171234131,-0.5605564117431641,27.1758114695549,0.21972179412841797,ppo_thermostatic,22.156472450393892
588,790200.0,22.176731022835725,4.652380952380952,701.8963138683912,0.1002718061208725,-0.5606372356414795,27.352310352027416,0.21968138217926025,ppo_thermostatic,22.165219124018904
589,791100.0,22.18362356974086,4.608928571428578,726.6567528220639,0.11512374877929688,-0.5553683638572693,27.478551864624023,0.22231581807136536,ppo_thermostatic,22.176731022835725
590,792000.0,22.181015207358485,4.399999999999977,754.0398165474753,0.12466377019882202,-0.5458024144172668,27.559642046689987,0.22709879279136658,ppo_thermostatic,22.18362356974086
591,792900.0,22.239589485189526,4.039682539682531,815.107370734795,0.16870640218257904,-0.5362065434455872,27.934004418551922,0.23189672827720642,ppo_thermostatic,22.181015207358485
592,793800.0,22.285121996931593,3.610582010581993,872.9979914758281,0.177725151181221,-0.506115198135376,28.01066378504038,0.246942400932312,ppo_thermostatic,22.239589485189526
593,794700.0,22.29774153577324,3.1761904761904702,919.6710805847017,0.16938720643520355,-0.472245454788208,27.93979125469923,0.263877272605896,ppo_thermostatic,22.285121996931593
594,795600.0,22.28364696439138,2.8000000000000114,956.1633049771124,0.1556006669998169,-0.44135212898254395,27.822605669498444,0.279323935508728,ppo_thermostatic,22.29774153577324
595,796500.0,22.289923115969827,2.47057291666664,999.6832826018025,0.1754388064146042,-0.4325523376464844,27.991229854524136,0.2837238311767578,ppo_thermostatic,22.28364696439138
596,797400.0,22.299006463391265,2.1557870370370438,1041.8086003796154,0.1759166270494461,-0.40831759572029114,27.995291329920292,0.29584120213985443,ppo_thermostatic,22.289923115969827
597,798300.0,22.293855532154225,1.8881076388888687,1074.7903161945019,0.1657433956861496,-0.3810320794582367,27.90881886333227,0.30948396027088165,ppo_thermostatic,22.299006463391265
598,799200.0,22.27157358209689,1.6999999999999886,1098.357871281798,0.15174400806427002,-0.3566727042198181,27.789824068546295,0.32166364789009094,ppo_thermostatic,22.293855532154225
599,800100.0,22.171974808849654,1.6162109375,1087.8134171833835,0.14968101680278778,-0.37198296189308167,27.772288642823696,0.31400851905345917,ppo_thermostatic,22.27157358209689
600,801000.0,22.112953228644756,1.6140624999999886,1095.7719675893438,0.15255260467529297,-0.37658658623695374,27.79669713973999,0.31170670688152313,ppo_thermostatic,22.171974808849654
601,801900.0,22.077652474041997,1.6548828124999773,1108.4908473808998,0.15304183959960938,-0.37370583415031433,27.80085563659668,0.31314708292484283,ppo_thermostatic,22.112953228644756
602,802800.0,22.053516602108857,1.6999999999999886,1117.4574835111023,0.14893031120300293,-0.3675077259540558,27.765907645225525,0.3162461370229721,ppo_thermostatic,22.077652474041997
603,803700.0,21.954238508383582,1.7173828124999773,1079.063014549243,0.13538695871829987,-0.38735854625701904,27.65078914910555,0.3063207268714905,ppo_thermostatic,22.053516602108857
604,804600.0,21.935635184445516,1.7536458333333371,1048.3287201685391,0.12968526780605316,-0.40155377984046936,27.602324776351452,0.2992231100797653,ppo_thermostatic,21.954238508383582
605,805500.0,21.96584933913357,1.8880859375000227,1010.8055509219296,0.11698655784130096,-0.4085521697998047,27.494385741651058,0.29572391510009766,ppo_thermostatic,21.935635184445516
606,806400.0,22.09304323700036,2.1999999999999886,943.7273879113812,0.09506186842918396,-0.4146934449672699,27.308025881648064,0.29265327751636505,ppo_thermostatic,21.96584933913357
607,807300.0,22.876239270372935,2.8385416666666856,593.0454007372829,-0.020404450595378876,-0.4447920322418213,26.32656216993928,0.27760398387908936,ppo_thermostatic,22.09304323700036
608,808200.0,22.840568757281346,3.75902777777776,323.417363056532,-0.1863611489534378,-0.4976704716682434,24.91593023389578,0.2511647641658783,ppo_thermostatic,22.876239270372935
609,809100.0,22.878826675948346,4.75,166.5271810231731,-0.26247638463974,-0.6133800148963928,24.26895073056221,0.1933099925518036,ppo_thermostatic,22.840568757281346
610,810000.0,23.103091813280912,5.600000000000023,72.62568939567916,-0.30268269777297974,-0.7151997089385986,23.927197068929672,0.14240014553070068,ppo_thermostatic,22.878826675948346
611,810900.0,23.286025358295205,6.277734375000023,15.188711745457372,-0.4495428800582886,-0.7383870482444763,22.678885519504547,0.13080647587776184,ppo_thermostatic,23.103091813280912
612,811800.0,23.47232384476473,6.923263888888869,51.17025272432113,-0.5936261415481567,-0.7285664081573486,21.454177796840668,0.13571679592132568,ppo_thermostatic,23.286025358295205
613,812700.0,23.520320377233816,7.58216145833336,107.00461491029786,-0.7545053362846375,-0.6656394004821777,20.08670464158058,0.16718029975891113,ppo_thermostatic,23.47232384476473
614,813600.0,23.43723988016484,8.300000000000011,176.01776781118969,-0.9004418849945068,-0.5888577103614807,18.846243977546692,0.20557114481925964,ppo_thermostatic,23.520320377233816
615,814500.0,23.11098657697488,9.11122159090911,275.1796621734972,-1.0,-0.4261767864227295,18.0,0.28691160678863525,ppo_thermostatic,23.43723988016484
616,815400.0,23.341395565097173,9.984090909090924,309.18582887421434,-1.0,-0.38403648138046265,18.0,0.3079817593097687,ppo_thermostatic,23.11098657697488
617,816300.0,23.37605541253305,10.864914772727275,380.3934103787828,-1.0,-0.25272879004478455,18.0,0.3736356049776077,ppo_thermostatic,23.341395565097173
618,817200.0,23.428797478793513,11.699999999999989,452.5225643444189,-1.0,-0.12698060274124146,18.0,0.4365096986293793,ppo_thermostatic,23.37605541253305
619,818100.0,23.289208418207295,12.457993493401773,563.2714979737884,-1.0,0.094035804271698,18.0,0.547017902135849,ppo_thermostatic,23.428797478793513
620,819000.0,23.282319939937736,13.151997800586514,651.8010633243125,-1.0,0.24851080775260925,18.0,0.6242554038763046,ppo_thermostatic,23.289208418207295
621,819900.0,23.28053409705069,13.795003207478032,741.3820379279642,-1.0,0.39764946699142456,18.0,0.6988247334957123,ppo_thermostatic,23.282319939937736
622,820800.0,23.28167666952038,14.399999999999977,829.6751353781046,-1.0,0.5379247069358826,18.0,0.7689623534679413,ppo_thermostatic,23.28053409705069
623,821700.0,23.22586844630274,14.901658724340166,930.4095281804481,-1.0,0.7040913105010986,18.0,0.8520456552505493,ppo_thermostatic,23.28167666952038
624,822600.0,23.226191913251057,15.24743401759531,1010.6715617587056,-1.0,0.8211613893508911,18.0,0.9105806946754456,ppo_thermostatic,23.22586844630274
625,823500.0,23.242784781851583,15.4694923020528,1076.8724619682066,-1.0,0.9103297591209412,18.0,0.9551648795604706,ppo_thermostatic,23.226191913251057
626,824400.0,23.272492841726375,15.600000000000023,1131.0486248755683,-1.0,0.977053701877594,18.0,0.988526850938797,ppo_thermostatic,23.242784781851583
627,825300.0,23.370579827515485,15.488458806818187,1151.8677818641029,-1.0,0.9808430075645447,18.0,0.9904215037822723,ppo_thermostatic,23.272492841726375
628,826200.0,23.423954775628033,15.107102272727275,1176.2233052461754,-1.0,1.0,18.0,1.0,ppo_thermostatic,23.370579827515485
629,827100.0,23.483778235454906,14.672194602272725,1187.3345938302718,-1.0,1.0,18.0,1.0,ppo_thermostatic,23.423954775628033
630,828000.0,23.529740513309264,14.399999999999977,1195.88358073224,-1.0,1.0,18.0,1.0,ppo_thermostatic,23.483778235454906
631,828900.0,23.5729852329643,14.655078124999989,1203.9224116447583,-1.0,1.0,18.0,1.0,ppo_thermostatic,23.529740513309264
632,829800.0,23.616643718056196,15.340624999999989,1212.0160696462951,-1.0,1.0,18.0,1.0,ppo_thermostatic,23.5729852329643
633,830700.0,23.647774264973123,15.980859375000023,1217.7709963050704,-1.0,1.0,18.0,1.0,ppo_thermostatic,23.616643718056196
634,831600.0,23.64965651696832,16.100000000000023,1218.1097772898866,-1.0,1.0,18.0,1.0,ppo_thermostatic,23.647774264973123
635,832500.0,23.723725730982437,15.19014423076925,1169.7849739094418,-1.0,0.9203182458877563,18.0,0.9601591229438782,ppo_thermostatic,23.64965651696832
636,833400.0,23.682542146839978,13.515384615384619,1135.9192896555653,-1.0,0.8853012323379517,18.0,0.9426506161689758,ppo_thermostatic,23.723725730982437
637,834300.0,23.604707519890155,11.75793269230769,1094.5031027331888,-1.0,0.8477595448493958,18.0,0.9238797724246979,ppo_thermostatic,23.682542146839978
638,835200.0,23.52151167412211,10.600000000000023,1041.5960686499004,-1.0,0.7943363785743713,18.0,0.8971681892871857,ppo_thermostatic,23.604707519890155
639,836100.0,23.559157372603465,10.213173076923056,953.7038717724467,-1.0,0.6612889766693115,18.0,0.8306444883346558,ppo_thermostatic,23.52151167412211
640,837000.0,23.531169855425674,10.099230769230758,878.9704582876872,-1.0,0.5576174855232239,18.0,0.7788087427616119,ppo_thermostatic,23.559157372603465
641,837900.0,23.51669376489201,9.93567307692308,804.7447559852736,-1.0,0.4477621912956238,18.0,0.7238810956478119,ppo_thermostatic,23.531169855425674
642,838800.0,23.50661939204298,9.399999999999977,735.8788193004707,-1.0,0.341530442237854,18.0,0.670765221118927,ppo_thermostatic,23.51669376489201
643,839700.0,23.803807071108565,8.383557692307704,607.3071977383222,-1.0,0.07993397861719131,18.0,0.5399669893085957,ppo_thermostatic,23.50661939204298
644,840600.0,23.777829517452403,7.152051282051275,554.4196490493429,-1.0,-0.0032372847199440002,18.0,0.498381357640028,ppo_thermostatic,23.803807071108565
645,841500.0,23.732554672852757,5.944519230769231,508.2260058346885,-1.0,-0.07438518851995468,18.0,0.46280740574002266,ppo_thermostatic,23.777829517452403
646,842400.0,23.676428730752377,5.0,469.4277567285822,-1.0,-0.13323816657066345,18.0,0.4333809167146683,ppo_thermostatic,23.732554672852757
647,843300.0,23.18166346213502,4.28576388888888,361.2307819915179,-1.0,-0.26437246799468994,18.0,0.36781376600265503,ppo_thermostatic,23.676428730752377
648,844200.0,23.721778857087713,3.645370370370358,220.85651530578414,-0.8614459037780762,-0.4816548824310303,19.177709817886353,0.25917255878448486,ppo_thermostatic,23.18166346213502
649,845100.0,23.29606784025134,3.1322916666666742,251.39912175718192,-0.9471104741096497,-0.4472665786743164,18.449560970067978,0.2763667106628418,ppo_thermostatic,23.721778857087713
650,846000.0,23.43702996398332,2.8000000000000114,188.11707440498523,-0.8624223470687866,-0.5290645360946655,19.169410049915314,0.23546773195266724,ppo_thermostatic,23.29606784025134
651,846900.0,23.346869653895453,2.6317708333333485,170.41101902403602,-0.8315699696540833,-0.5353088974952698,19.431655257940292,0.2323455512523651,ppo_thermostatic,23.43702996398332
652,847800.0,23.28721826316837,2.5254629629629903,147.93300549545089,-0.7920291423797607,-0.5514366626739502,19.767752289772034,0.2242816686630249,ppo_thermostatic,23.346869653895453
653,848700.0,23.212005270406337,2.4064236111111086,129.43425679788197,-0.7572702169418335,-0.5617039799690247,20.063203155994415,0.21914801001548767,ppo_thermostatic,23.28721826316837
654,849600.0,23.13895063495312,2.1999999999999886,111.27384716854209,-0.7203900814056396,-0.5710226893424988,20.376684308052063,0.2144886553287506,ppo_thermostatic,23.212005270406337
655,850500.0,23.14686842789888,1.9250000000000114,81.99511067049957,-0.6439664363861084,-0.5894856452941895,21.02628529071808,0.20525717735290527,ppo_thermostatic,23.13895063495312
656,851400.0,23.0631772357346,1.6499999999999773,68.08658970495668,-0.6071181893348694,-0.5827009677886963,21.33949539065361,0.20864951610565186,ppo_thermostatic,23.14686842789888
657,852300.0,22.989640190906982,1.375,52.35757900469501,-0.5667844414710999,-0.5801727771759033,21.68233224749565,0.20991361141204834,ppo_thermostatic,23.0631772357346
658,853200.0,22.91963199843599,1.1000000000000227,36.85437152578335,-0.5267975926399231,-0.5758661031723022,22.022220462560654,0.21206694841384888,ppo_thermostatic,22.989640190906982
659,854100.0,22.92335307528481,0.7992187500000227,12.05866111960399,-0.45195478200912476,-0.5757481455802917,22.65838435292244,0.21212592720985413,ppo_thermostatic,22.91963199843599
660,855000.0,22.872979386408247,0.48124999999998863,20.976707428567096,-0.4102886915206909,-0.5574439167976379,23.012546122074127,0.22127804160118103,ppo_thermostatic,22.92335307528481
661,855900.0,22.81361477561387,0.19765625000002274,73.47933996179016,-0.37461912631988525,-0.539239764213562,23.315737426280975,0.230380117893219,ppo_thermostatic,22.872979386408247
662,856800.0,22.75759860258097,0.0,125.54086799244115,-0.34252697229385376,-0.5193612575531006,23.588520735502243,0.2403193712234497,ppo_thermostatic,22.81361477561387
663,857700.0,22.713808239204866,-0.07734375000001137,178.60078442431683,-0.30904731154441833,-0.5074857473373413,23.873097851872444,0.24625712633132935,ppo_thermostatic,22.75759860258097
664,858600.0,22.67739933465282,-0.06875000000002274,229.98798946056402,-0.27904272079467773,-0.49203240871429443,24.12813687324524,0.2539837956428528,ppo_thermostatic,22.713808239204866
665,859500.0,22.647773302620237,-0.025781250000022737,280.3046866884467,-0.25088590383529663,-0.4769987463951111,24.36746981739998,0.26150062680244446,ppo_thermostatic,22.67739933465282
666,860400.0,22.621847046609446,0.0,329.10203132467683,-0.22475983202457428,-0.4628393054008484,24.58954142779112,0.2685803472995758,ppo_thermostatic,22.647773302620237
667,861300.0,22.596437617803588,0.0,375.8870259308763,-0.19869068264961243,-0.4544020891189575,24.811129197478294,0.27279895544052124,ppo_thermostatic,22.621847046609446
668,862200.0,22.572044873099514,0.0,420.84406231058665,-0.17626173794269562,-0.4429183602333069,25.001775227487087,0.27854081988334656,ppo_thermostatic,22.596437617803588
669,863100.0,22.549077600679766,0.0,464.1558583013318,-0.15589186549186707,-0.43126314878463745,25.17491914331913,0.2843684256076813,ppo_thermostatic,22.572044873099514
670,864000.0,22.527471091307234,0.0,505.7952161043729,-0.13705700635910034,-0.4201846718788147,25.335015445947647,0.28990766406059265,ppo_thermostatic,22.549077600679766
671,864900.0,22.51320622135472,0.0,548.3127188190475,-0.11782708019018173,-0.40872693061828613,25.498469818383455,0.29563653469085693,ppo_thermostatic,22.527471091307234
672,865800.0,22.496731191888102,0.0,586.9908824988476,-0.1017087996006012,-0.3978753983974457,25.63547520339489,0.30106230080127716,ppo_thermostatic,22.51320622135472
673,866700.0,22.480368716743385,0.0,623.4108112284554,-0.08675050735473633,-0.3883851170539856,25.76262068748474,0.3058074414730072,ppo_thermostatic,22.496731191888102
674,867600.0,22.46522656871855,0.0,658.2453318209972,-0.07248800992965698,-0.3798845112323761,25.883851915597916,0.31005774438381195,ppo_thermostatic,22.480368716743385
675,868500.0,22.42012863054697,0.0,677.4565390432508,-0.0536145381629467,-0.3974466025829315,26.044276425614953,0.30127669870853424,ppo_thermostatic,22.46522656871855
676,869400.0,22.39796779339855,0.0,706.3535770019422,-0.034358784556388855,-0.40210944414138794,26.207950331270695,0.29894527792930603,ppo_thermostatic,22.42012863054697
677,870300.0,22.387110953288015,0.0,737.3298690467667,-0.017841041088104248,-0.39958634972572327,26.348351150751114,0.30020682513713837,ppo_thermostatic,22.39796779339855
678,871200.0,22.380252330699477,0.0,767.9630384246933,-0.0038056522607803345,-0.39387425780296326,26.467651955783367,0.30306287109851837,ppo_thermostatic,22.387110953288015
679,872100.0,22.42419813934373,-0.19765625000002274,820.4342809353983,0.03514041751623154,-0.394665390253067,26.798693548887968,0.3026673048734665,ppo_thermostatic,22.380252330699477
680,873000.0,22.425346970514624,-0.6187499999999773,863.6357865342461,0.04776100814342499,-0.3779609799385071,26.905968569219112,0.31101951003074646,ppo_thermostatic,22.42419813934373
681,873900.0,22.40250203400177,-1.0054687499999773,903.3671261493145,0.05072842538356781,-0.35645821690559387,26.931191615760326,0.32177089154720306,ppo_thermostatic,22.425346970514624
682,874800.0,22.384274087765846,-1.1000000000000227,939.8368936909751,0.052822262048721313,-0.33599692583084106,26.94898922741413,0.33200153708457947,ppo_thermostatic,22.40250203400177
683,875700.0,22.244332220443255,-0.7433593750000114,910.7377572234378,0.017601288855075836,-0.3334682583808899,26.649610955268145,0.33326587080955505,ppo_thermostatic,22.384274087765846
684,876600.0,22.209892020592008,-0.10312499999997726,913.5476628221139,0.03069470077753067,-0.35242632031440735,26.76090495660901,0.3237868398427963,ppo_thermostatic,22.244332220443255
685,877500.0,22.232115111825067,0.5886718749999886,926.9258058594127,0.05653068423271179,-0.3698796033859253,26.98051081597805,0.31506019830703735,ppo_thermostatic,22.209892020592008
686,878400.0,22.268674603537534,1.1000000000000227,943.5873373495364,0.08205915987491608,-0.3817710280418396,27.197502858936787,0.3091144859790802,ppo_thermostatic,22.232115111825067
687,879300.0,22.228382716522447,1.447035845588232,932.4524039669551,0.0807894617319107,-0.3925667703151703,27.18671042472124,0.30371661484241486,ppo_thermostatic,22.268674603537534
688,880200.0,22.219048313264068,1.7733455882353155,938.0469091210185,0.09423640370368958,-0.4035989046096802,27.30100943148136,0.2982005476951599,ppo_thermostatic,22.228382716522447
689,881100.0,22.231760728648794,2.03798253676473,951.7755460959158,0.10951872169971466,-0.4083861708641052,27.430909134447575,0.2958069145679474,ppo_thermostatic,22.219048313264068
690,882000.0,22.250756110705822,2.1999999999999886,968.8226688787339,0.12097491323947906,-0.40668562054634094,27.528286762535572,0.29665718972682953,ppo_thermostatic,22.231760728648794
691,882900.0,22.274056872096764,2.2363970588235134,991.8607619584003,0.129548117518425,-0.39825865626335144,27.601158998906612,0.3008706718683243,ppo_thermostatic,22.250756110705822
692,883800.0,22.28403893960308,2.1999999999999886,1012.3955641158146,0.12990504503250122,-0.38511258363723755,27.60419288277626,0.3074437081813812,ppo_thermostatic,22.274056872096764
693,884700.0,22.281727459143212,2.163602941176464,1029.4447655856054,0.12519092857837677,-0.3704468905925751,27.564122892916203,0.31477655470371246,ppo_thermostatic,22.28403893960308
694,885600.0,22.27033140733772,2.1999999999999886,1042.4717806580438,0.11814737319946289,-0.35674285888671875,27.504252672195435,0.3216285705566406,ppo_thermostatic,22.281727459143212
695,886500.0,22.152645389295515,2.3251838235294144,1008.878865687809,0.11432597041130066,-0.3870715796947479,27.471770748496056,0.30646421015262604,ppo_thermostatic,22.27033140733772
696,887400.0,22.085513060175913,2.486764705882365,1002.9539661001501,0.12295234203338623,-0.4060893952846527,27.545094907283783,0.29695530235767365,ppo_thermostatic,22.152645389295515
697,888300.0,22.050428348748483,2.654963235294133,1009.1391734023334,0.13084453344345093,-0.413288414478302,27.612178534269333,0.293355792760849,ppo_thermostatic,22.085513060175913
698,889200.0,22.02709817013283,2.8000000000000114,1017.6041914014444,0.13318012654781342,-0.41290804743766785,27.632031075656414,0.2935459762811661,ppo_thermostatic,22.050428348748483
699,890100.0,21.977706464542962,2.842330121703867,1013.5056990715726,0.13619539141654968,-0.42288142442703247,27.657660827040672,0.28855928778648376,ppo_thermostatic,22.02709817013283
700,891000.0,21.935626109203554,2.7893509127789002,1014.4933373988757,0.13306854665279388,-0.4238797426223755,27.631082646548748,0.28806012868881226,ppo_thermostatic,21.977706464542962
701,891900.0,21.898261704479864,2.7416962474645175,1012.061370900558,0.12242032587528229,-0.4199092388153076,27.5405727699399,0.2900453805923462,ppo_thermostatic,21.935626109203554
702,892800.0,21.8628766445604,2.8000000000000114,1000.4455941123525,0.10603822767734528,-0.4159044325351715,27.401324935257435,0.29204778373241425,ppo_thermostatic,21.898261704479864
703,893700.0,22.46305524675529,3.2631842672413995,751.0937854459132,0.023678474128246307,-0.427457332611084,26.701267030090094,0.286271333694458,ppo_thermostatic,21.8628766445604
704,894600.0,22.2480295185087,4.1236637931034466,559.6875773123622,-0.09393151104450226,-0.4765717387199402,25.70158215612173,0.2617141306400299,ppo_thermostatic,22.46305524675529
705,895500.0,22.09335584867796,5.022311422413793,438.4610378878949,-0.11256320774555206,-0.5887256860733032,25.543212734162807,0.2056371569633484,ppo_thermostatic,22.2480295185087
706,896400.0,22.0053499821405,5.600000000000023,356.32297143921954,-0.08457467705011368,-0.694171667098999,25.781115245074034,0.1529141664505005,ppo_thermostatic,22.09335584867796
707,897300.0,21.83606272599519,5.798928571428576,255.51160854527524,-0.05764244869351387,-0.8014259934425354,26.010039186105132,0.0992870032787323,ppo_thermostatic,22.0053499821405
708,898200.0,21.698538737710237,5.874642857142874,185.08505730232102,-0.01454450935125351,-0.8716002106666565,26.376371670514345,0.06419989466667175,ppo_thermostatic,21.83606272599519
709,899100.0,21.6121912660837,5.938035714285718,140.01954986506846,0.02950155735015869,-0.9115604758262634,26.75076323747635,0.044219762086868286,ppo_thermostatic,21.698538737710237
710,900000.0,21.585636693765878,6.100000000000023,116.4002798509177,0.06459508836269379,-0.9308480024337769,27.049058251082897,0.03457599878311157,ppo_thermostatic,21.6121912660837
711,900900.0,21.56931146829288,6.3709624474789734,91.1134343302011,0.03611929714679718,-0.9435330629348755,26.807014025747776,0.028233468532562256,ppo_thermostatic,21.585636693765878
712,901800.0,21.550883510722656,6.7160189075630115,61.60586033028203,0.015014559030532837,-0.9605987071990967,26.62762375175953,0.01970064640045166,ppo_thermostatic,21.56931146829288
713,902700.0,21.5813330640014,7.1780659138655665,32.99863291081838,0.0004244968295097351,-0.9782166481018066,26.503608223050833,0.01089167594909668,ppo_thermostatic,21.550883510722656
714,903600.0,21.863018993571018,7.800000000000011,12.409046133441517,-0.01710144430398941,-0.9910011291503906,26.35463772341609,0.0044994354248046875,ppo_thermostatic,21.5813330640014
715,904500.0,22.653721765407056,8.80051717515363,55.44990222157363,-0.24327446520328522,-0.8988397717475891,24.432167045772076,0.050580114126205444,ppo_thermostatic,21.863018993571018
716,905400.0,23.101883528686244,10.168535996488174,41.975490776605504,-0.5816392302513123,-0.7105344533920288,21.556066542863846,0.1447327733039856,ppo_thermostatic,22.653721765407056
717,906300.0,22.646250321846196,11.60228681957858,203.46284201574719,-0.9408859610557556,-0.4770682454109192,18.502469331026077,0.2614658772945404,ppo_thermostatic,23.101883528686244
718,907200.0,22.92165595851293,12.800000000000011,254.05949614042666,-1.0,-0.4496631622314453,18.0,0.27516841888427734,ppo_thermostatic,22.646250321846196
719,908100.0,22.833816603501987,13.782219482942423,354.8998372009056,-1.0,-0.22824007272720337,18.0,0.3858799636363983,ppo_thermostatic,22.92165595851293
720,909000.0,22.907119461941363,14.673480810234537,429.91091017729184,-1.0,-0.08864929527044296,18.0,0.4556753523647785,ppo_thermostatic,22.833816603501987
721,909900.0,22.936679345057655,15.328001732409405,507.36360346292935,-1.0,0.05565790832042694,18.0,0.5278289541602135,ppo_thermostatic,22.907119461941363
722,910800.0,22.9525562783611,15.600000000000023,581.0121294610608,-1.0,0.18920138478279114,18.0,0.5946006923913956,ppo_thermostatic,22.936679345057655
723,911700.0,22.999503879272254,15.53120535714288,638.340500378712,-1.0,0.2821126878261566,18.0,0.6410563439130783,ppo_thermostatic,22.9525562783611
724,912600.0,22.99738179182725,15.33440476190475,696.0034109521873,-1.0,0.38243597745895386,18.0,0.6912179887294769,ppo_thermostatic,22.999503879272254
725,913500.0,22.98830632299274,15.120401785714307,745.5972312830961,-1.0,0.46803221106529236,18.0,0.7340161055326462,ppo_thermostatic,22.99738179182725
726,914400.0,22.98458143059213,15.0,786.2806082196962,-1.0,0.5358849167823792,18.0,0.7679424583911896,ppo_thermostatic,22.98830632299274
727,915300.0,23.041043925205543,14.986249999999984,806.4795933858801,-1.0,0.5555259585380554,18.0,0.7777629792690277,ppo_thermostatic,22.98458143059213
728,916200.0,23.06623072533398,15.0,829.520442829592,-1.0,0.5864439010620117,18.0,0.7932219505310059,ppo_thermostatic,23.041043925205543
729,917100.0,23.0831566994313,15.013750000000016,848.1065039811465,-1.0,0.6117863655090332,18.0,0.8058931827545166,ppo_thermostatic,23.06623072533398
730,918000.0,23.092702794927163,15.0,860.0997635476039,-1.0,0.6282883882522583,18.0,0.8141441941261292,ppo_thermostatic,23.0831566994313
731,918900.0,23.19015044233919,14.930881696428571,838.5340167747441,-1.0,0.5722119212150574,18.0,0.7861059606075287,ppo_thermostatic,23.092702794927163
732,919800.0,23.209943769363917,14.760684523809516,828.542813916554,-1.0,0.5521079301834106,18.0,0.7760539650917053,ppo_thermostatic,23.19015044233919
733,920700.0,23.198474767758114,14.435145089285697,813.2512042931382,-1.0,0.5306013226509094,18.0,0.7653006613254547,ppo_thermostatic,23.209943769363917
734,921600.0,23.147583624122376,13.899999999999977,785.7213842414747,-1.0,0.49804091453552246,18.0,0.7490204572677612,ppo_thermostatic,23.198474767758114
735,922500.0,23.433225462136136,12.931183035714298,668.2157516550087,-1.0,0.24663153290748596,18.0,0.623315766453743,ppo_thermostatic,23.147583624122376
736,923400.0,23.411825318781325,11.55785714285713,609.3819631441394,-1.0,0.15157447755336761,18.0,0.5757872387766838,ppo_thermostatic,23.433225462136136
737,924300.0,23.341435482622614,10.105602678571415,551.7944059103844,-1.0,0.06410577893257141,18.0,0.5320528894662857,ppo_thermostatic,23.411825318781325
738,925200.0,23.277830321834927,8.899999999999977,496.42670854294084,-1.0,-0.024389587342739105,18.0,0.48780520632863045,ppo_thermostatic,23.341435482622614
739,926100.0,23.492676235879856,7.921601562499973,402.08492847316677,-1.0,-0.22834381461143494,18.0,0.38582809269428253,ppo_thermostatic,23.277830321834927
740,927000.0,23.421652594125817,6.989687500000002,367.2134289607053,-1.0,-0.2838362753391266,18.0,0.3580818623304367,ppo_thermostatic,23.492676235879856
741,927900.0,23.371320252384464,6.187929687500002,333.7191867377916,-1.0,-0.3410245478153229,18.0,0.32948772609233856,ppo_thermostatic,23.421652594125817
742,928800.0,23.312921539467027,5.600000000000023,307.5906908323244,-1.0,-0.38461539149284363,18.0,0.3076923042535782,ppo_thermostatic,23.371320252384464
743,929700.0,22.736323148136023,5.195733963815769,221.54584746244817,-0.9600332975387573,-0.46339738368988037,18.339716970920563,0.2683013081550598,ppo_thermostatic,23.312921539467027
744,930600.0,23.226533992959276,4.875082236842104,104.90400246911526,-0.755609393119812,-0.6432327032089233,20.077320158481598,0.17838364839553833,ppo_thermostatic,22.736323148136023
745,931500.0,22.96075618885385,4.616889391447387,118.41974037776217,-0.7953835725784302,-0.6069340705871582,19.739239633083344,0.1965329647064209,ppo_thermostatic,23.226533992959276
746,932400.0,22.931092558427736,4.399999999999977,91.72107848509238,-0.7427501678466797,-0.6425275802612305,20.186623573303223,0.17873620986938477,ppo_thermostatic,22.96075618885385
747,933300.0,22.886397434052014,4.2619517543859615,72.55312069367758,-0.6874992251396179,-0.6526155471801758,20.656256586313248,0.1736922264099121,ppo_thermostatic,22.931092558427736
748,934200.0,22.810326161747753,4.19349415204681,60.305083735704045,-0.6518572568893433,-0.6529915928840637,20.959213316440582,0.17350420355796814,ppo_thermostatic,22.886397434052014
749,935100.0,22.74136588283085,4.103289473684185,48.092466167376415,-0.6163281798362732,-0.6551129817962646,21.261210471391678,0.17244350910186768,ppo_thermostatic,22.810326161747753
750,936000.0,22.66921771977269,3.8999999999999773,36.37323551721949,-0.5818434357643127,-0.6557501554489136,21.55433079600334,0.1721249222755432,ppo_thermostatic,22.74136588283085
751,936900.0,22.71199529971034,3.44739583333336,6.7376280814564415,-0.46833133697509766,-0.6673769354820251,22.51918363571167,0.16631153225898743,ppo_thermostatic,22.66921771977269
752,937800.0,22.6370191007598,2.8000000000000114,30.634641454697523,-0.4229664206504822,-0.64287269115448,22.9047854244709,0.17856365442276,ppo_thermostatic,22.71199529971034
753,938700.0,22.54311119756744,2.152604166666663,79.22832387404416,-0.3875865340232849,-0.6184826493263245,23.20551446080208,0.19075867533683777,ppo_thermostatic,22.6370191007598
754,939600.0,22.45992646776591,1.6999999999999886,129.82911683428864,-0.35475224256515503,-0.5937745571136475,23.484605938196182,0.20311272144317627,ppo_thermostatic,22.54311119756744
755,940500.0,22.4529161831764,1.4181842672413723,206.2486970509665,-0.28875911235809326,-0.5830608606338501,24.045547544956207,0.20846956968307495,ppo_thermostatic,22.45992646776591
756,941400.0,22.422259814476092,1.147102490421446,264.69712559664475,-0.25524184107780457,-0.553126871585846,24.33044435083866,0.22343656420707703,ppo_thermostatic,22.4529161831764
757,942300.0,22.383250974094892,0.8774694683908137,317.8928449673968,-0.2304343581199646,-0.5253832936286926,24.5413079559803,0.2373083531856537,ppo_thermostatic,22.422259814476092
758,943200.0,22.343237187906084,0.6000000000000227,369.3802726393508,-0.20852527022361755,-0.5008237361907959,24.72753520309925,0.24958813190460205,ppo_thermostatic,22.383250974094892
759,944100.0,22.365978103718135,0.22435344827584913,449.31485677511876,-0.1530107706785202,-0.4886208772659302,25.19940844923258,0.2556895613670349,ppo_thermostatic,22.343237187906084
760,945000.0,22.348885388666247,-0.21724137931033738,510.46660240206444,-0.1325560361146927,-0.4559248685836792,25.373273693025112,0.2720375657081604,ppo_thermostatic,22.365978103718135
761,945900.0,22.316509273322765,-0.5502155172413836,563.0146516132413,-0.1207013800740242,-0.4254889488220215,25.474038269370794,0.28725552558898926,ppo_thermostatic,22.348885388666247
762,946800.0,22.292675977229237,-0.6000000000000227,610.1126597197386,-0.10901261121034622,-0.40099626779556274,25.573392804712057,0.29950186610221863,ppo_thermostatic,22.316509273322765
763,947700.0,22.25048754796785,-0.44999999999998863,635.8494246494455,-0.1093922108411789,-0.3832615911960602,25.57016620784998,0.3083692044019699,ppo_thermostatic,22.292675977229237
764,948600.0,22.2356430935489,-0.30000000000001137,668.3730545514414,-0.09485425055027008,-0.37753942608833313,25.693738870322704,0.31123028695583344,ppo_thermostatic,22.25048754796785
765,949500.0,22.231657196623814,-0.14999999999997726,700.7421889831246,-0.07944120466709137,-0.37180349230766296,25.824749760329723,0.3140982538461685,ppo_thermostatic,22.2356430935489
766,950400.0,22.2314732148418,0.0,730.9266285124039,-0.06538329273462296,-0.3657885193824768,25.944242011755705,0.3171057403087616,ppo_thermostatic,22.231657196623814
767,951300.0,22.19849749505488,0.17812500000002274,745.1943450994756,-0.06759373843669891,-0.3559926152229309,25.92545322328806,0.32200369238853455,ppo_thermostatic,22.2314732148418
768,952200.0,22.185387636150324,0.375,768.4893201514476,-0.05547738075256348,-0.35576850175857544,26.02844226360321,0.3221157491207123,ppo_thermostatic,22.19849749505488
769,953100.0,22.180726614396747,0.5343750000000114,794.7306299985302,-0.04074075445532799,-0.35539788007736206,26.153703587129712,0.32230105996131897,ppo_thermostatic,22.185387636150324
770,954000.0,22.17799654491995,0.6000000000000227,821.6284174221527,-0.02665943279862404,-0.35338684916496277,26.273394821211696,0.3233065754175186,ppo_thermostatic,22.180726614396747
771,954900.0,22.208464350612076,0.5343750000000114,864.5408424440608,-0.0024097487330436707,-0.34748512506484985,26.47951713576913,0.3262574374675751,ppo_thermostatic,22.17799654491995
772,955800.0,22.20938070305374,0.375,898.0993935529264,0.006966784596443176,-0.3345279097557068,26.559217669069767,0.3327360451221466,ppo_thermostatic,22.208464350612076
773,956700.0,22.195833709813485,0.17812500000002274,929.5659673916867,0.013142265379428864,-0.3216206431388855,26.611709255725145,0.33918967843055725,ppo_thermostatic,22.20938070305374
774,957600.0,22.179585980027923,0.0,961.292571389547,0.01916544884443283,-0.3091217875480652,26.66290631517768,0.3454391062259674,ppo_thermostatic,22.195833709813485
775,958500.0,22.203148636708192,-0.1640625,1008.9950351580812,0.04174211621284485,-0.3010038435459137,26.85480798780918,0.34949807822704315,ppo_thermostatic,22.179585980027923
776,959400.0,22.208257320893097,-0.33749999999997726,1047.0681816478063,0.04978132247924805,-0.2845214307308197,26.92314124107361,0.35773928463459015,ppo_thermostatic,22.203148636708192
777,960300.0,22.204443023654562,-0.4921875,1080.959506034938,0.054316386580467224,-0.26812905073165894,26.96168928593397,0.36593547463417053,ppo_thermostatic,22.208257320893097
778,961200.0,22.199436476940548,-0.6000000000000227,1113.311102478287,0.05866207182407379,-0.2529807388782501,26.998627610504627,0.37350963056087494,ppo_thermostatic,22.204443023654562
779,962100.0,22.183946883241674,-0.6421874999999773,1138.8155789573464,0.07365749776363373,-0.25769391655921936,27.126088730990887,0.3711530417203903,ppo_thermostatic,22.199436476940548
780,963000.0,22.18295720166435,-0.6374999999999886,1169.866016411192,0.0849309116601944,-0.25205206871032715,27.221912749111652,0.3739739656448364,ppo_thermostatic,22.183946883241674
781,963900.0,22.188402236512843,-0.6140624999999886,1201.7641169899605,0.09361401200294495,-0.24199548363685608,27.295719102025032,0.37900225818157196,ppo_thermostatic,22.18295720166435
782,964800.0,22.196074618863065,-0.6000000000000227,1233.0948582308476,0.1004457175731659,-0.2299460768699646,27.35378859937191,0.3850269615650177,ppo_thermostatic,22.188402236512843
783,965700.0,22.226938183980224,-0.6000000000000227,1273.370499170529,0.10855711996555328,-0.21087434887886047,27.422735519707203,0.39456282556056976,ppo_thermostatic,22.196074618863065
784,966600.0,22.24419171187833,-0.6000000000000227,1305.3891997830635,0.11070488393306732,-0.1915055215358734,27.440991513431072,0.4042472392320633,ppo_thermostatic,22.226938183980224
785,967500.0,22.253816011056642,-0.6000000000000227,1333.036335242178,0.11115247011184692,-0.1737687885761261,27.4447959959507,0.41311560571193695,ppo_thermostatic,22.24419171187833
786,968400.0,22.26023218798872,-0.6000000000000227,1357.686158278829,0.1108676940202713,-0.1573600471019745,27.442375399172306,0.42131997644901276,ppo_thermostatic,22.253816011056642
787,969300.0,22.249166816981756,-0.6000000000000227,1371.9891791365178,0.11993394792079926,-0.1624743938446045,27.519438557326794,0.41876280307769775,ppo_thermostatic,22.26023218798872
788,970200.0,22.247191541440202,-0.6000000000000227,1390.922665819777,0.12362340092658997,-0.15630024671554565,27.550798907876015,0.4218498766422272,ppo_thermostatic,22.249166816981756
789,971100.0,22.24303771573034,-0.6000000000000227,1408.6919464466505,0.12282878160476685,-0.14529815316200256,27.544044643640518,0.4273509234189987,ppo_thermostatic,22.247191541440202
790,972000.0,22.23175617654789,-0.6000000000000227,1423.462960679978,0.11909353733062744,-0.1332411766052246,27.512295067310333,0.4333794116973877,ppo_thermostatic,22.24303771573034
791,972900.0,22.27703016738218,-0.8210227272727479,1463.8038130973637,0.15519872307777405,-0.15003535151481628,27.81918914616108,0.42498232424259186,ppo_thermostatic,22.23175617654789
792,973800.0,22.268434296646546,-1.3227272727272634,1493.0244628362168,0.1558140218257904,-0.13546711206436157,27.82441918551922,0.4322664439678192,ppo_thermostatic,22.27703016738218
793,974700.0,22.215352044168753,-1.8630681818181642,1511.0464319998678,0.13933049142360687,-0.11170288175344467,27.68430917710066,0.44414855912327766,ppo_thermostatic,22.268434296646546
794,975600.0,22.153575261897345,-2.1999999999999886,1514.8800409485075,0.11790122091770172,-0.0900641456246376,27.502160377800465,0.4549679271876812,ppo_thermostatic,22.215352044168753
795,976500.0,21.99160773989297,-2.2598758971291772,1441.3763189501637,0.08068487048149109,-0.10836734622716904,27.185821399092674,0.4458163268864155,ppo_thermostatic,22.153575261897345
796,977400.0,21.979945785148914,-2.1134569377990147,1379.3665162213124,0.0695880800485611,-0.13256794214248657,27.09149868041277,0.4337160289287567,ppo_thermostatic,21.99160773989297
797,978300.0,22.028854960910166,-1.7353095095693902,1303.7997936677334,0.05590575933456421,-0.15258082747459412,26.975198954343796,0.42370958626270294,ppo_thermostatic,21.979945785148914
798,979200.0,22.185394077285082,-1.1000000000000227,1189.1437963815642,0.03718286007642746,-0.17452529072761536,26.816054310649633,0.4127373546361923,ppo_thermostatic,22.028854960910166
799,980100.0,22.788888400098017,-0.20098684210523743,719.5001481006606,-0.08226993680000305,-0.23439449071884155,25.800705537199974,0.3828027546405792,ppo_thermostatic,22.185394077285082
800,981000.0,22.692876995088398,0.8500000000000227,422.05828896891165,-0.20738095045089722,-0.3391749858856201,24.737261921167374,0.33041250705718994,ppo_thermostatic,22.788888400098017
801,981900.0,22.767508771212306,1.900986842105283,270.3641275983904,-0.2410871535539627,-0.48382019996643066,24.450759194791317,0.25808990001678467,ppo_thermostatic,22.692876995088398
802,982800.0,23.00328027374161,2.8000000000000114,165.3595852292749,-0.2558324635028839,-0.5970290303230286,24.325424060225487,0.20148548483848572,ppo_thermostatic,22.767508771212306
803,983700.0,23.163874281616017,3.528715957772363,22.370152021283385,-0.369354784488678,-0.6443951725959778,23.360484331846237,0.1778024137020111,ppo_thermostatic,23.00328027374161
804,984600.0,23.420762111788406,4.204207466340279,25.763063455179054,-0.4626029133796692,-0.683285117149353,22.567875236272812,0.1583574414253235,ppo_thermostatic,23.163874281616017
805,985500.0,23.642498428938723,4.8775952417380495,64.88017368460133,-0.580961287021637,-0.6673163175582886,21.561829060316086,0.1663418412208557,ppo_thermostatic,23.420762111788406
806,986400.0,23.71859812455608,5.600000000000023,123.16767293717233,-0.7206990122795105,-0.6061680912971497,20.37405839562416,0.19691595435142517,ppo_thermostatic,23.642498428938723
807,987300.0,23.065273108969507,6.5030411449016015,275.21474668814403,-1.0,-0.4213687777519226,18.0,0.2893156111240387,ppo_thermostatic,23.71859812455608
808,988200.0,23.511028406971263,7.5608228980322,282.15524481314776,-1.0,-0.4532924294471741,18.0,0.27335378527641296,ppo_thermostatic,23.065273108969507
809,989100.0,23.528736538269243,8.58819320214667,360.93242062980744,-1.0,-0.30808085203170776,18.0,0.3459595739841461,ppo_thermostatic,23.511028406971263
810,990000.0,23.60138319336454,9.399999999999977,430.90915037503777,-1.0,-0.19032377004623413,18.0,0.40483811497688293,ppo_thermostatic,23.528736538269243
811,990900.0,23.59666571821697,9.782478632478615,514.599172532567,-1.0,-0.04247570037841797,18.0,0.478762149810791,ppo_thermostatic,23.60138319336454
812,991800.0,23.58867904921499,9.827635327635335,595.0504513681186,-1.0,0.09615201503038406,18.0,0.548076007515192,ppo_thermostatic,23.59666571821697
813,992700.0,23.573171398122554,9.808974358974353,675.8828128215653,-1.0,0.23268446326255798,18.0,0.616342231631279,ppo_thermostatic,23.58867904921499
814,993600.0,23.560860011888224,10.0,756.7167348474878,-1.0,0.36450788378715515,18.0,0.6822539418935776,ppo_thermostatic,23.573171398122554
815,994500.0,23.425395621090843,10.519444444444446,869.2561005946536,-1.0,0.5666154026985168,18.0,0.7833077013492584,ppo_thermostatic,23.560860011888224
816,995400.0,23.410914189359175,11.181481481481455,953.6353638917712,-1.0,0.695057213306427,18.0,0.8475286066532135,ppo_thermostatic,23.425395621090843
817,996300.0,23.41932404233745,11.802777777777806,1027.0871261482043,-1.0,0.7981682419776917,18.0,0.8990841209888458,ppo_thermostatic,23.410914189359175
818,997200.0,23.442092034111397,12.199999999999989,1089.5799033306862,-1.0,0.8793399333953857,18.0,0.9396699666976929,ppo_thermostatic,23.41932404233745
819,998100.0,23.47978342676157,12.302891156462579,1138.0622985889995,-1.0,0.9357417225837708,18.0,0.9678708612918854,ppo_thermostatic,23.442092034111397
820,999000.0,23.5034124685983,12.25030234315949,1180.2848399766426,-1.0,0.9858192801475525,18.0,0.9929096400737762,ppo_thermostatic,23.47978342676157
821,999900.0,23.55743530397973,12.17256235827665,1201.1418220626035,-1.0,1.0,18.0,1.0,ppo_thermostatic,23.5034124685983
822,1000800.0,23.6152782250374,12.199999999999989,1211.8275953769144,-1.0,1.0,18.0,1.0,ppo_thermostatic,23.55743530397973
823,1001700.0,23.660884470691656,12.450293921916568,1220.2569865356402,-1.0,1.0,18.0,1.0,ppo_thermostatic,23.6152782250374
824,1002600.0,23.693561602168643,12.835647737355828,1226.3029288167515,-1.0,1.0,18.0,1.0,ppo_thermostatic,23.660884470691656
825,1003500.0,23.711546333134095,13.178177684117145,1229.6386543703593,-1.0,1.0,18.0,1.0,ppo_thermostatic,23.693561602168643
826,1004400.0,23.709055403595073,13.300000000000011,1229.1908153011182,-1.0,1.0,18.0,1.0,ppo_thermostatic,23.711546333134095
827,1005300.0,23.691697683083362,13.132614871541477,1219.8549593253147,-1.0,0.9921818375587463,18.0,0.9960909187793732,ppo_thermostatic,23.709055403595073
828,1006200.0,23.66664497166022,12.7681324110672,1198.8564226639833,-1.0,0.9711388945579529,18.0,0.9855694472789764,ppo_thermostatic,23.691697683083362
829,1007100.0,23.62609303692534,12.269583745059265,1167.000936305851,-1.0,0.939299464225769,18.0,0.9696497321128845,ppo_thermostatic,23.66664497166022
830,1008000.0,23.55971779148615,11.699999999999989,1121.3419190930238,-1.0,0.89445561170578,18.0,0.94722780585289,ppo_thermostatic,23.62609303692534
831,1008900.0,23.659442650898143,11.09252029220778,1011.8818240952862,-1.0,0.721946120262146,18.0,0.860973060131073,ppo_thermostatic,23.55971779148615
832,1009800.0,23.641974843819696,10.430811688311678,932.541315063064,-1.0,0.6129372715950012,18.0,0.8064686357975006,ppo_thermostatic,23.659442650898143
833,1010700.0,23.606699912607667,9.703697240259714,854.8072090458927,-1.0,0.5057892203330994,18.0,0.7528946101665497,ppo_thermostatic,23.641974843819696
834,1011600.0,23.57127145060349,8.899999999999977,778.6589821705908,-1.0,0.39655181765556335,18.0,0.6982759088277817,ppo_thermostatic,23.606699912607667
835,1012500.0,23.871159347223966,7.878191964285691,638.0529169404193,-1.0,0.11896146088838577,18.0,0.5594807304441929,ppo_thermostatic,23.57127145060349
836,1013400.0,23.851414642588452,6.645892857142883,577.100542942487,-1.0,0.023243647068738937,18.0,0.5116218235343695,ppo_thermostatic,23.871159347223966
837,1014300.0,23.80831505019222,5.415647321428594,525.7652834272889,-1.0,-0.05554983764886856,18.0,0.4722250811755657,ppo_thermostatic,23.851414642588452
838,1015200.0,23.749876496072545,4.399999999999977,483.3837408259373,-1.0,-0.11920619755983353,18.0,0.44039690122008324,ppo_thermostatic,23.80831505019222
839,1016100.0,23.25372956218399,3.6119140624999773,371.8957341215789,-1.0,-0.25323960185050964,18.0,0.3733801990747452,ppo_thermostatic,23.749876496072545
840,1017000.0,23.793755709789764,2.9526041666666742,228.09145458557708,-0.8580001592636108,-0.46989256143569946,19.206998646259308,0.26505371928215027,ppo_thermostatic,23.25372956218399
841,1017900.0,23.3610896023215,2.4669921875000114,258.0754237956772,-0.9423757791519165,-0.4357505440711975,18.48980587720871,0.28212472796440125,ppo_thermostatic,23.793755709789764
842,1018800.0,23.504610468259727,2.1999999999999886,193.45981604852997,-0.856101930141449,-0.5175148844718933,19.223133593797684,0.24124255776405334,ppo_thermostatic,23.3610896023215
843,1019700.0,23.401268729337062,2.068661221590901,177.36472256454869,-0.8308956027030945,-0.5225433707237244,19.437387377023697,0.23872831463813782,ppo_thermostatic,23.504610468259727
844,1020600.0,23.341317704780522,1.9508049242424477,153.59398831532891,-0.79096519947052,-0.540389358997345,19.77679580450058,0.22980532050132751,ppo_thermostatic,23.401268729337062
845,1021500.0,23.25963931661255,1.8325461647727366,134.63082346409303,-0.756775975227356,-0.5505610108375549,20.067404210567474,0.22471949458122253,ppo_thermostatic,23.341317704780522
846,1022400.0,23.1860798071541,1.6999999999999886,115.65644353841779,-0.7192696928977966,-0.5603742599487305,20.38620761036873,0.21981287002563477,ppo_thermostatic,23.25963931661255
847,1023300.0,23.16153477511574,1.5571022727272634,91.31036189861723,-0.6578626036643982,-0.570019543170929,20.908167868852615,0.21499022841453552,ppo_thermostatic,23.1860798071541
848,1024200.0,23.08819980627726,1.4132575757575978,76.07205744279847,-0.6198501586914062,-0.5671392679214478,21.231273651123047,0.21643036603927612,ppo_thermostatic,23.16153477511574
849,1025100.0,23.022179808728538,1.262784090909065,60.10244782133723,-0.5804708003997803,-0.56663978099823,21.565998196601868,0.216680109500885,ppo_thermostatic,23.08819980627726
850,1026000.0,22.9583953699875,1.1000000000000227,44.49203290668484,-0.5414908528327942,-0.5646218657493591,21.89732775092125,0.21768906712532043,ppo_thermostatic,23.022179808728538
851,1026900.0,22.9698466695653,0.8729403409091105,18.933560350488072,-0.466714084148407,-0.5729765295982361,22.53293028473854,0.21351173520088196,ppo_thermostatic,22.9583953699875
852,1027800.0,22.915271819385453,0.5736742424242607,3.276768019669455,-0.4258357286453247,-0.5588259696960449,22.88039630651474,0.22058701515197754,ppo_thermostatic,22.9698466695653
853,1028700.0,22.852115588026777,0.26257102272728616,51.2316721432408,-0.38795363903045654,-0.5451192259788513,23.20239406824112,0.22744038701057434,ppo_thermostatic,22.915271819385453
854,1029600.0,22.789085468460428,0.0,104.53947256408487,-0.3541141152381897,-0.5269914269447327,23.490030020475388,0.23650428652763367,ppo_thermostatic,22.852115588026777
855,1030500.0,22.763398332995962,-0.19662433155082226,171.53649940426425,-0.3044067621231079,-0.5224175453186035,23.912542521953583,0.23879122734069824,ppo_thermostatic,22.789085468460428
856,1031400.0,22.722499651474322,-0.356149732620338,226.71191904519836,-0.27253538370132446,-0.5024166107177734,24.183449238538742,0.24879169464111328,ppo_thermostatic,22.763398332995962
857,1032300.0,22.68286941486849,-0.487600267379662,279.82822221921316,-0.24484801292419434,-0.4825109839439392,24.418791890144348,0.2587445080280304,ppo_thermostatic,22.722499651474322
858,1033200.0,22.646493418065802,-0.6000000000000227,331.56751250394603,-0.21959039568901062,-0.46390241384506226,24.63348163664341,0.26804879307746887,ppo_thermostatic,22.68286941486849
859,1034100.0,22.611957302336236,-0.6783088235293917,380.8188773938121,-0.19468171894550323,-0.45175403356552124,24.845205388963223,0.2741229832172394,ppo_thermostatic,22.646493418065802
860,1035000.0,22.582846208978765,-0.7029411764705742,428.34567845917303,-0.17253518104553223,-0.4377877116203308,25.033450961112976,0.2811061441898346,ppo_thermostatic,22.611957302336236
861,1035900.0,22.55900498158013,-0.6761029411764525,473.60250433362694,-0.152095228433609,-0.42459070682525635,25.207190558314323,0.2877046465873718,ppo_thermostatic,22.582846208978765
862,1036800.0,22.53961680065794,-0.6000000000000227,516.3000351553358,-0.1329023689031601,-0.41301172971725464,25.37032986432314,0.2934941351413727,ppo_thermostatic,22.55900498158013
863,1037700.0,22.444432162393923,-0.37279411764706083,518.2048837637477,-0.1427571177482605,-0.41318264603614807,25.286564499139786,0.29340867698192596,ppo_thermostatic,22.53961680065794
864,1038600.0,22.41437551420495,0.005882352941171121,544.1727802522392,-0.12269474565982819,-0.42390841245651245,25.45709466189146,0.2880457937717438,ppo_thermostatic,22.444432162393923
865,1039500.0,22.410732199966276,0.3816176470588175,574.5637707069003,-0.09838563948869705,-0.430666983127594,25.663722064346075,0.284666508436203,ppo_thermostatic,22.41437551420495
866,1040400.0,22.40937677382982,0.6000000000000227,604.9592495776658,-0.07585477083921432,-0.43381643295288086,25.85523444786668,0.28309178352355957,ppo_thermostatic,22.410732199966276
867,1041300.0,22.399896893328503,0.6330882352941103,636.4502379211458,-0.05791483074426651,-0.43092280626296997,26.007723938673735,0.284538596868515,ppo_thermostatic,22.40937677382982
868,1042200.0,22.384391164855458,0.6000000000000227,668.2517939384263,-0.04253818467259407,-0.42564982175827026,26.13842543028295,0.28717508912086487,ppo_thermostatic,22.399896893328503
869,1043100.0,22.36899189124898,0.5669117647058783,700.2836489669627,-0.028580106794834137,-0.41880080103874207,26.25706909224391,0.29059959948062897,ppo_thermostatic,22.384391164855458
870,1044000.0,22.358944495113803,0.6000000000000227,731.5932298541064,-0.015316031873226166,-0.41136428713798523,26.369813729077578,0.2943178564310074,ppo_thermostatic,22.36899189124898
871,1044900.0,22.328217174726205,0.7277573529411825,748.8741923490444,-0.013321474194526672,-0.404563844203949,26.386767469346523,0.2977180778980255,ppo_thermostatic,22.358944495113803
872,1045800.0,22.31950568130833,0.8941176470588061,771.7036161751149,-0.0003411322832107544,-0.4037865698337555,26.49710037559271,0.29810671508312225,ppo_thermostatic,22.328217174726205
873,1046700.0,22.32218624347604,1.038419117647038,796.6180308156851,0.014924824237823486,-0.4026011526584625,26.6268610060215,0.29869942367076874,ppo_thermostatic,22.31950568130833
874,1047600.0,22.325624524714385,1.1000000000000227,822.6951711343096,0.02922605723142624,-0.3994518518447876,26.748421486467123,0.3002740740776062,ppo_thermostatic,22.32218624347604
875,1048500.0,22.314826508305487,1.1000000000000227,845.9894135330634,0.049517348408699036,-0.406794935464859,26.920897461473942,0.2966025322675705,ppo_thermostatic,22.325624524714385
876,1049400.0,22.311997799822393,1.1000000000000227,874.7388810424688,0.0644768625497818,-0.40340346097946167,27.048053331673145,0.29829826951026917,ppo_thermostatic,22.314826508305487
877,1050300.0,22.311489292382305,1.1000000000000227,904.8674270508593,0.07570402324199677,-0.39510899782180786,27.143484197556973,0.30244550108909607,ppo_thermostatic,22.311997799822393
878,1051200.0,22.31152233480225,1.1000000000000227,934.8365437638851,0.08443887531757355,-0.3845573961734772,27.217730440199375,0.3077213019132614,ppo_thermostatic,22.311489292382305
879,1052100.0,22.317636518353595,1.1000000000000227,966.2610183030235,0.09769894182682037,-0.377365380525589,27.330441005527973,0.3113173097372055,ppo_thermostatic,22.31152233480225
880,1053000.0,22.324059357686906,1.1000000000000227,996.5980589824097,0.10519418120384216,-0.36513572931289673,27.39415054023266,0.31743213534355164,ppo_thermostatic,22.317636518353595
881,1053900.0,22.327490685029602,1.1000000000000227,1024.7933071740224,0.10920733213424683,-0.3512089252471924,27.428262323141098,0.3243955373764038,ppo_thermostatic,22.324059357686906
882,1054800.0,22.327030072108585,1.1000000000000227,1050.9364109818678,0.11105072498321533,-0.3368869423866272,27.44393116235733,0.3315565288066864,ppo_thermostatic,22.327490685029602
883,1055700.0,22.330384258332344,1.1000000000000227,1078.5670518341053,0.11782824993133545,-0.32665151357650757,27.50154012441635,0.3366742432117462,ppo_thermostatic,22.327030072108585
884,1056600.0,22.32807650783286,1.1000000000000227,1103.7740143624555,0.1187773197889328,-0.3124443590641022,27.50960721820593,0.3437778204679489,ppo_thermostatic,22.330384258332344
885,1057500.0,22.317861396190324,1.1000000000000227,1125.5597573161926,0.11645190417766571,-0.297762006521225,27.48984118551016,0.3511189967393875,ppo_thermostatic,22.32807650783286
886,1058400.0,22.300369855309327,1.1000000000000227,1143.8420228350012,0.1122511625289917,-0.28402259945869446,27.45413488149643,0.35798870027065277,ppo_thermostatic,22.317861396190324
887,1059300.0,22.234444026813435,1.0422286184210634,1140.4276954465145,0.13313129544258118,-0.31771111488342285,27.63161601126194,0.3411444425582886,ppo_thermostatic,22.300369855309327
888,1060200.0,22.19964888669955,0.9042763157894456,1155.5919518994947,0.14386869966983795,-0.3242383599281311,27.722883947193623,0.33788082003593445,ppo_thermostatic,22.234444026813435
889,1061100.0,22.17224569522415,0.7391858552631447,1173.0823150547265,0.1427130252122879,-0.31625688076019287,27.713060714304447,0.34187155961990356,ppo_thermostatic,22.19964888669955
890,1062000.0,22.147809207436467,0.6000000000000227,1182.3388115270639,0.13270774483680725,-0.3034313917160034,27.62801583111286,0.3482843041419983,ppo_thermostatic,22.17224569522415
891,1062900.0,22.072022197925946,0.38425164473682116,1146.2114282273762,0.12575763463974,-0.3264751732349396,27.56893989443779,0.3367624133825302,ppo_thermostatic,22.147809207436467
892,1063800.0,22.086582626357313,0.13322368421052033,1111.110275536817,0.1159697026014328,-0.3352372944355011,27.48574247211218,0.33238135278224945,ppo_thermostatic,22.072022197925946
893,1064700.0,22.129533703165237,0.1155838815789707,1059.5121854959089,0.09113200008869171,-0.33498507738113403,27.27462200075388,0.332507461309433,ppo_thermostatic,22.086582626357313
894,1065600.0,22.26633519200476,0.6000000000000227,967.6699341617093,0.0580449104309082,-0.3392024040222168,26.99338173866272,0.3303987979888916,ppo_thermostatic,22.129533703165237
895,1066500.0,22.980284029553104,1.4250000000000114,581.5706025182167,-0.05670478940010071,-0.3831847012042999,26.018009290099144,0.30840764939785004,ppo_thermostatic,22.26633519200476
896,1067400.0,22.91366851910294,2.25,310.05521976831614,-0.20709161460399628,-0.4542698264122009,24.73972127586603,0.27286508679389954,ppo_thermostatic,22.980284029553104
897,1068300.0,22.997275072263562,3.0749999999999886,159.24171082426636,-0.2694430351257324,-0.5772655010223389,24.209734201431274,0.21136724948883057,ppo_thermostatic,22.91366851910294
898,1069200.0,23.259667489481274,3.8999999999999773,60.171497439551,-0.3115408420562744,-0.6733575463294983,23.851902842521667,0.16332122683525085,ppo_thermostatic,22.997275072263562
899,1070100.0,23.401042632007147,4.725000000000023,31.86173996867014,-0.4882704019546509,-0.6804525852203369,22.349701583385468,0.15977370738983154,ppo_thermostatic,23.259667489481274
900,1071000.0,23.561187135692876,5.550000000000011,78.64323349908088,-0.6441451907157898,-0.6682626008987427,21.024765878915787,0.16586869955062866,ppo_thermostatic,23.401042632007147
901,1071900.0,23.578326016825883,6.375,144.00584846908075,-0.8052145838737488,-0.606574535369873,19.655676037073135,0.19671273231506348,ppo_thermostatic,23.561187135692876
902,1072800.0,23.49399282048813,7.199999999999989,215.37696934265514,-0.9401035904884338,-0.5372331738471985,18.509119480848312,0.23138341307640076,ppo_thermostatic,23.578326016825883
903,1073700.0,23.27310856784993,8.035085227272702,309.518862708973,-1.0,-0.3757326006889343,18.0,0.31213369965553284,ppo_thermostatic,23.49399282048813
904,1074600.0,23.43343648094509,8.885227272727263,357.3258172890178,-1.0,-0.303072452545166,18.0,0.348463773727417,ppo_thermostatic,23.27310856784993
905,1075500.0,23.461712630051238,9.742755681818153,430.31414069706534,-1.0,-0.17193683981895447,18.0,0.41403158009052277,ppo_thermostatic,23.43343648094509
906,1076400.0,23.49879212870269,10.600000000000023,504.9563862081951,-1.0,-0.04372794181108475,18.0,0.4781360290944576,ppo_thermostatic,23.461712630051238
907,1077300.0,23.27537807778947,11.52255681818184,633.7305068334706,-1.0,0.21924269199371338,18.0,0.6096213459968567,ppo_thermostatic,23.49879212870269
908,1078200.0,23.24906664610637,12.522272727272707,727.8025788245501,-1.0,0.38229769468307495,18.0,0.6911488473415375,ppo_thermostatic,23.27537807778947
909,1079100.0,23.251839417887254,13.510852272727277,819.3470511603604,-1.0,0.5286725759506226,18.0,0.7643362879753113,ppo_thermostatic,23.24906664610637
910,1080000.0,23.273427038689533,14.399999999999977,908.0891226807854,-1.0,0.6600086688995361,18.0,0.8300043344497681,ppo_thermostatic,23.251839417887254
911,1080900.0,23.23891958972422,15.09078125000002,1013.8443874101504,-1.0,0.8230209350585938,18.0,0.9115104675292969,ppo_thermostatic,23.273427038689533
912,1081800.0,23.271633290883585,15.573750000000018,1096.7389071577177,-1.0,0.931084930896759,18.0,0.9655424654483795,ppo_thermostatic,23.23891958972422
913,1082700.0,23.33778310409656,15.894843750000007,1159.8428936023008,-1.0,1.0,18.0,1.0,ppo_thermostatic,23.271633290883585
914,1083600.0,23.48383662797346,16.100000000000023,1186.8623322849605,-1.0,1.0,18.0,1.0,ppo_thermostatic,23.33778310409656
915,1084500.0,23.616270546949806,16.258203125000023,1211.366771006128,-1.0,1.0,18.0,1.0,ppo_thermostatic,23.48383662797346
916,1085400.0,23.732100229475293,16.40937500000001,1232.8042863467624,-1.0,1.0,18.0,1.0,ppo_thermostatic,23.616270546949806
917,1086300.0,23.828615456771047,16.55585937500001,1250.673532187591,-1.0,1.0,18.0,1.0,ppo_thermostatic,23.732100229475293
918,1087200.0,23.9032449655964,16.69999999999999,1264.4988016813497,-1.0,1.0,18.0,1.0,ppo_thermostatic,23.828615456771047
919,1088100.0,23.956192877618264,16.84107142857141,1274.3125527722666,-1.0,1.0,18.0,1.0,ppo_thermostatic,23.9032449655964
920,1089000.0,23.989927684903876,16.97410714285712,1280.5630004797279,-1.0,1.0,18.0,1.0,ppo_thermostatic,23.956192877618264
921,1089900.0,24.00737670036625,17.095089285714266,1283.791507387879,-1.0,1.0,18.0,1.0,ppo_thermostatic,23.989927684903876
922,1090800.0,24.007403003695515,17.19999999999999,1283.7940962526382,-1.0,1.0,18.0,1.0,ppo_thermostatic,24.00737670036625
923,1091700.0,23.978728445076513,16.99494977678569,1278.4954035350804,-1.0,1.0,18.0,1.0,ppo_thermostatic,24.007403003695515
924,1092600.0,23.90497483221992,16.324330357142856,1264.8728356831778,-1.0,1.0,18.0,1.0,ppo_thermostatic,23.978728445076513
925,1093500.0,23.792813830987598,15.391545758928544,1244.1604227019268,-1.0,1.0,18.0,1.0,ppo_thermostatic,23.90497483221992
926,1094400.0,23.638216072484283,14.399999999999977,1215.6103025403106,-1.0,1.0,18.0,1.0,ppo_thermostatic,23.792813830987598
927,1095300.0,23.67559887613112,13.079122121710498,1106.522056762643,-1.0,0.848324716091156,18.0,0.924162358045578,ppo_thermostatic,23.638216072484283
928,1096200.0,23.616249704949325,11.372450657894717,1023.3090298125145,-1.0,0.7480260133743286,18.0,0.8740130066871643,ppo_thermostatic,23.67559887613112
929,1097100.0,23.532037365491703,9.804553865131595,939.8782516000201,-1.0,0.648003876209259,18.0,0.8240019381046295,ppo_thermostatic,23.616249704949325
930,1098000.0,23.481506645540037,8.899999999999977,856.3279081065059,-1.0,0.5349348187446594,18.0,0.7674674093723297,ppo_thermostatic,23.532037365491703
931,1098900.0,23.50406576273201,8.719078947368416,773.9683888864777,-1.0,0.40306705236434937,18.0,0.7015335261821747,ppo_thermostatic,23.481506645540037
932,1099800.0,23.524351024742487,8.815570175438609,709.624381660652,-1.0,0.29658427834510803,18.0,0.648292139172554,ppo_thermostatic,23.50406576273201
933,1100700.0,23.54152371005506,8.954276315789457,658.2772119791757,-1.0,0.20964831113815308,18.0,0.6048241555690765,ppo_thermostatic,23.524351024742487
934,1101600.0,23.542774942529036,8.899999999999977,616.1596428801345,-1.0,0.1394636183977127,18.0,0.5697318091988564,ppo_thermostatic,23.54152371005506
935,1102500.0,23.066466456082935,8.686230468750011,508.32475381316243,-1.0,0.03406579792499542,18.0,0.5170328989624977,ppo_thermostatic,23.542774942529036
936,1103400.0,23.381817148575067,8.467447916666686,397.9488646001627,-1.0,-0.22072911262512207,18.0,0.38963544368743896,ppo_thermostatic,23.066466456082935
937,1104300.0,23.347518406286838,8.18994140625,365.77807755836204,-1.0,-0.27658766508102417,18.0,0.3617061674594879,ppo_thermostatic,23.381817148575067
938,1105200.0,23.315513037794574,7.800000000000011,333.35873239184974,-1.0,-0.33446165919303894,18.0,0.33276917040348053,ppo_thermostatic,23.347518406286838
939,1106100.0,23.413573683452796,7.28662109375,280.5670642340581,-1.0,-0.44655728340148926,18.0,0.27672135829925537,ppo_thermostatic,23.315513037794574
940,1107000.0,23.3189659091899,6.711718749999989,261.35598228849324,-1.0,-0.47468358278274536,18.0,0.2626582086086273,ppo_thermostatic,23.413573683452796
941,1107900.0,23.23327788134054,6.130957031249977,239.54753008527547,-1.0,-0.509939432144165,18.0,0.24503028392791748,ppo_thermostatic,23.3189659091899
942,1108800.0,23.18307460918146,5.600000000000023,213.51857385972335,-0.974831759929657,-0.5396203994750977,18.213930040597916,0.23018980026245117,ppo_thermostatic,23.23327788134054
943,1109700.0,23.312466665931424,5.1246783088235475,162.72426580544382,-0.8766469359397888,-0.5908206701278687,19.048501044511795,0.20458966493606567,ppo_thermostatic,23.18307460918146
944,1110600.0,23.19669007948187,4.678308823529392,152.6687414617943,-0.8549652099609375,-0.5873944759368896,19.23279571533203,0.20630276203155518,ppo_thermostatic,23.312466665931424
945,1111500.0,23.15169256316176,4.267784926470597,130.30497175959601,-0.8084622621536255,-0.6040006279945374,19.628070771694183,0.19799968600273132,ppo_thermostatic,23.19669007948187
946,1112400.0,23.08629972386632,3.8999999999999773,112.67797117575333,-0.767734706401825,-0.6126413941383362,19.974254995584488,0.1936793029308319,ppo_thermostatic,23.15169256316176
947,1113300.0,23.067292740445623,3.612683823529437,89.24778390214526,-0.7092902660369873,-0.6326195001602173,20.471032738685608,0.18369024991989136,ppo_thermostatic,23.08629972386632
948,1114200.0,23.009140489423146,3.427941176470597,73.84070702366847,-0.6662442684173584,-0.637477457523346,20.836923718452454,0.18126127123832703,ppo_thermostatic,23.067292740445623
949,1115100.0,22.960266143693843,3.329227941176498,58.42312244494425,-0.6208412051200867,-0.6425578594207764,21.222849756479263,0.17872107028961182,ppo_thermostatic,23.009140489423146
950,1116000.0,22.91890033829685,3.3000000000000114,43.8335922943678,-0.5752813816070557,-0.6459507346153259,21.610108256340027,0.17702463269233704,ppo_thermostatic,22.960266143693843
951,1116900.0,22.852904057326043,3.3547697368421154,34.60016731264744,-0.5430444478988647,-0.6266629695892334,21.88412219285965,0.1866685152053833,ppo_thermostatic,22.91890033829685
952,1117800.0,22.831402915164176,3.496052631578948,21.0948730430012,-0.4988716244697571,-0.6236394047737122,22.259591192007065,0.18818029761314392,ppo_thermostatic,22.852904057326043
953,1118700.0,22.81913301684608,3.6893092105262895,8.217870783429113,-0.45659369230270386,-0.6219861507415771,22.618953615427017,0.18900692462921143,ppo_thermostatic,22.831402915164176
954,1119600.0,22.81090056444657,3.8999999999999773,18.720333383857227,-0.4163193702697754,-0.6210361123085022,22.96128535270691,0.1894819438457489,ppo_thermostatic,22.81913301684608
955,1120500.0,22.728467450442565,4.285746593045133,20.156851725825124,-0.42563480138778687,-0.60237717628479,22.88210418820381,0.19881141185760498,ppo_thermostatic,22.81090056444657
956,1121400.0,22.72275745082061,4.862429511278208,49.52727208989902,-0.39701390266418457,-0.6108301281929016,23.12538182735443,0.1945849359035492,ppo_thermostatic,22.728467450442565
957,1122300.0,22.73772011338491,5.382897673872208,80.91987055962676,-0.3626512289047241,-0.6192222833633423,23.417464554309845,0.19038885831832886,ppo_thermostatic,22.72275745082061
958,1123200.0,22.74235939196228,5.600000000000023,111.563458295383,-0.32966792583465576,-0.6248298287391663,23.697822630405426,0.18758508563041687,ppo_thermostatic,22.73772011338491
959,1124100.0,22.834108169186663,5.204520089285722,197.99828826175587,-0.23047620058059692,-0.6255868673324585,24.540952295064926,0.18720656633377075,ppo_thermostatic,22.74235939196228
960,1125000.0,22.822292163364807,4.329017857142844,254.20255736311333,-0.19581028819084167,-0.5924766063690186,24.835612550377846,0.20376169681549072,ppo_thermostatic,22.834108169186663
961,1125900.0,22.757483965403253,3.3890066964285666,301.2398772623868,-0.18282392621040344,-0.5559670925140381,24.94599662721157,0.22201645374298096,ppo_thermostatic,22.822292163364807
962,1126800.0,22.687738049050495,2.8000000000000114,344.66310314074633,-0.17423465847969055,-0.5233325958251953,25.01900540292263,0.23833370208740234,ppo_thermostatic,22.757483965403253
963,1127700.0,22.6941486586515,2.5249999999999773,409.76510950782716,-0.13876530528068542,-0.49696242809295654,25.320494905114174,0.25151878595352173,ppo_thermostatic,22.687738049050495
964,1128600.0,22.678754050330895,2.25,458.930848687702,-0.12106592953205109,-0.47025471925735474,25.470939598977566,0.26487264037132263,ppo_thermostatic,22.6941486586515
965,1129500.0,22.648419618299613,1.9750000000000227,501.2855876696735,-0.1084829568862915,-0.44863635301589966,25.577894866466522,0.27568182349205017,ppo_thermostatic,22.678754050330895
966,1130400.0,22.613314900938178,1.6999999999999886,541.2971690797735,-0.09676924347877502,-0.43089067935943604,25.677461430430412,0.284554660320282,ppo_thermostatic,22.648419618299613
967,1131300.0,22.64440795181679,1.4250000000000114,608.8143384001686,-0.06160447373986244,-0.4112958610057831,25.97636197321117,0.29435206949710846,ppo_thermostatic,22.613314900938178
968,1132200.0,22.64170645913657,1.1499999999999773,657.6894006677749,-0.049184318631887436,-0.38432708382606506,26.081933291628957,0.30783645808696747,ppo_thermostatic,22.64440795181679
969,1133100.0,22.62157913906924,0.875,698.5955561212656,-0.04237990081310272,-0.360812246799469,26.139770843088627,0.3195938766002655,ppo_thermostatic,22.64170645913657
970,1134000.0,22.597310264960186,0.6000000000000227,736.2990781177413,-0.03641555830836296,-0.34062841534614563,26.190467754378915,0.3296857923269272,ppo_thermostatic,22.62157913906924
971,1134900.0,22.580402543394996,0.4635110294117908,772.3428439253613,-0.03026619181036949,-0.3216667175292969,26.24273736961186,0.33916664123535156,ppo_thermostatic,22.597310264960186
972,1135800.0,22.579914614443794,0.5110294117646959,803.6939417005043,-0.023555569350719452,-0.30526986718177795,26.299777660518885,0.347365066409111,ppo_thermostatic,22.580402543394996
973,1136700.0,22.591513685202983,0.6030330882352928,830.7942953730202,-0.01559477299451828,-0.29266592860221863,26.367444429546595,0.3536670356988907,ppo_thermostatic,22.579914614443794
974,1137600.0,22.60084147736501,0.6000000000000227,855.6802361302659,-0.008246146142482758,-0.2817279100418091,26.429907757788897,0.35913604497909546,ppo_thermostatic,22.591513685202983
975,1138500.0,22.650397715356178,0.469852941176498,902.2276211564589,0.008645616471767426,-0.2610689103603363,26.573487740010023,0.36946554481983185,ppo_thermostatic,22.60084147736501
976,1139400.0,22.65921373464471,0.30000000000001137,934.5212456879921,0.010045066475868225,-0.2357611358165741,26.58538306504488,0.38211943209171295,ppo_thermostatic,22.650397715356178
977,1140300.0,22.64883666029101,0.13014705882352473,960.727355420624,0.007578030228614807,-0.21275314688682556,26.564413256943226,0.3936234265565872,ppo_thermostatic,22.65921373464471
978,1141200.0,22.630818309469817,0.0,983.8561829789408,0.0044452473521232605,-0.19252938032150269,26.537784602493048,0.40373530983924866,ppo_thermostatic,22.64883666029101
979,1142100.0,22.612026991436096,-0.03639705882352473,1006.2406835222189,0.0019031688570976257,-0.1740315556526184,26.51617693528533,0.4129842221736908,ppo_thermostatic,22.630818309469817
980,1143000.0,22.587209784261233,0.0,1027.1663473982696,-0.00013446062803268433,-0.15884721279144287,26.498857084661722,0.42057639360427856,ppo_thermostatic,22.612026991436096
981,1143900.0,22.557913159813836,0.03639705882352473,1047.7744663028054,-0.001100100576877594,-0.14684128761291504,26.49064914509654,0.4265793561935425,ppo_thermostatic,22.587209784261233
982,1144800.0,22.522950801347747,0.0,1067.4322735502117,-0.0023627206683158875,-0.13638392090797424,26.479916874319315,0.4318080395460129,ppo_thermostatic,22.557913159813836
983,1145700.0,22.55677186124734,-0.21035730698531552,1118.5847929110605,0.019272886216640472,-0.12789428234100342,26.663819532841444,0.4360528588294983,ppo_thermostatic,22.522950801347747
984,1146600.0,22.522497781043626,-0.55556066176473,1145.6199499657168,0.013968236744403839,-0.10511357337236404,26.618730012327433,0.447443213313818,ppo_thermostatic,22.55677186124734
985,1147500.0,22.448560436699665,-0.8979836856617567,1161.405972336018,8.106976747512817e-05,-0.08365296572446823,26.50068909302354,0.4581735171377659,ppo_thermostatic,22.522497781043626
986,1148400.0,22.363111346692165,-1.1000000000000227,1170.9903557383936,-0.0144461989402771,-0.06791477650403976,26.377207309007645,0.4660426117479801,ppo_thermostatic,22.448560436699665
987,1149300.0,22.279804735607343,-1.1698242187500227,1172.8064184953278,-0.024771858006715775,-0.06549321860074997,26.289439206942916,0.467253390699625,ppo_thermostatic,22.363111346692165
988,1150200.0,22.213404281315547,-1.2002604166666515,1171.0298339188773,-0.033306315541267395,-0.06547101587057114,26.216896317899227,0.46726449206471443,ppo_thermostatic,22.279804735607343
989,1151100.0,22.16020030655784,-1.1805664062500227,1160.6642850902715,-0.04297294095158577,-0.06701914221048355,26.13473000191152,0.4664904288947582,ppo_thermostatic,22.213404281315547
990,1152000.0,22.11492376848821,-1.1000000000000227,1140.7296317474081,-0.05434666946530342,-0.07106024771928787,26.03805330954492,0.46446987614035606,ppo_thermostatic,22.16020030655784
991,1152900.0,22.724866684148196,-0.9855468750000114,895.1165219020785,-0.0780489444732666,-0.08395766466856003,25.836583971977234,0.45802116766572,ppo_thermostatic,22.11492376848821
992,1153800.0,22.480073269471973,-0.8677083333333258,727.0432172817885,-0.16126489639282227,-0.1272067427635193,25.12924838066101,0.43639662861824036,ppo_thermostatic,22.724866684148196
993,1154700.0,22.404376998762018,-0.7410156249999886,665.2010030859647,-0.16457942128181458,-0.21248960494995117,25.101074919104576,0.3937551975250244,ppo_thermostatic,22.480073269471973
994,1155600.0,22.38399069643839,-0.6000000000000227,627.7600082587834,-0.15454870462417603,-0.2826157510280609,25.186336010694504,0.35869212448596954,ppo_thermostatic,22.404376998762018
995,1156500.0,22.330985738740367,-0.44999999999998863,579.7475690291672,-0.16223977506160736,-0.3334718644618988,25.120961911976337,0.3332640677690506,ppo_thermostatic,22.38399069643839
996,1157400.0,22.314654162584816,-0.30000000000001137,550.2237360717306,-0.15707796812057495,-0.3797743022441864,25.164837270975113,0.3101128488779068,ppo_thermostatic,22.330985738740367
997,1158300.0,22.314654388711006,-0.14999999999997726,527.284787180624,-0.15140053629875183,-0.4148795008659363,25.21309544146061,0.29256024956703186,ppo_thermostatic,22.314654162584816
998,1159200.0,22.3214071708108,0.0,507.2830982514491,-0.1481051743030548,-0.44078606367111206,25.241106018424034,0.27960696816444397,ppo_thermostatic,22.314654388711006
999,1160100.0,22.286106016451868,0.14999999999997726,470.5923835827582,-0.16335681080818176,-0.46374940872192383,25.111467108130455,0.2681252956390381,ppo_thermostatic,22.3214071708108
1000,1161000.0,22.28549613310571,0.30000000000001137,446.72599650300396,-0.16519585251808167,-0.48796164989471436,25.095835253596306,0.2560191750526428,ppo_thermostatic,22.286106016451868
1001,1161900.0,22.312642500591778,0.44999999999998863,426.30789737288933,-0.16612422466278076,-0.5050638318061829,25.087944090366364,0.24746808409690857,ppo_thermostatic,22.28549613310571
1002,1162800.0,22.372787142820982,0.6000000000000227,402.18806887408874,-0.17109385132789612,-0.5152114629745483,25.045702263712883,0.24239426851272583,ppo_thermostatic,22.312642500591778
1003,1163700.0,22.428986001983105,0.73828125,352.37625980555583,-0.20106881856918335,-0.5196905136108398,24.79091504216194,0.24015474319458008,ppo_thermostatic,22.372787142820982
1004,1164600.0,22.495052991176465,0.8604166666666515,307.6143873193581,-0.22524744272232056,-0.5265787839889526,24.585396736860275,0.23671060800552368,ppo_thermostatic,22.428986001983105
1005,1165500.0,22.583381595271362,0.9773437499999886,263.27680119344706,-0.24863998591899872,-0.5308063626289368,24.38656011968851,0.23459681868553162,ppo_thermostatic,22.495052991176465
1006,1166400.0,22.717078985624482,1.1000000000000227,210.66114817698644,-0.2758682668209076,-0.5302969217300415,24.155119732022285,0.23485153913497925,ppo_thermostatic,22.583381595271362
1007,1167300.0,22.84365311213861,1.2372622282608745,129.4767916643395,-0.33195072412490845,-0.5073577165603638,23.678418844938278,0.24632114171981812,ppo_thermostatic,22.717078985624482
1008,1168200.0,23.011094287470826,1.386865942028976,43.17300054159188,-0.37989622354507446,-0.49587035179138184,23.270882099866867,0.2520648241043091,ppo_thermostatic,22.84365311213861
1009,1169100.0,23.129330727666,1.543036684782635,18.067507311695117,-0.43335312604904175,-0.48094815015792847,22.816498428583145,0.25952592492103577,ppo_thermostatic,23.011094287470826
1010,1170000.0,23.13040835393656,1.6999999999999886,39.86970103594642,-0.48337191343307495,-0.46564894914627075,22.391338735818863,0.2671755254268646,ppo_thermostatic,23.129330727666
1011,1170900.0,22.967695528482693,1.9399711277173992,61.900622139566615,-0.5481370091438293,-0.4425976872444153,21.84083542227745,0.27870115637779236,ppo_thermostatic,23.13040835393656
1012,1171800.0,22.94600833518723,2.2761548913043725,53.32078900493552,-0.5385908484458923,-0.47128963470458984,21.921977788209915,0.2643551826477051,ppo_thermostatic,22.967695528482693
1013,1172700.0,22.95896943170999,2.5992612092391028,46.64172392343719,-0.5267517566680908,-0.4942115545272827,22.022610068321228,0.25289422273635864,ppo_thermostatic,22.94600833518723
1014,1173600.0,22.969666208407034,2.8000000000000114,43.628196481929194,-0.5217998623847961,-0.5096654295921326,22.064701169729233,0.24516728520393372,ppo_thermostatic,22.95896943170999
1015,1174500.0,23.078790274796972,2.7033203125000114,27.84135776024562,-0.4722595810890198,-0.5330528020858765,22.485793560743332,0.23347359895706177,ppo_thermostatic,22.969666208407034
1016,1175400.0,23.027351364299477,2.347395833333337,28.0602354439644,-0.47706758975982666,-0.5231862664222717,22.444925487041473,0.23840686678886414,ppo_thermostatic,23.078790274796972
1017,1176300.0,22.96987364313361,1.9427734375000227,22.62345537401209,-0.470103919506073,-0.5282331705093384,22.50411668419838,0.2358834147453308,ppo_thermostatic,23.027351364299477
1018,1177200.0,22.919794645723755,1.6999999999999886,15.36846583191278,-0.45757150650024414,-0.5380368828773499,22.610642194747925,0.23098155856132507,ppo_thermostatic,22.96987364313361
1019,1178100.0,22.904333285145583,1.6957031250000227,6.586517853436117,-0.43538743257522583,-0.5404646396636963,22.79920682311058,0.22976768016815186,ppo_thermostatic,22.919794645723755
1020,1179000.0,22.88269713842965,1.7802083333333485,6.951855022557053,-0.42142945528030396,-0.5468176603317261,22.917849630117416,0.22659116983413696,ppo_thermostatic,22.904333285145583
1021,1179900.0,22.847432884465263,1.8246093750000227,25.688778139194287,-0.40918660163879395,-0.5580500364303589,23.02191388607025,0.22097498178482056,ppo_thermostatic,22.88269713842965
1022,1180800.0,22.78043729873127,1.6999999999999886,48.341973905657326,-0.3961542248725891,-0.5712361335754395,23.132689088582993,0.21438193321228027,ppo_thermostatic,22.847432884465263
1023,1181700.0,22.794985583258267,1.4421874999999886,113.84898206470712,-0.330727756023407,-0.5926746129989624,23.68881407380104,0.2036626935005188,ppo_thermostatic,22.78043729873127
1024,1182600.0,22.729183367052997,1.1729166666666515,145.51725411948172,-0.31149527430534363,-0.5846942067146301,23.85229016840458,0.20765289664268494,ppo_thermostatic,22.794985583258267
1025,1183500.0,22.648545320880373,0.8921874999999773,178.4236184457533,-0.2905282974243164,-0.5853065252304077,24.03050947189331,0.20734673738479614,ppo_thermostatic,22.729183367052997
1026,1184400.0,22.572941554056456,0.6000000000000227,212.42905662787774,-0.2660645544528961,-0.5896554589271545,24.238451287150383,0.20517227053642273,ppo_thermostatic,22.648545320880373
1027,1185300.0,22.61349482159477,0.30078125,289.33168786415985,-0.1886080801486969,-0.5915241241455078,24.896831318736076,0.2042379379272461,ppo_thermostatic,22.572941554056456
1028,1186200.0,22.59787885687109,0.0,332.35649995824133,-0.1671006977558136,-0.5683473348617554,25.079644069075584,0.21582633256912231,ppo_thermostatic,22.61349482159477
1029,1187100.0,22.558193769329193,-0.30078125,362.66124697143283,-0.1550731062889099,-0.5544789433479309,25.181878596544266,0.22276052832603455,ppo_thermostatic,22.59787885687109
1030,1188000.0,22.512165579300643,-0.6000000000000227,388.79850373853407,-0.14216890931129456,-0.5490460991859436,25.291564270853996,0.2254769504070282,ppo_thermostatic,22.558193769329193
1031,1188900.0,21.717322022689473,-0.8792968750000227,575.9702825283455,-0.08188092708587646,-0.5450867414474487,25.80401211977005,0.22745662927627563,ppo_thermostatic,22.512165579300643
1032,1189800.0,21.843188911262587,-1.1385416666666401,744.9704385850632,0.09439726173877716,-0.5589259266853333,27.302376724779606,0.22053703665733337,ppo_thermostatic,21.717322022689473
1033,1190700.0,22.022367114689473,-1.4035156250000114,887.4164585530606,0.12361493706703186,-0.48149919509887695,27.55072696506977,0.2592504024505615,ppo_thermostatic,21.843188911262587
1034,1191600.0,22.057826760972716,-1.6999999999999886,960.2362106639097,0.08525936305522919,-0.40047380328178406,27.224704585969448,0.29976309835910797,ppo_thermostatic,22.022367114689473
1035,1192500.0,22.165429651574755,-2.1323029891304373,1068.1856084383705,0.12417148053646088,-0.3608708679676056,27.555457584559917,0.3195645660161972,ppo_thermostatic,22.057826760972716
1036,1193400.0,22.169785735474875,-2.7153079710145107,1134.3274684010742,0.10442879796028137,-0.2997078001499176,27.38764478266239,0.3501460999250412,ppo_thermostatic,22.165429651574755
1037,1194300.0,22.106389866789982,-3.3406589673912777,1177.5202738030764,0.08047753572463989,-0.25370657444000244,27.18405905365944,0.3731467127799988,ppo_thermostatic,22.169785735474875
1038,1195200.0,22.03893041591101,-3.8999999999999773,1220.0569881472377,0.06773963570594788,-0.22098273038864136,27.075786903500557,0.3895086348056793,ppo_thermostatic,22.106389866789982
1039,1196100.0,22.142219752245865,-4.389809782608722,1332.0066962483986,0.11384508013725281,-0.19556012749671936,27.46768318116665,0.4022199362516403,ppo_thermostatic,22.03893041591101
1040,1197000.0,22.1505431171488,-4.857608695652175,1392.2625991877476,0.09986640512943268,-0.13976255059242249,27.348864443600178,0.43011872470378876,ppo_thermostatic,22.142219752245865
1041,1197900.0,22.116398195764475,-5.27160326086954,1431.4656019123752,0.08387774229049683,-0.09885034710168839,27.212960809469223,0.4505748264491558,ppo_thermostatic,22.1505431171488
1042,1198800.0,22.08220413700485,-5.600000000000023,1467.8075652923792,0.07501298189163208,-0.06912939995527267,27.137610346078873,0.46543530002236366,ppo_thermostatic,22.116398195764475
1043,1199700.0,22.104208299229867,-5.832812499999989,1525.143506914481,0.08703270554542542,-0.04809609800577164,27.239777997136116,0.4759519509971142,ppo_thermostatic,22.08220413700485
1044,1200600.0,22.093790866198958,-5.987500000000011,1562.839270496101,0.08060161769390106,-0.016909122467041016,27.18511375039816,0.4915454387664795,ppo_thermostatic,22.104208299229867
1045,1201500.0,22.080335376956555,-6.073437500000011,1595.2028909943497,0.07580214738845825,0.008190862834453583,27.144318252801895,0.5040954314172268,ppo_thermostatic,22.093790866198958
1046,1202400.0,22.070744543465253,-6.100000000000023,1625.1582011104522,0.0729425847530365,0.029535293579101562,27.12001197040081,0.5147676467895508,ppo_thermostatic,22.080335376956555
1047,1203300.0,22.064925592723796,-6.100000000000023,1653.0866547087312,0.07310314476490021,0.04535724222660065,27.12137673050165,0.5226786211133003,ppo_thermostatic,22.070744543465253
1048,1204200.0,22.060471644981988,-6.100000000000023,1679.0684166965407,0.07196585834026337,0.06240222230553627,27.11170979589224,0.5312011111527681,ppo_thermostatic,22.064925592723796
1049,1205100.0,22.05852101034725,-6.100000000000023,1702.8855226907924,0.0706413984298706,0.07895777374505997,27.1004518866539,0.53947888687253,ppo_thermostatic,22.060471644981988
1050,1206000.0,22.054627154277796,-6.100000000000023,1725.7119742162574,0.06918379664421082,0.09476672857999802,27.088062271475792,0.547383364289999,ppo_thermostatic,22.05852101034725
1051,1206900.0,22.05151595444056,-6.100000000000023,1749.1443020532533,0.06646542251110077,0.11339495331048965,27.064956091344357,0.5566974766552448,ppo_thermostatic,22.054627154277796
1052,1207800.0,22.048194463074196,-6.100000000000023,1772.1182838741734,0.06547388434410095,0.12865415215492249,27.056528016924858,0.5643270760774612,ppo_thermostatic,22.05151595444056
1053,1208700.0,22.045120071483666,-6.100000000000023,1794.9748859084004,0.06512723863124847,0.14271312952041626,27.053581528365612,0.5713565647602081,ppo_thermostatic,22.048194463074196
1054,1209600.0,22.04262428121541,-6.100000000000023,1817.8841274862875,0.06517153978347778,0.1561829149723053,27.05395808815956,0.5780914574861526,ppo_thermostatic,22.045120071483666
1055,1210500.0,22.0490608178535,-6.100000000000023,1845.0702126530282,0.06299537420272827,0.17841261625289917,27.03546068072319,0.5892063081264496,ppo_thermostatic,22.04262428121541
1056,1211400.0,22.051193299772535,-6.100000000000023,1868.913272896806,0.06233665347099304,0.19483742117881775,27.02986155450344,0.5974187105894089,ppo_thermostatic,22.0490608178535
1057,1212300.0,22.054382336062417,-6.100000000000023,1891.7839108763594,0.06270690262317657,0.20892706513404846,27.033008672297,0.6044635325670242,ppo_thermostatic,22.051193299772535
1058,1213200.0,22.05894680847007,-6.100000000000023,1914.0576776908529,0.06342014670372009,0.22227886319160461,27.03907124698162,0.6111394315958023,ppo_thermostatic,22.054382336062417
1059,1214100.0,22.069689525515457,-6.100000000000023,1939.717851488262,0.06457686424255371,0.23824283480644226,27.048903346061707,0.6191214174032211,ppo_thermostatic,22.05894680847007
1060,1215000.0,22.076677075338466,-6.100000000000023,1963.7775682955576,0.06537492573261261,0.2530416250228882,27.055686868727207,0.6265208125114441,ppo_thermostatic,22.069689525515457
1061,1215900.0,22.086052010503295,-6.100000000000023,1987.8915752582802,0.06680689752101898,0.267137736082077,27.06785862892866,0.6335688680410385,ppo_thermostatic,22.076677075338466
1062,1216800.0,22.097637973273493,-6.100000000000023,2011.7546492074437,0.06837287545204163,0.28130361437797546,27.081169441342354,0.6406518071889877,ppo_thermostatic,22.086052010503295
1063,1217700.0,22.182196054382814,-6.167187500000011,2071.422151906954,0.07875780761241913,0.3167044222354889,27.169441364705563,0.6583522111177444,ppo_thermostatic,22.097637973273493
1064,1218600.0,22.201140591799174,-6.3291666666666515,2102.1402325838835,0.07501968741416931,0.34808728098869324,27.13766734302044,0.6740436404943466,ppo_thermostatic,22.182196054382814
1065,1219500.0,22.21102619478586,-6.526562500000011,2131.302443265208,0.07333317399024963,0.3721317648887634,27.123331978917122,0.6860658824443817,ppo_thermostatic,22.201140591799174
1066,1220400.0,22.21732274570303,-6.699999999999989,2159.173801088135,0.07200399041175842,0.3938002288341522,27.112033918499947,0.6969001144170761,ppo_thermostatic,22.21102619478586
1067,1221300.0,22.2930461100662,-6.778124999999989,2218.77575760927,0.08616755902767181,0.41834521293640137,27.23242425173521,0.7091726064682007,ppo_thermostatic,22.21732274570303
1068,1222200.0,22.304730222780677,-6.808333333333337,2251.4447054593365,0.08419947326183319,0.445770263671875,27.215695522725582,0.7228851318359375,ppo_thermostatic,22.2930461100662
1069,1223100.0,22.309517895980605,-6.909375000000011,2286.633401662866,0.08527354896068573,0.46593374013900757,27.22482516616583,0.7329668700695038,ppo_thermostatic,22.304730222780677
1070,1224000.0,22.30338568594601,-7.199999999999989,2322.023210286365,0.0858273059129715,0.48434367775917053,27.229532100260258,0.7421718388795853,ppo_thermostatic,22.309517895980605
1071,1224900.0,22.452735654319383,-7.625,2432.6879972376933,0.12628956139087677,0.49699345231056213,27.573461271822453,0.7484967261552811,ppo_thermostatic,22.30338568594601
1072,1225800.0,22.43974664255245,-8.050000000000011,2465.10149607195,0.1171911209821701,0.53340744972229,27.496124528348446,0.766703724861145,ppo_thermostatic,22.452735654319383
1073,1226700.0,22.41349086875789,-8.475000000000023,2494.062095412214,0.110836923122406,0.5581428408622742,27.44211384654045,0.7790714204311371,ppo_thermostatic,22.43974664255245
1074,1227600.0,22.375858284595324,-8.899999999999977,2518.849423124294,0.10474221408367157,0.5767403244972229,27.39030881971121,0.7883701622486115,ppo_thermostatic,22.41349086875789
1075,1228500.0,22.521357320704396,-9.324999999999989,2631.7123134388967,0.1389647126197815,0.6009345054626465,27.681200057268143,0.8004672527313232,ppo_thermostatic,22.375858284595324
1076,1229400.0,22.48694960816124,-9.75,2652.1433998360762,0.1262238770723343,0.6337487697601318,27.57290295511484,0.8168743848800659,ppo_thermostatic,22.521357320704396
1077,1230300.0,22.44077914866017,-10.175000000000011,2666.7419405826026,0.11784176528453827,0.6495037078857422,27.501655004918575,0.8247518539428711,ppo_thermostatic,22.48694960816124
1078,1231200.0,22.380495804702036,-10.600000000000023,2676.3346589156195,0.10962556302547455,0.6578865647315979,27.431817285716534,0.828943282365799,ppo_thermostatic,22.44077914866017
1079,1232100.0,22.28417135888742,-10.815047089041116,2664.9124505800282,0.10270482301712036,0.6403972506523132,27.372990995645523,0.8201986253261566,ppo_thermostatic,22.380495804702036
1080,1233000.0,22.22831998097064,-10.748458904109611,2666.053980451737,0.10025651752948761,0.6309849619865417,27.352180399000645,0.8154924809932709,ppo_thermostatic,22.28417135888742
1081,1233900.0,22.188393570696576,-10.607641267123313,2665.165284734773,0.09915401041507721,0.6217891573905945,27.342809088528156,0.8108945786952972,ppo_thermostatic,22.22831998097064
1082,1234800.0,22.159757576920924,-10.600000000000023,2654.986316097546,0.09765391051769257,0.6115323305130005,27.330058239400387,0.8057661652565002,ppo_thermostatic,22.188393570696576
1083,1235700.0,22.32023580913483,-11.163758189398436,2706.2875773515248,0.14228801429271698,0.5801506042480469,27.709448121488094,0.7900753021240234,ppo_thermostatic,22.159757576920924
1084,1236600.0,22.31598711947089,-12.158606313281723,2633.284413380658,0.12061846256256104,0.5883960723876953,27.52525693178177,0.7941980361938477,ppo_thermostatic,22.32023580913483
1085,1237500.0,22.26796539150166,-12.924151280524143,2528.6726890641485,0.08913324773311615,0.590058445930481,27.257632605731487,0.7950292229652405,ppo_thermostatic,22.31598711947089
1086,1238400.0,22.317077417700887,-12.800000000000011,2373.728137264155,0.061794161796569824,0.5794526934623718,27.025250375270844,0.7897263467311859,ppo_thermostatic,22.26796539150166
1087,1239300.0,22.55751744742321,-11.98059329710145,1768.385409869469,-0.04541497305035591,0.5431810617446899,26.113972729071975,0.771590530872345,ppo_thermostatic,22.317077417700887
1088,1240200.0,22.49776261312843,-11.120712560386494,1460.0579203781342,-0.09679529815912247,0.427778035402298,25.67723996564746,0.713889017701149,ppo_thermostatic,22.55751744742321
1089,1241100.0,22.639108203034823,-10.250475543478274,1288.615397311633,-0.09273959696292877,0.31103819608688354,25.711713425815105,0.6555190980434418,ppo_thermostatic,22.49776261312843
1090,1242000.0,22.782191016328454,-9.399999999999977,1129.8960902070796,-0.09613091498613358,0.22130805253982544,25.682887222617865,0.6106540262699127,ppo_thermostatic,22.639108203034823
1091,1242900.0,22.525830440509424,-8.566105769230774,871.319833547039,-0.18908458948135376,0.15060779452323914,24.892780989408493,0.5753038972616196,ppo_thermostatic,22.782191016328454
1092,1243800.0,22.72007021915954,-7.731837606837587,760.7973774851097,-0.17339041829109192,0.037575092166662216,25.02618144452572,0.5187875460833311,ppo_thermostatic,22.525830440509424
1093,1244700.0,22.91226770866183,-6.906650641025635,620.0451306758353,-0.1847991645336151,-0.032981596887111664,24.92920710146427,0.48350920155644417,ppo_thermostatic,22.72007021915954
1094,1245600.0,23.12254967684305,-6.100000000000023,477.95634579778414,-0.20344841480255127,-0.09018721431493759,24.770688474178314,0.4549063928425312,ppo_thermostatic,22.91226770866183
1095,1246500.0,23.211448263797706,-5.424450549450569,261.9438189344014,-0.2791934311389923,-0.12233521789312363,24.126855835318565,0.4388323910534382,ppo_thermostatic,23.12254967684305
1096,1247400.0,23.441262019846363,-4.951098901098874,118.98001138440091,-0.3101169168949127,-0.17779770493507385,23.864006206393242,0.4111011475324631,ppo_thermostatic,23.211448263797706
1097,1248300.0,23.648759591607416,-4.627197802197827,21.656876351874168,-0.35299789905548096,-0.20863699913024902,23.499517858028412,0.3956815004348755,ppo_thermostatic,23.441262019846363
1098,1249200.0,23.84078630858295,-4.399999999999977,64.58746619420026,-0.40176457166671753,-0.22159674763679504,23.0850011408329,0.3892016261816025,ppo_thermostatic,23.648759591607416
1099,1250100.0,23.94211725161972,-4.211383928571422,121.14443345688349,-0.4770287871360779,-0.20344221591949463,22.445255309343338,0.3982788920402527,ppo_thermostatic,23.84078630858295
1100,1251000.0,24.069880962890068,-4.0517857142857,168.85758702025893,-0.5317692160606384,-0.18624582886695862,21.979961663484573,0.4068770855665207,ppo_thermostatic,23.94211725161972
1101,1251900.0,24.1693191525344,-3.9412946428571445,216.7917845256999,-0.5829330086708069,-0.159283846616745,21.54506942629814,0.4203580766916275,ppo_thermostatic,24.069880962890068
1102,1252800.0,24.250736074670783,-3.8999999999999773,262.78669171016645,-0.6274009943008423,-0.12834572792053223,21.16709154844284,0.4358271360397339,ppo_thermostatic,24.1693191525344
1103,1253700.0,24.328515523255305,-3.8999999999999773,304.6265627375225,-0.6612945199012756,-0.09494905918836594,20.878996580839157,0.45252547040581703,ppo_thermostatic,24.250736074670783
1104,1254600.0,24.374948716911774,-3.8999999999999773,347.2347353517852,-0.6952880620956421,-0.05903507024049759,20.590051472187042,0.4704824648797512,ppo_thermostatic,24.328515523255305
1105,1255500.0,24.426916983048272,-3.8999999999999773,385.8483888191785,-0.7227131724357605,-0.027315549552440643,20.356938034296036,0.4863422252237797,ppo_thermostatic,24.374948716911774
1106,1256400.0,24.447813513270603,-3.8999999999999773,423.01001545650047,-0.7495500445365906,0.004612691700458527,20.12882462143898,0.5023063458502293,ppo_thermostatic,24.426916983048272
1107,1257300.0,24.51301270769659,-3.8999999999999773,447.18734112732744,-0.7607645392417908,0.023888491094112396,20.03350141644478,0.5119442455470562,ppo_thermostatic,24.447813513270603
1108,1258200.0,24.50467566592158,-3.8999999999999773,479.40878063465266,-0.7842578291893005,0.05200926959514618,19.833808451890945,0.5260046347975731,ppo_thermostatic,24.51301270769659
1109,1259100.0,24.554330537647047,-3.8999999999999773,499.0971666443319,-0.7940868139266968,0.06503498554229736,19.750262081623077,0.5325174927711487,ppo_thermostatic,24.50467566592158
1110,1260000.0,24.53615536257695,-3.8999999999999773,524.6035585691099,-0.8139086365699768,0.0851176530122757,19.581776589155197,0.5425588265061378,ppo_thermostatic,24.554330537647047
1111,1260900.0,24.840111492619485,-4.020312499999989,492.41408877865024,-0.759290337562561,0.0539720356464386,20.04603213071823,0.5269860178232193,ppo_thermostatic,24.53615536257695
1112,1261800.0,24.554778722363153,-4.3125,546.2046302571648,-0.8180668950080872,0.11499594151973724,19.54643139243126,0.5574979707598686,ppo_thermostatic,24.840111492619485
1113,1262700.0,24.794207198733602,-4.673437499999977,502.7201947679796,-0.7685811519622803,0.06760450452566147,19.967060208320618,0.5338022522628307,ppo_thermostatic,24.554778722363153
1114,1263600.0,24.536712716388763,-5.0,537.6382876470263,-0.8156720995903015,0.10644841194152832,19.566787153482437,0.5532242059707642,ppo_thermostatic,24.794207198733602
1115,1264500.0,24.954576883078403,-5.274999999999977,454.4605325401462,-0.7154804468154907,0.027757428586483,20.41841620206833,0.5138787142932415,ppo_thermostatic,24.536712716388763
1116,1265400.0,24.54813104044132,-5.550000000000011,503.0434917619181,-0.7850518226623535,0.08866387605667114,19.827059507369995,0.5443319380283356,ppo_thermostatic,24.954576883078403
1117,1266300.0,24.815356115370832,-5.824999999999989,425.86074080501106,-0.706966757774353,0.009539298713207245,20.490782558918,0.5047696493566036,ppo_thermostatic,24.54813104044132
1118,1267200.0,24.48752200185362,-6.100000000000023,436.7637767887256,-0.7464816570281982,0.03121568262577057,20.154905915260315,0.5156078413128853,ppo_thermostatic,24.815356115370832
1119,1268100.0,24.785454593704685,-6.375,332.35180091595066,-0.628574013710022,-0.06234530359506607,21.157120883464813,0.46882734820246696,ppo_thermostatic,24.48752200185362
1120,1269000.0,24.439588617096945,-6.649999999999977,329.1845436846358,-0.6558667421340942,-0.044823937118053436,20.9251326918602,0.4775880314409733,ppo_thermostatic,24.785454593704685
1121,1269900.0,24.511837747886318,-6.925000000000011,256.29201925208207,-0.580108106136322,-0.11330317705869675,21.569081097841263,0.4433484114706516,ppo_thermostatic,24.439588617096945
1122,1270800.0,24.318823646297744,-7.199999999999989,228.22067794677298,-0.5690662264823914,-0.12868887186050415,21.662937074899673,0.4356555640697479,ppo_thermostatic,24.511837747886318
1123,1271700.0,24.436591447689068,-7.475000000000023,157.04587995613176,-0.46717149019241333,-0.17757520079612732,22.529042333364487,0.41121239960193634,ppo_thermostatic,24.318823646297744
1124,1272600.0,24.26848550988626,-7.75,136.5535990817518,-0.45399582386016846,-0.17345446348190308,22.641035497188568,0.41327276825904846,ppo_thermostatic,24.436591447689068
1125,1273500.0,24.236314603060805,-8.024999999999977,101.24153340085651,-0.40918880701065063,-0.19763463735580444,23.02189514040947,0.4011826813220978,ppo_thermostatic,24.26848550988626
1126,1274400.0,24.156604882958902,-8.300000000000011,78.52595380168991,-0.38477569818496704,-0.20876136422157288,23.22940656542778,0.39561931788921356,ppo_thermostatic,24.236314603060805
1127,1275300.0,23.516555311541595,-8.574999999999989,73.3184451396184,-0.31901445984840393,-0.24127036333084106,23.788377091288567,0.37936481833457947,ppo_thermostatic,24.156604882958902
1128,1276200.0,23.700923532532443,-8.850000000000023,312.27755060616425,-0.16698619723320007,-0.2845735251903534,25.0806173235178,0.3577132374048233,ppo_thermostatic,23.516555311541595
1129,1277100.0,23.53738485219185,-9.125,366.5323308612866,-0.17533420026302338,-0.2153415083885193,25.0096592977643,0.39232924580574036,ppo_thermostatic,23.700923532532443
1130,1278000.0,23.43724839868645,-9.399999999999977,450.1238258009808,-0.1547105610370636,-0.18581724166870117,25.18496023118496,0.4070913791656494,ppo_thermostatic,23.53738485219185
1131,1278900.0,23.592259111372528,-10.007031250000011,646.6301165401962,-0.046004850417375565,-0.18115437030792236,26.108958771452308,0.4094228148460388,ppo_thermostatic,23.43724839868645
1132,1279800.0,23.46628743743952,-10.977083333333326,723.8484130902832,-0.05380568653345108,-0.10708528012037277,26.042651664465666,0.4464573599398136,ppo_thermostatic,23.592259111372528
1133,1280700.0,23.347448399108032,-11.858593750000011,814.9948926750154,-0.04658602178096771,-0.06090148538351059,26.104018814861774,0.4695492573082447,ppo_thermostatic,23.46628743743952
1134,1281600.0,23.25654533439598,-12.199999999999989,902.8306190171127,-0.03732507675886154,-0.020402975380420685,26.182736847549677,0.48979851230978966,ppo_thermostatic,23.347448399108032
1135,1282500.0,23.160227818045087,-12.104747596153857,959.0720984830213,-0.039016153663396835,0.011535033583641052,26.168362693861127,0.5057675167918205,ppo_thermostatic,23.25654533439598
1136,1283400.0,23.124532254883775,-11.983493589743603,1030.0334103106452,-0.02394638955593109,0.03074602037668228,26.296455688774586,0.5153730101883411,ppo_thermostatic,23.160227818045087
1137,1284300.0,23.089228435775794,-11.845492788461513,1092.4490616499888,-0.014683403074741364,0.05507294833660126,26.3751910738647,0.5275364741683006,ppo_thermostatic,23.124532254883775
1138,1285200.0,23.059975388351006,-11.699999999999989,1152.0892628229285,-0.006110168993473053,0.07885406911373138,26.44806356355548,0.5394270345568657,ppo_thermostatic,23.089228435775794
1139,1286100.0,22.967471443082445,-11.547475961538453,1178.1584291399902,-0.01668819785118103,0.10140819847583771,26.35815031826496,0.5507040992379189,ppo_thermostatic,23.059975388351006
1140,1287000.0,22.948953920956512,-11.389423076923094,1233.0200811253264,-0.004472099244594574,0.11299727112054825,26.461987156420946,0.5564986355602741,ppo_thermostatic,22.967471443082445
1141,1287900.0,22.92919163073202,-11.236658653846177,1281.3304298308774,0.0016234442591667175,0.1331247091293335,26.513799276202917,0.5665623545646667,ppo_thermostatic,22.948953920956512
1142,1288800.0,22.910640064276436,-11.100000000000023,1329.2807178540318,0.0073109641671180725,0.15354084968566895,26.562143195420504,0.5767704248428345,ppo_thermostatic,22.92919163073202
1143,1289700.0,22.8772410526787,-11.0497767857143,1374.1642280871736,0.009159818291664124,0.17594900727272034,26.577858455479145,0.5879745036363602,ppo_thermostatic,22.910640064276436
1144,1290600.0,22.84888441668079,-11.09107142857141,1426.3957644169886,0.014795735478401184,0.19563287496566772,26.62576375156641,0.5978164374828339,ppo_thermostatic,22.8772410526787
1145,1291500.0,22.81870207934611,-11.136830357142856,1478.8077686950514,0.019280284643173218,0.2170170247554779,26.663882419466972,0.608508512377739,ppo_thermostatic,22.84888441668079
1146,1292400.0,22.79387923935252,-11.100000000000023,1530.3433121565995,0.023894622921943665,0.23823034763336182,26.70310429483652,0.6191151738166809,ppo_thermostatic,22.81870207934611
1147,1293300.0,22.728785034964858,-10.98717532467532,1556.26560690778,0.018832191824913025,0.2516264021396637,26.66007363051176,0.6258132010698318,ppo_thermostatic,22.79387923935252
1148,1294200.0,22.71246797741651,-10.864610389610391,1602.993726624505,0.027328088879585266,0.2610839009284973,26.732288755476475,0.6305419504642487,ppo_thermostatic,22.728785034964858
1149,1295100.0,22.69668971515739,-10.73474025974025,1646.5968937299435,0.03264429420232773,0.275770366191864,26.777476500719786,0.637885183095932,ppo_thermostatic,22.71246797741651
1150,1296000.0,22.685781352264257,-10.600000000000023,1689.4060869701984,0.037969961762428284,0.29082944989204407,26.82274467498064,0.645414724946022,ppo_thermostatic,22.69668971515739
1151,1296900.0,22.62271272936431,-10.455326704545428,1705.5218874605393,0.02535213530063629,0.3154190182685852,26.71549315005541,0.6577095091342926,ppo_thermostatic,22.685781352264257
1152,1297800.0,22.620734079598094,-10.300568181818164,1746.9492179452207,0.03320253640413284,0.3251993954181671,26.78222155943513,0.6625996977090836,ppo_thermostatic,22.62271272936431
1153,1298700.0,22.616567671024598,-10.145525568181824,1783.2317027647846,0.037704527378082275,0.33867791295051575,26.8204884827137,0.6693389564752579,ppo_thermostatic,22.620734079598094
1154,1299600.0,22.616447336774854,-10.0,1819.123261551155,0.04248268902301788,0.3521062433719635,26.861102856695652,0.6760531216859818,ppo_thermostatic,22.616567671024598
1155,1300500.0,22.617061811337976,-9.89453125,1855.054562242098,0.04641449451446533,0.3676210641860962,26.894523203372955,0.6838105320930481,ppo_thermostatic,22.616447336774854
1156,1301400.0,22.615632756196078,-9.856249999999989,1891.3982172811534,0.0503830760717392,0.38248324394226074,26.928256146609783,0.6912416219711304,ppo_thermostatic,22.617061811337976
1157,1302300.0,22.61145241432223,-9.889843750000011,1928.5647990235166,0.053845569491386414,0.3981180787086487,26.957687340676785,0.6990590393543243,ppo_thermostatic,22.615632756196078
1158,1303200.0,22.60479895205623,-10.0,1966.851668211267,0.05670984089374542,0.4150354564189911,26.982033647596836,0.7075177282094955,ppo_thermostatic,22.61145241432223
1159,1304100.0,22.694312625569353,-10.2138950892857,2047.3854719419155,0.09074655175209045,0.41084763407707214,27.27134568989277,0.7054238170385361,ppo_thermostatic,22.60479895205623
1160,1305000.0,22.680349894179756,-10.512053571428567,2080.9733499643867,0.08760997653007507,0.4363141655921936,27.244684800505638,0.7181570827960968,ppo_thermostatic,22.694312625569353
1161,1305900.0,22.672907919060208,-10.829185267857156,2117.805266373428,0.08711381256580353,0.45929720997810364,27.24046740680933,0.7296486049890518,ppo_thermostatic,22.680349894179756
1162,1306800.0,22.66437080264575,-11.100000000000023,2151.913777061806,0.0856800526380539,0.48245489597320557,27.228280447423458,0.7412274479866028,ppo_thermostatic,22.672907919060208
1163,1307700.0,22.72007071301357,-11.332533482142878,2209.2378063414953,0.10192707180976868,0.4950193762779236,27.366380110383034,0.7475096881389618,ppo_thermostatic,22.66437080264575
1164,1308600.0,22.708290245197986,-11.54419642857141,2241.303989031085,0.0988597720861435,0.519605815410614,27.34030806273222,0.759802907705307,ppo_thermostatic,22.72007071301357
1165,1309500.0,22.70149180238633,-11.683761160714312,2275.9471399071244,0.09864705801010132,0.5400866270065308,27.33849999308586,0.7700433135032654,ppo_thermostatic,22.708290245197986
1166,1310400.0,22.696848418909724,-11.699999999999989,2307.9386468417506,0.09894590079784393,0.5581361055374146,27.341040156781673,0.7790680527687073,ppo_thermostatic,22.70149180238633
1167,1311300.0,22.58298536199169,-11.527207880434787,2288.9374545273763,0.07284057140350342,0.5792182087898254,27.11914485692978,0.7896091043949127,ppo_thermostatic,22.696848418909724
1168,1312200.0,22.591378698225526,-11.210054347826087,2317.3782744508753,0.08063413202762604,0.5794313549995422,27.18539012223482,0.7897156774997711,ppo_thermostatic,22.58298536199169
1169,1313100.0,22.599070297989613,-10.862873641304361,2339.4362473426663,0.08571115136146545,0.5824740529060364,27.228544786572456,0.7912370264530182,ppo_thermostatic,22.591378698225526
1170,1314000.0,22.607991319722487,-10.600000000000023,2359.4983529668566,0.09075862169265747,0.5846768617630005,27.27144828438759,0.7923384308815002,ppo_thermostatic,22.599070297989613
1171,1314900.0,22.5256398095014,-10.427396245059299,2335.890457279889,0.08300897479057312,0.5649085640907288,27.20557628571987,0.7824542820453644,ppo_thermostatic,22.607991319722487
1172,1315800.0,22.508902331138643,-10.272332015810264,2343.8984267830174,0.088107630610466,0.5519595146179199,27.24891486018896,0.77597975730896,ppo_thermostatic,22.5256398095014
1173,1316700.0,22.490586270414497,-10.131101778656102,2350.108542867824,0.08944733440876007,0.5470322370529175,27.26030234247446,0.7735161185264587,ppo_thermostatic,22.508902331138643
1174,1317600.0,22.468097206407208,-10.0,2355.56561511986,0.08943544328212738,0.5438153147697449,27.260201267898083,0.7719076573848724,ppo_thermostatic,22.490586270414497
1175,1318500.0,22.40690837512085,-10.059659090909065,2349.268899681915,0.09338095784187317,0.5127962231636047,27.293738141655922,0.7563981115818024,ppo_thermostatic,22.468097206407208
1176,1319400.0,22.336040271099705,-10.28636363636366,2360.418850247734,0.09288816154003143,0.500874400138855,27.289549373090267,0.7504372000694275,ppo_thermostatic,22.40690837512085
1177,1320300.0,22.26362782483932,-10.36988636363634,2373.594122160816,0.08906671404838562,0.4977300763130188,27.257067069411278,0.7488650381565094,ppo_thermostatic,22.336040271099705
1178,1321200.0,22.216090807039905,-10.0,2379.12123543602,0.08638757467269897,0.49423855543136597,27.23429438471794,0.747119277715683,ppo_thermostatic,22.26362782483932
1179,1322100.0,21.954084490908087,-9.300000000000011,2256.5613340663444,0.028953686356544495,0.48274824023246765,26.746106334030628,0.7413741201162338,ppo_thermostatic,22.216090807039905
1180,1323000.0,21.953028901782034,-8.600000000000023,2227.767610308549,0.040350884199142456,0.4380154013633728,26.84298251569271,0.7190077006816864,ppo_thermostatic,21.954084490908087
1181,1323900.0,21.979010759080268,-7.899999999999977,2180.4065531536244,0.04416950047016144,0.407331645488739,26.875440753996372,0.7036658227443695,ppo_thermostatic,21.953028901782034
1182,1324800.0,22.0685140706085,-7.199999999999989,2094.974229462167,0.04341211915016174,0.37993133068084717,26.869003012776375,0.6899656653404236,ppo_thermostatic,21.979010759080268
1183,1325700.0,22.434576783981186,-6.5,1600.5372863527668,-0.030506491661071777,0.32393038272857666,26.24069482088089,0.6619651913642883,ppo_thermostatic,22.0685140706085
1184,1326600.0,22.329112532187935,-5.800000000000011,1307.1098487416498,-0.09181561321020126,0.21564248204231262,25.71956728771329,0.6078212410211563,ppo_thermostatic,22.434576783981186
1185,1327500.0,22.438317443412302,-5.100000000000023,1138.003224926238,-0.09011872112751007,0.09408049285411835,25.733990870416164,0.5470402464270592,ppo_thermostatic,22.329112532187935
1186,1328400.0,22.57175835528949,-4.399999999999977,984.711637394948,-0.09347082674503326,-0.0014128684997558594,25.705497972667217,0.49929356575012207,ppo_thermostatic,22.438317443412302
1187,1329300.0,22.855259367975464,-4.356718750000027,895.5547819976811,-0.05729079991579056,-0.09518695622682571,26.01302820071578,0.45240652188658714,ppo_thermostatic,22.57175835528949
1188,1330200.0,22.932126009631418,-5.126250000000027,774.2165886531441,-0.08272550255060196,-0.1378673017024994,25.796833228319883,0.4310663491487503,ppo_thermostatic,22.855259367975464
1189,1331100.0,22.988296047296217,-5.957656250000014,648.7691938098836,-0.12125860154628754,-0.1670653522014618,25.469301886856556,0.4164673238992691,ppo_thermostatic,22.932126009631418
1190,1332000.0,23.097167694137113,-6.100000000000023,512.052934050338,-0.1638231873512268,-0.19125831127166748,25.107502907514572,0.40437084436416626,ppo_thermostatic,22.988296047296217
1191,1332900.0,23.072491678105393,-5.586562500000014,279.5205957113279,-0.2709997892379761,-0.2217155396938324,24.196501791477203,0.3891422301530838,ppo_thermostatic,23.097167694137113
1192,1333800.0,23.257908958134294,-5.0,147.72021564742326,-0.3059830069541931,-0.29062506556510925,23.89914444088936,0.3546874672174454,ppo_thermostatic,23.072491678105393
1193,1334700.0,23.459208532707123,-4.413437499999986,24.728795664536843,-0.34723961353302,-0.3315771818161011,23.54846328496933,0.33421140909194946,ppo_thermostatic,23.257908958134294
1194,1335600.0,23.658161304805105,-3.8999999999999773,36.14269370040521,-0.3940097689628601,-0.3540419936180115,23.15091696381569,0.32297900319099426,ppo_thermostatic,23.459208532707123
1195,1336500.0,23.631151628287625,-3.4853125000000205,101.68874324601309,-0.5197426676750183,-0.3344356119632721,22.082187324762344,0.33278219401836395,ppo_thermostatic,23.658161304805105
1196,1337400.0,23.74720636980453,-3.105000000000018,139.64196738283152,-0.5807098150253296,-0.3390747010707855,21.5639665722847,0.33046264946460724,ppo_thermostatic,23.631151628287625
1197,1338300.0,23.838873327719284,-2.697187499999984,181.12142714558274,-0.6396660208702087,-0.3206658959388733,21.062838822603226,0.33966705203056335,ppo_thermostatic,23.74720636980453
1198,1339200.0,23.93030912738533,-2.1999999999999886,223.8439480029775,-0.6919314861297607,-0.29375338554382324,20.618582367897034,0.3531233072280884,ppo_thermostatic,23.838873327719284
1199,1340100.0,23.569232508915604,-1.58203125,328.4693567804945,-0.8455141186714172,-0.1939750611782074,19.313129991292953,0.4030124694108963,ppo_thermostatic,23.93030912738533
1200,1341000.0,23.942539906326942,-0.8812500000000227,328.23620072931647,-0.8283976316452026,-0.23184359073638916,19.458620131015778,0.3840782046318054,ppo_thermostatic,23.569232508915604
1201,1341900.0,23.694661564270348,-0.13984375000001137,414.83979023826697,-0.927586555480957,-0.14532753825187683,18.615514278411865,0.4273362308740616,ppo_thermostatic,23.942539906326942
1202,1342800.0,24.03418988652794,0.6000000000000227,412.9487581808709,-0.9068059921264648,-0.1731778383255005,18.79214906692505,0.41341108083724976,ppo_thermostatic,23.694661564270348
1203,1343700.0,23.49204280027982,1.5749999999999886,543.1070587610222,-1.0,0.023854706436395645,18.0,0.5119273532181978,ppo_thermostatic,24.03418988652794
1204,1344600.0,23.763581470478982,2.75,535.1890825056969,-1.0,-0.032474905252456665,18.0,0.48376254737377167,ppo_thermostatic,23.49204280027982
1205,1345500.0,23.784217659780268,3.6750000000000114,570.3003137429743,-1.0,0.023014318197965622,18.0,0.5115071590989828,ppo_thermostatic,23.763581470478982
1206,1346400.0,23.810640776189075,3.8999999999999773,593.1895024041656,-1.0,0.05654149875044823,18.0,0.5282707493752241,ppo_thermostatic,23.784217659780268
1207,1347300.0,23.9248302059068,3.625,590.2796537567667,-1.0,0.033765118569135666,18.0,0.5168825592845678,ppo_thermostatic,23.810640776189075
1208,1348200.0,23.918638670780922,3.3500000000000227,603.0696035502988,-1.0,0.055365268141031265,18.0,0.5276826340705156,ppo_thermostatic,23.9248302059068
1209,1349100.0,23.905354490593766,3.0749999999999886,606.8896355197076,-1.0,0.06357693672180176,18.0,0.5317884683609009,ppo_thermostatic,23.918638670780922
1210,1350000.0,23.863814648058053,2.8000000000000114,600.9097910448573,-1.0,0.06044144555926323,18.0,0.5302207227796316,ppo_thermostatic,23.905354490593766
1211,1350900.0,23.85343751671445,2.5249999999999773,573.9843381466966,-1.0,0.018011119216680527,18.0,0.5090055596083403,ppo_thermostatic,23.863814648058053
1212,1351800.0,23.79317085466488,2.25,543.6247806346433,-1.0,-0.023164473474025726,18.0,0.48841776326298714,ppo_thermostatic,23.85343751671445
1213,1352700.0,23.752117514473014,1.9750000000000227,505.81224811674554,-1.0,-0.08098762482404709,18.0,0.45950618758797646,ppo_thermostatic,23.79317085466488
1214,1353600.0,23.71393777118783,1.6999999999999886,467.8700025076095,-1.0,-0.1408768892288208,18.0,0.4295615553855896,ppo_thermostatic,23.752117514473014
1215,1354500.0,23.892924271866548,1.295454545454561,392.3905585862199,-0.95466548204422,-0.24800527095794678,18.38534340262413,0.3759973645210266,ppo_thermostatic,23.71393777118783
1216,1355400.0,23.640976242202328,0.7545454545454504,381.1392454860449,-0.9816312193870544,-0.2658187448978424,18.156134635210037,0.3670906275510788,ppo_thermostatic,23.892924271866548
1217,1356300.0,23.780219663460628,0.26136363636362603,306.50200368132795,-0.9143344759941101,-0.35661691427230835,18.728156954050064,0.3216915428638458,ppo_thermostatic,23.640976242202328
1218,1357200.0,23.56787920382527,0.0,292.4050288943282,-0.9228032231330872,-0.368548721075058,18.65617260336876,0.315725639462471,ppo_thermostatic,23.780219663460628
1219,1358100.0,23.10835756979708,0.3751117734724403,319.2295084438329,-1.0,-0.33786240220069885,18.0,0.3310687988996506,ppo_thermostatic,23.56787920382527
1220,1359000.0,23.40996268540539,1.3593889716840408,242.0948615516724,-0.9154150485992432,-0.45048820972442627,18.718972086906433,0.27475589513778687,ppo_thermostatic,23.10835756979708
1221,1359900.0,23.221399082236985,2.488971684053638,256.6391341084604,-0.959204912185669,-0.4394475221633911,18.346758246421814,0.28027623891830444,ppo_thermostatic,23.40996268540539
1222,1360800.0,23.39168753284929,3.3000000000000114,217.40029120024496,-0.9157499670982361,-0.5036203861236572,18.716125279664993,0.2481898069381714,ppo_thermostatic,23.221399082236985
1223,1361700.0,22.290507419204403,3.8048594847775234,221.80770671618978,-1.0,-0.4500359892845154,18.0,0.2749820053577423,ppo_thermostatic,23.39168753284929
1224,1362600.0,23.036163259057503,4.290827478532378,74.02905003609486,-0.7163052558898926,-0.6975051164627075,20.411405324935913,0.15124744176864624,ppo_thermostatic,22.290507419204403
1225,1363500.0,22.78015857255292,4.7063817330210895,98.34614085743983,-0.7846966981887817,-0.6430922150611877,19.830078065395355,0.17845389246940613,ppo_thermostatic,23.036163259057503
1226,1364400.0,22.777886382633767,5.0,76.19492119439334,-0.7418463230133057,-0.6839420795440674,20.194306254386902,0.1580289602279663,ppo_thermostatic,22.78015857255292
1227,1365300.0,22.67280053575928,5.179017857142867,71.76242764261916,-0.7338955402374268,-0.6812615394592285,20.261887907981873,0.15936923027038574,ppo_thermostatic,22.777886382633767
1228,1366200.0,22.622694665035624,5.311904761904771,58.92423329564065,-0.7005382776260376,-0.6964448690414429,20.54542464017868,0.15177756547927856,ppo_thermostatic,22.67280053575928
1229,1367100.0,22.569121888705467,5.438839285714266,48.17123942073206,-0.6687774658203125,-0.7064436078071594,20.815391540527344,0.1467781960964203,ppo_thermostatic,22.622694665035624
1230,1368000.0,22.520231300101614,5.600000000000023,37.98674447605946,-0.6355952024459839,-0.7152581810951233,21.097440779209137,0.14237090945243835,ppo_thermostatic,22.569121888705467
1231,1368900.0,22.41305115088602,5.852678571428555,36.8214207629517,-0.6415103673934937,-0.7127218842506409,21.047161877155304,0.14363905787467957,ppo_thermostatic,22.520231300101614
1232,1369800.0,22.37751143932229,6.173809523809496,27.21210061196006,-0.6103452444076538,-0.7284538149833679,21.312065422534943,0.13577309250831604,ppo_thermostatic,22.41305115088602
1233,1370700.0,22.355574212366264,6.483035714285734,18.303304909426952,-0.5752183794975281,-0.7401940226554871,21.61064377427101,0.12990298867225647,ppo_thermostatic,22.37751143932229
1234,1371600.0,22.326988050945943,6.699999999999989,9.942440570926493,-0.5394412279129028,-0.7490266561508179,21.914749562740326,0.12548667192459106,ppo_thermostatic,22.355574212366264
1235,1372500.0,22.33960415928169,6.637474849094588,22.657117397170705,-0.45762139558792114,-0.7349367737770081,22.61021813750267,0.13253161311149597,ppo_thermostatic,22.326988050945943
1236,1373400.0,22.299638394803196,6.297551978537911,63.8107073616075,-0.4092476963996887,-0.7158945798873901,23.021394580602646,0.14205271005630493,ppo_thermostatic,22.33960415928169
1237,1374300.0,22.23527453183442,5.883853118712295,103.75047515402063,-0.372078537940979,-0.696573793888092,23.33733242750168,0.15171310305595398,ppo_thermostatic,22.299638394803196
1238,1375200.0,22.1748603430662,5.600000000000023,145.31653952401956,-0.3372983932495117,-0.678352415561676,23.63296365737915,0.160823792219162,ppo_thermostatic,22.23527453183442
1239,1376100.0,22.130392339154298,5.655183426138251,182.70163027479225,-0.3155231773853302,-0.6505356431007385,23.818052992224693,0.17473217844963074,ppo_thermostatic,22.1748603430662
1240,1377000.0,22.119771136700933,5.939878807730111,219.29985555313453,-0.28568464517593384,-0.6371177434921265,24.071680516004562,0.18144112825393677,ppo_thermostatic,22.130392339154298
1241,1377900.0,22.121877881347245,6.179634785456926,253.0281537902328,-0.2554727792739868,-0.6294505596160889,24.328481376171112,0.18527472019195557,ppo_thermostatic,22.119771136700933
1242,1378800.0,22.11294423914825,6.100000000000023,285.37548558072126,-0.2283092737197876,-0.6229193210601807,24.559371173381805,0.18854033946990967,ppo_thermostatic,22.121877881347245
1243,1379700.0,22.273804252324737,5.338704082980996,405.85851517054095,-0.09239384531974792,-0.6182730197906494,25.714652314782143,0.1908634901046753,ppo_thermostatic,22.11294423914825
1244,1380600.0,22.32637314389075,4.034024841437656,494.97568661044863,-0.06205000728368759,-0.5609810948371887,25.972574938088655,0.21950945258140564,ppo_thermostatic,22.273804252324737
1245,1381500.0,22.281957401242437,2.662333179175448,560.6124159790133,-0.06951650977134705,-0.5006865859031677,25.90910966694355,0.24965670704841614,ppo_thermostatic,22.32637314389075
1246,1382400.0,22.209223912617233,1.6999999999999886,613.4724888962409,-0.08071595430374146,-0.4507436156272888,25.813914388418198,0.2746281921863556,ppo_thermostatic,22.281957401242437
1247,1383300.0,22.27503787912235,1.1205816387559935,710.0576271007421,-0.04273657873272896,-0.40683436393737793,26.136739080771804,0.29658281803131104,ppo_thermostatic,22.209223912617233
1248,1384200.0,22.275916887896187,0.6120813397129155,770.8201099681422,-0.04001762717962265,-0.3603473901748657,26.159850168973207,0.31982630491256714,ppo_thermostatic,22.27503787912235
1249,1385100.0,22.245725830194488,0.22254037081341949,816.8196964752046,-0.04096333310008049,-0.32648903131484985,26.151811668649316,0.3367554843425751,ppo_thermostatic,22.275916887896187
1250,1386000.0,22.218073666865678,0.0,857.6349953248149,-0.037835706025362015,-0.3028198182582855,26.178396498784423,0.34859009087085724,ppo_thermostatic,22.245725830194488
1251,1386900.0,22.196096581288316,-0.03789649906013892,890.1333061354165,-0.026715926826000214,-0.29699838161468506,26.272914621978998,0.35150080919265747,ppo_thermostatic,22.218073666865678
1252,1387800.0,22.193965340242357,0.021968984962427385,921.6096298839961,-0.015297763049602509,-0.2894103229045868,26.36996901407838,0.3552948385477066,ppo_thermostatic,22.196096581288316
1253,1388700.0,22.19850310180152,0.07084997650378,950.504923093919,-0.004559852182865143,-0.28204187750816345,26.461241256445646,0.3589790612459183,ppo_thermostatic,22.193965340242357
1254,1389600.0,22.198927491926725,0.0,978.6808270098384,0.004987560212612152,-0.2745073735713959,26.542394261807203,0.36274631321430206,ppo_thermostatic,22.19850310180152
1255,1390500.0,22.272230568379882,-0.24001116071428896,1046.494033684655,0.03583510220050812,-0.256602019071579,26.80459836870432,0.3716989904642105,ppo_thermostatic,22.198927491926725
1256,1391400.0,22.28068026976507,-0.5647321428571672,1092.4098040850558,0.03971157968044281,-0.22861775755882263,26.837548427283764,0.3856911212205887,ppo_thermostatic,22.272230568379882
1257,1392300.0,22.26338878402811,-0.8820870535714107,1132.761186515367,0.03968173265457153,-0.20355504751205444,26.837294727563858,0.3982224762439728,ppo_thermostatic,22.28068026976507
1258,1393200.0,22.24646666041434,-1.1000000000000227,1171.6364840976498,0.040865808725357056,-0.18145644664764404,26.847359374165535,0.409271776676178,ppo_thermostatic,22.26338878402811
1259,1394100.0,22.248762483654616,-1.1418945312499886,1210.7954788921868,0.04452824592590332,-0.15977558493614197,26.878490090370178,0.420112207531929,ppo_thermostatic,22.24646666041434
1260,1395000.0,22.25932018673933,-1.07421875,1244.7310884522076,0.04910224676132202,-0.14181891083717346,26.917369097471237,0.42909054458141327,ppo_thermostatic,22.248762483654616
1261,1395900.0,22.27307229869001,-1.0194335937500227,1275.8080634013006,0.05469079315662384,-0.1269896924495697,26.964871741831303,0.43650515377521515,ppo_thermostatic,22.25932018673933
1262,1396800.0,22.282474572866818,-1.1000000000000227,1306.0205542146082,0.059606343507766724,-0.11270875483751297,27.006653919816017,0.4436456225812435,ppo_thermostatic,22.27307229869001
1263,1397700.0,22.360767490066053,-1.3378693953804373,1368.9412417531614,0.09140588343143463,-0.10603814572095871,27.276950009167194,0.44698092713952065,ppo_thermostatic,22.282474572866818
1264,1398600.0,22.384910704160802,-1.6369225543478478,1409.0485927051102,0.09298257529735565,-0.0785105749964714,27.290351890027523,0.4607447125017643,ppo_thermostatic,22.360767490066053
1265,1399500.0,22.38290254378927,-1.9425144361413231,1439.539234790967,0.08689098060131073,-0.04976745694875717,27.23857333511114,0.4751162715256214,ppo_thermostatic,22.384910704160802
1266,1400400.0,22.367959463097066,-2.1999999999999886,1465.6983445952296,0.07949437201023102,-0.02368246018886566,27.175702162086964,0.48815876990556717,ppo_thermostatic,22.38290254378927
1267,1401300.0,22.414866958438154,-2.4032289002557263,1515.3576839320683,0.08405783772468567,0.010115794837474823,27.214491620659828,0.5050578974187374,ppo_thermostatic,22.367959463097066
1268,1402200.0,22.414098232300603,-2.5767263427109697,1541.1325224948841,0.0756537914276123,0.04145257920026779,27.143057227134705,0.5207262896001339,ppo_thermostatic,22.414866958438154
1269,1403100.0,22.39463120459152,-2.7118606138107566,1557.3175844082043,0.06656189262866974,0.06444241106510162,27.065776087343693,0.5322212055325508,ppo_thermostatic,22.414098232300603
1270,1404000.0,22.367584984526502,-2.8000000000000114,1568.0299400680087,0.05855199694633484,0.08052678406238556,26.997691974043846,0.5402633920311928,ppo_thermostatic,22.39463120459152
1271,1404900.0,22.280333489556085,-2.7409926470588175,1550.4421509531735,0.039616525173187256,0.08518852293491364,26.83674046397209,0.5425942614674568,ppo_thermostatic,22.367584984526502
1272,1405800.0,22.23613086925019,-2.5308823529411484,1547.854114809254,0.03567058593034744,0.0810152068734169,26.803199980407953,0.5405076034367085,ppo_thermostatic,22.280333489556085
1273,1406700.0,22.20360262404421,-2.305330882352962,1547.5630686481145,0.03476385772228241,0.0752544105052948,26.7954927906394,0.5376272052526474,ppo_thermostatic,22.23613086925019
1274,1407600.0,22.167445761210388,-2.1999999999999886,1546.4108040506392,0.033150359988212585,0.06950528919696808,26.781778059899807,0.534752644598484,ppo_thermostatic,22.20360262404421
1275,1408500.0,22.146398433464526,-2.289732142857133,1550.9505326757205,0.04729975759983063,0.04216894134879112,26.90204793959856,0.5210844706743956,ppo_thermostatic,22.167445761210388
1276,1409400.0,22.10866300235898,-2.4892857142856997,1541.484368703039,0.042730048298835754,0.03622784838080406,26.863205410540104,0.518113924190402,ppo_thermostatic,22.146398433464526
1277,1410300.0,22.06738414014069,-2.694196428571445,1516.6617468265226,0.02917354553937912,0.0354163721203804,26.747975137084723,0.5177081860601902,ppo_thermostatic,22.10866300235898
1278,1411200.0,22.14845660217594,-2.8000000000000114,1438.6399946593108,0.011250600218772888,0.03292208909988403,26.59563010185957,0.516461044549942,ppo_thermostatic,22.06738414014069
1279,1412100.0,22.886925539716856,-2.7785714285714107,1062.3831993287308,-0.03183985501527786,0.010440170764923096,26.229361232370138,0.5052200853824615,ppo_thermostatic,22.14845660217594
1280,1413000.0,22.80689592385079,-2.671428571428578,746.2304559447496,-0.1432255506515503,-0.04591723531484604,25.282582819461823,0.477041382342577,ppo_thermostatic,22.886925539716856
1281,1413900.0,22.812211363021845,-2.478571428571456,573.2691433076309,-0.18254074454307556,-0.14896181225776672,24.948403671383858,0.42551909387111664,ppo_thermostatic,22.80689592385079
1282,1414800.0,22.90241193418626,-2.1999999999999886,449.1633741596193,-0.20193099975585938,-0.24113547801971436,24.783586502075195,0.3794322609901428,ppo_thermostatic,22.812211363021845
1283,1415700.0,22.890445549360038,-1.7214285714285893,266.5413026280391,-0.2806687653064728,-0.3115687966346741,24.11431549489498,0.34421560168266296,ppo_thermostatic,22.90241193418626
1284,1416600.0,23.0772658335772,-1.0619047619047706,147.53935464094369,-0.3127119541168213,-0.39375072717666626,23.84194839000702,0.30312463641166687,ppo_thermostatic,22.890445549360038
1285,1417500.0,23.31791484169696,-0.4214285714285779,35.6678782378314,-0.35204166173934937,-0.449333131313324,23.50764587521553,0.275333434343338,ppo_thermostatic,23.0772658335772
1286,1418400.0,23.560883185390708,0.0,27.619992501460498,-0.40591418743133545,-0.48067933320999146,23.04972940683365,0.2596603333950043,ppo_thermostatic,23.31791484169696
1287,1419300.0,23.734485127377752,0.1857142857143117,75.74823115123914,-0.5030153393745422,-0.4796750545501709,22.22436961531639,0.26016247272491455,ppo_thermostatic,23.560883185390708
1288,1420200.0,23.856448214272802,0.30000000000001137,128.60150851620637,-0.6027784943580627,-0.4547187089920044,21.376382797956467,0.2726406455039978,ppo_thermostatic,23.734485127377752
1289,1421100.0,23.92254879714642,0.41428571428571104,185.55431720374656,-0.6965737342834473,-0.4140661358833313,20.5791232585907,0.29296693205833435,ppo_thermostatic,23.856448214272802
1290,1422000.0,23.960754130490216,0.6000000000000227,242.89192129578288,-0.7760967016220093,-0.3674067258834839,19.90317803621292,0.31629663705825806,ppo_thermostatic,23.92254879714642
1291,1422900.0,23.809003445444546,0.8465401785714448,325.1728199994464,-0.8874208331108093,-0.2925170660018921,18.95692291855812,0.35374146699905396,ppo_thermostatic,23.960754130490216
1292,1423800.0,23.95041995302273,1.103869047619071,365.13806467197077,-0.92198646068573,-0.27054357528686523,18.663115084171295,0.3647282123565674,ppo_thermostatic,23.809003445444546
1293,1424700.0,23.86050158665023,1.3842633928571217,439.6215079422516,-0.9922125935554504,-0.2003699243068695,18.06619295477867,0.39981503784656525,ppo_thermostatic,23.95041995302273
1294,1425600.0,24.013917832564744,1.6999999999999886,474.08773990261346,-1.0,-0.1699698567390442,18.0,0.4150150716304779,ppo_thermostatic,23.86050158665023
1295,1426500.0,23.932536165894817,2.0721679687500227,546.8534116262451,-1.0,-0.038485266268253326,18.0,0.48075736686587334,ppo_thermostatic,24.013917832564744
1296,1427400.0,23.972783919452468,2.48828125,595.0485908742561,-1.0,0.03380177915096283,18.0,0.5169008895754814,ppo_thermostatic,23.932536165894817
1297,1428300.0,23.985168351776622,2.9102539062499773,644.4682940292084,-1.0,0.11055895686149597,18.0,0.555279478430748,ppo_thermostatic,23.972783919452468
1298,1429200.0,24.00717038475193,3.3000000000000114,689.8224094175098,-1.0,0.17779980599880219,18.0,0.5888999029994011,ppo_thermostatic,23.985168351776622
1299,1430100.0,23.93608542547429,3.6394531249999886,751.1387564240233,-1.0,0.28442472219467163,18.0,0.6422123610973358,ppo_thermostatic,24.00717038475193
1300,1431000.0,23.944792474859298,3.9359375000000227,791.1153684103551,-1.0,0.34321945905685425,18.0,0.6716097295284271,ppo_thermostatic,23.93608542547429
1301,1431900.0,23.94849752079051,4.189453125,826.6649246620266,-1.0,0.39540064334869385,18.0,0.6977003216743469,ppo_thermostatic,23.944792474859298
1302,1432800.0,23.947336237720265,4.399999999999977,854.607988669031,-1.0,0.4366556704044342,18.0,0.7183278352022171,ppo_thermostatic,23.94849752079051
1303,1433700.0,23.949399568218723,4.557910156249989,871.0724485092605,-1.0,0.4601999521255493,18.0,0.7300999760627747,ppo_thermostatic,23.947336237720265
1304,1434600.0,23.941696307777136,4.632031250000011,879.3761032674363,-1.0,0.4737211763858795,18.0,0.7368605881929398,ppo_thermostatic,23.949399568218723
1305,1435500.0,23.936945790141692,4.590136718749989,878.7110290574426,-1.0,0.4736679494380951,18.0,0.7368339747190475,ppo_thermostatic,23.941696307777136
1306,1436400.0,23.92562710686485,4.399999999999977,869.8710047970025,-1.0,0.46304360032081604,18.0,0.731521800160408,ppo_thermostatic,23.936945790141692
1307,1437300.0,24.030971227317025,4.125,824.8687514529305,-1.0,0.3769950866699219,18.0,0.6884975433349609,ppo_thermostatic,23.92562710686485
1308,1438200.0,24.024425852580578,3.8500000000000227,799.2060024365953,-1.0,0.34029167890548706,18.0,0.6701458394527435,ppo_thermostatic,24.030971227317025
1309,1439100.0,24.00343717431622,3.5749999999999886,766.9975510410061,-1.0,0.2959372401237488,18.0,0.6479686200618744,ppo_thermostatic,24.024425852580578
1310,1440000.0,23.958210671274685,3.3000000000000114,726.5925439574314,-1.0,0.24255308508872986,18.0,0.6212765425443649,ppo_thermostatic,24.00343717431622
1311,1440900.0,24.01043048401334,3.0249999999999773,656.4325641715945,-1.0,0.1248319000005722,18.0,0.5624159500002861,ppo_thermostatic,23.958210671274685
1312,1441800.0,23.962751949779374,2.75,603.8927861603909,-1.0,0.049109023064374924,18.0,0.5245545115321875,ppo_thermostatic,24.01043048401334
1313,1442700.0,23.911104947757508,2.4750000000000227,549.9933640549397,-1.0,-0.030632182955741882,18.0,0.48468390852212906,ppo_thermostatic,23.962751949779374
1314,1443600.0,23.856913663779096,2.1999999999999886,499.03839813940345,-1.0,-0.10768603533506393,18.0,0.44615698233246803,ppo_thermostatic,23.911104947757508
1315,1444500.0,24.095599613946263,1.7875000000000227,404.52589163393844,-0.9521270990371704,-0.2490384578704834,18.40691965818405,0.3754807710647583,ppo_thermostatic,23.856913663779096
1316,1445400.0,23.81900008230474,1.1916666666666629,400.95208742411205,-0.9942519068717957,-0.26524901390075684,18.048858791589737,0.3673754930496216,ppo_thermostatic,24.095599613946263
1317,1446300.0,23.994361964946847,0.5500000000000114,326.56008573391335,-0.9271668195724487,-0.35522186756134033,18.619082033634186,0.32238906621932983,ppo_thermostatic,23.81900008230474
1318,1447200.0,23.755841892694377,0.0,325.421866578635,-0.9491737484931946,-0.35149750113487244,18.432023137807846,0.3242512494325638,ppo_thermostatic,23.994361964946847
1319,1448100.0,23.337487513930284,-0.41250000000002274,209.44760493912088,-0.8340513110160828,-0.4341183304786682,19.410563856363297,0.2829408347606659,ppo_thermostatic,23.755841892694377
1320,1449000.0,23.634217501414298,-0.7333333333333485,116.72992097845339,-0.6602631211280823,-0.5481848120689392,20.8877634704113,0.2259075939655304,ppo_thermostatic,23.337487513930284
1321,1449900.0,23.40525222219435,-0.9624999999999773,117.24003359579807,-0.667871356010437,-0.518957257270813,20.823093473911285,0.2405213713645935,ppo_thermostatic,23.634217501414298
1322,1450800.0,23.3349527636899,-1.1000000000000227,91.71154706113484,-0.6179080009460449,-0.5358198285102844,21.247781991958618,0.2320900857448578,ppo_thermostatic,23.40525222219435
1323,1451700.0,23.14223602805481,-0.9624999999999773,88.9181063200519,-0.631388247013092,-0.532994270324707,21.133199900388718,0.23350286483764648,ppo_thermostatic,23.3349527636899
1324,1452600.0,23.094365765963914,-0.5500000000000114,68.86231082924905,-0.5915368795394897,-0.5535746216773987,21.471936523914337,0.22321268916130066,ppo_thermostatic,23.14223602805481
1325,1453500.0,23.042013741416667,-0.13749999999998863,54.33824766880902,-0.5593145489692688,-0.5615867376327515,21.745826333761215,0.21920663118362427,ppo_thermostatic,23.094365765963914
1326,1454400.0,22.984563887772083,0.0,40.31039808493087,-0.5271109938621521,-0.5675525069236755,22.019556552171707,0.21622374653816223,ppo_thermostatic,23.042013741416667
1327,1455300.0,22.984433882945552,-0.21238839285712174,14.98923727303965,-0.45513248443603516,-0.5869775414466858,22.6313738822937,0.2065112292766571,ppo_thermostatic,22.984563887772083
1328,1456200.0,22.897814502292192,-0.5663690476190482,7.182110023298039,-0.4189710021018982,-0.5760801434516907,22.938746482133865,0.21195992827415466,ppo_thermostatic,22.984433882945552
1329,1457100.0,22.81077890291681,-0.9121651785714562,62.06062879027009,-0.38137149810791016,-0.5642867684364319,23.258342266082764,0.21785661578178406,ppo_thermostatic,22.897814502292192
1330,1458000.0,22.73372552170963,-1.1000000000000227,117.15202615910569,-0.34636449813842773,-0.5461816191673279,23.555901765823364,0.22690919041633606,ppo_thermostatic,22.81077890291681
1331,1458900.0,22.67014560306916,-1.1220982142856997,168.93123632992544,-0.3128684461116791,-0.5378777980804443,23.840618208050728,0.23106110095977783,ppo_thermostatic,22.73372552170963
1332,1459800.0,22.623167535110497,-1.1000000000000227,222.2246814358811,-0.2796114683151245,-0.5244595408439636,24.12330251932144,0.2377702295780182,ppo_thermostatic,22.67014560306916
1333,1460700.0,22.585136486514614,-1.077901785714289,275.36821846920833,-0.24867284297943115,-0.5085272789001465,24.386280834674835,0.24573636054992676,ppo_thermostatic,22.623167535110497
1334,1461600.0,22.5511768200833,-1.1000000000000227,327.9914078701467,-0.2204088270664215,-0.49152857065200806,24.626524969935417,0.25423571467399597,ppo_thermostatic,22.585136486514614
1335,1462500.0,22.494818686943233,-1.2081473214285552,368.5092802899668,-0.1807747483253479,-0.5186499357223511,24.963414639234543,0.24067503213882446,ppo_thermostatic,22.5511768200833
1336,1463400.0,22.452415667492517,-1.3794642857142776,416.0968061036205,-0.1494932770729065,-0.516462504863739,25.229307144880295,0.2417687475681305,ppo_thermostatic,22.494818686943233
1337,1464300.0,22.42057072167063,-1.5610491071428783,465.43291270994933,-0.12453431636095047,-0.5026905536651611,25.44145831093192,0.24865472316741943,ppo_thermostatic,22.452415667492517
1338,1465200.0,22.394387747223675,-1.6999999999999886,513.2670515226861,-0.1044260561466217,-0.48514413833618164,25.612378522753716,0.2574279308319092,ppo_thermostatic,22.42057072167063
1339,1466100.0,22.284922183444735,-1.7062500000000114,519.244844296225,-0.12370714545249939,-0.4703752398490906,25.448489263653755,0.2648123800754547,ppo_thermostatic,22.394387747223675
1340,1467000.0,22.232747458167125,-1.5249999999999773,547.6356488424009,-0.10770201683044434,-0.4725230932235718,25.584532856941223,0.2637384533882141,ppo_thermostatic,22.284922183444735
1341,1467900.0,22.2181609792396,-1.15625,582.2946297917377,-0.08418208360671997,-0.472644567489624,25.78445228934288,0.263677716255188,ppo_thermostatic,22.232747458167125
1342,1468800.0,22.222967702261144,-0.6000000000000227,615.0324225160488,-0.06042417883872986,-0.4720000624656677,25.986394479870796,0.26399996876716614,ppo_thermostatic,22.2181609792396
1343,1469700.0,21.926611961975823,0.49569672131150355,499.7068553093413,-0.17873619496822357,-0.4719972014427185,24.9807423427701,0.26400139927864075,ppo_thermostatic,22.222967702261144
