step,sim_time_sec,t_zone_c,t_amb_c,p_total_w,a0,a1,t_supply_cmd_c,fan_cmd_u,controller_source,prev_t_zone_c
0,3198600.0,22.649149172535033,-4.6483258928571445,2175.7434928411576,0.7312444448471069,-0.30443692207336426,32.71557778120041,0.34778153896331787,ppo_thermostatic,17.5605729091929
1,3199500.0,22.47403490947039,-4.3237025669643,1951.3168347344747,0.19700177013874054,0.09016303718090057,28.174515046179295,0.5450815185904503,ppo_thermostatic,22.649149172535033
2,3200400.0,21.981575928390555,-4.0,1751.018309425365,0.04146242141723633,0.1409488320350647,26.85243058204651,0.5704744160175323,ppo_thermostatic,22.47403490947039
3,3201300.0,21.80215887439209,-3.6260044642856997,1704.789571209085,0.03153625875711441,0.09223005175590515,26.768058199435472,0.5461150258779526,ppo_thermostatic,21.981575928390555
4,3202200.0,21.78716338693988,-3.225892857142867,1717.379524948044,0.05473536252975464,0.057538971304893494,26.965250581502914,0.5287694856524467,ppo_thermostatic,21.80215887439209
5,3203100.0,21.804209181189663,-2.9128348214285893,1734.1988684575667,0.07060563564300537,0.04532225430011749,27.100147902965546,0.5226611271500587,ppo_thermostatic,21.78716338693988
6,3204000.0,21.824427808643463,-2.8000000000000114,1752.1579613807455,0.08091758191585541,0.04353972524404526,27.18779944628477,0.5217698626220226,ppo_thermostatic,21.804209181189663
7,3204900.0,21.848033226984683,-2.8249999999999886,1777.989228572503,0.0883873850107193,0.051381442695856094,27.251292772591114,0.525690721347928,ppo_thermostatic,21.824427808643463
8,3205800.0,21.862674889808375,-2.8500000000000227,1801.2909059971662,0.09106451272964478,0.06357888132333755,27.27404835820198,0.5317894406616688,ppo_thermostatic,21.848033226984683
9,3206700.0,21.87719114837489,-2.875,1825.1842486271514,0.09346739947795868,0.07645576447248459,27.29447289556265,0.5382278822362423,ppo_thermostatic,21.862674889808375
10,3207600.0,21.89254260728518,-2.8999999999999773,1849.9533715394962,0.09585554897785187,0.08994948863983154,27.31477216631174,0.5449747443199158,ppo_thermostatic,21.87719114837489
11,3208500.0,21.905628159528817,-2.9250000000000114,1872.5636767589556,0.10840016603469849,0.0852171927690506,27.421401411294937,0.5426085963845253,ppo_thermostatic,21.89254260728518
12,3209400.0,21.92113629475284,-2.9499999999999886,1897.5508235078908,0.11400929093360901,0.09338411688804626,27.469078972935677,0.5466920584440231,ppo_thermostatic,21.905628159528817
13,3210300.0,21.93838352607412,-2.9750000000000227,1923.645053966015,0.11706848442554474,0.10649026930332184,27.49508211761713,0.5532451346516609,ppo_thermostatic,21.92113629475284
14,3211200.0,21.955952072881132,-3.0,1949.8712250744143,0.11884693801403046,0.1217556893825531,27.51019897311926,0.5608778446912766,ppo_thermostatic,21.93838352607412
15,3212100.0,21.984444979887655,-3.0984374999999886,1981.267490010693,0.13480418920516968,0.1188148707151413,27.645835608243942,0.5594074353575706,ppo_thermostatic,21.955952072881132
16,3213000.0,21.994302649131555,-3.2624999999999886,2009.7332077403578,0.13761910796165466,0.1318448781967163,27.669762417674065,0.5659224390983582,ppo_thermostatic,21.984444979887655
17,3213900.0,21.997190500529598,-3.3703125000000114,2036.914197124046,0.1359785944223404,0.15004472434520721,27.655818052589893,0.5750223621726036,ppo_thermostatic,21.994302649131555
18,3214800.0,22.00204665468118,-3.3000000000000114,2061.1461847533456,0.1337103247642517,0.16813364624977112,27.63653776049614,0.5840668231248856,ppo_thermostatic,21.997190500529598
19,3215700.0,21.939371281049205,-3.1000000000000227,2043.783078445696,0.12351778149604797,0.16340337693691254,27.549901142716408,0.5817016884684563,ppo_thermostatic,22.00204665468118
20,3216600.0,21.929537801912545,-2.8999999999999773,2050.849897019485,0.1284281462430954,0.15724647045135498,27.59163924306631,0.5786232352256775,ppo_thermostatic,21.939371281049205
21,3217500.0,21.932048648924933,-2.6999999999999886,2061.213021229025,0.13264618813991547,0.15648527443408966,27.62749259918928,0.5782426372170448,ppo_thermostatic,21.929537801912545
22,3218400.0,21.93416211753862,-2.5,2069.2989749001745,0.13439540565013885,0.15846037864685059,27.64236094802618,0.5792301893234253,ppo_thermostatic,21.932048648924933
23,3219300.0,21.81674755790965,-2.3000000000000114,2017.690749243321,0.12169031798839569,0.12870953977108002,27.534367702901363,0.56435476988554,ppo_thermostatic,21.93416211753862
24,3220200.0,21.77180743622489,-2.1000000000000227,2005.3524094975407,0.12739047408103943,0.10479074716567993,27.582819029688835,0.55239537358284,ppo_thermostatic,21.81674755790965
25,3221100.0,21.75273361271826,-1.8999999999999773,2000.1771992243966,0.13178662955760956,0.09188684821128845,27.62018635123968,0.5459434241056442,ppo_thermostatic,21.77180743622489
26,3222000.0,21.787809161369807,-1.6999999999999886,1975.4485347281313,0.1318102926015854,0.08496145904064178,27.620387487113476,0.5424807295203209,ppo_thermostatic,21.75273361271826
27,3222900.0,21.811496041055705,-1.6578124999999773,1847.9902858011087,0.11369745433330536,0.04742500185966492,27.466428361833096,0.5237125009298325,ppo_thermostatic,21.787809161369807
28,3223800.0,21.91025757508902,-1.7375000000000114,1709.188260814,0.09356614947319031,0.017440229654312134,27.295312270522118,0.5087201148271561,ppo_thermostatic,21.811496041055705
29,3224700.0,21.94190317535481,-1.6484375,1568.7936982310948,0.05939686298370361,-0.0068889036774635315,27.00487333536148,0.49655554816126823,ppo_thermostatic,21.91025757508902
30,3225600.0,21.947101414637984,-1.1000000000000227,1440.9714014315573,0.028329141438007355,-0.03647436201572418,26.740797702223063,0.4817628189921379,ppo_thermostatic,21.94190317535481
31,3226500.0,22.34905695458758,-0.22500000000002274,984.6572821842242,-0.07238432765007019,-0.10908666998147964,25.884733214974403,0.4454566650092602,ppo_thermostatic,21.947101414637984
32,3227400.0,22.194323407473576,0.6499999999999773,713.0902126911033,-0.15673251450061798,-0.2314819097518921,25.167773626744747,0.38425904512405396,ppo_thermostatic,22.34905695458758
33,3228300.0,22.232348194002782,1.5249999999999773,566.0629173743525,-0.15955331921577454,-0.3742181956768036,25.143796786665916,0.3128909021615982,ppo_thermostatic,22.194323407473576
34,3229200.0,22.354296251184905,2.3999999999999773,459.14701173969183,-0.149593323469162,-0.48436152935028076,25.228456750512123,0.2578192353248596,ppo_thermostatic,22.232348194002782
35,3230100.0,22.33864167049387,3.2749999999999773,291.82148179750425,-0.24398790299892426,-0.5488923788070679,24.426102824509144,0.22555381059646606,ppo_thermostatic,22.354296251184905
36,3231000.0,22.490617103066995,4.149999999999977,182.34679570167552,-0.2826763391494751,-0.6333869695663452,24.09725111722946,0.1833065152168274,ppo_thermostatic,22.33864167049387
37,3231900.0,22.77021181662309,5.024999999999977,95.89528560480852,-0.32155799865722656,-0.6893475651741028,23.766757011413574,0.1553262174129486,ppo_thermostatic,22.490617103066995
38,3232800.0,23.104940701732744,5.899999999999977,8.385356915148577,-0.3890950083732605,-0.7062547206878662,23.192692428827286,0.1468726396560669,ppo_thermostatic,22.77021181662309
39,3233700.0,23.150965044756674,6.774999999999977,67.0762550094441,-0.6141067147254944,-0.6195191144943237,21.280092924833298,0.19024044275283813,ppo_thermostatic,23.104940701732744
40,3234600.0,23.16693264850835,7.649999999999977,138.38416251688182,-0.784696102142334,-0.5576443672180176,19.83008313179016,0.2211778163909912,ppo_thermostatic,23.150965044756674
41,3235500.0,23.18433103933353,8.524999999999977,210.35095742388805,-0.9146918654441833,-0.49653834104537964,18.72511914372444,0.2517308294773102,ppo_thermostatic,23.16693264850835
42,3236400.0,23.235584476949555,9.399999999999977,279.41308511480617,-1.0,-0.43105125427246094,18.0,0.28447437286376953,ppo_thermostatic,23.18433103933353
43,3237300.0,23.360848674301963,9.962343750000002,335.5922062497546,-1.0,-0.33577534556388855,18.0,0.3321123272180557,ppo_thermostatic,23.235584476949555
44,3238200.0,23.38128961169889,10.07458333333335,400.48896825698125,-1.0,-0.21609285473823547,18.0,0.39195357263088226,ppo_thermostatic,23.360848674301963
45,3239100.0,23.384633939277364,9.999531250000018,461.1684900656512,-1.0,-0.10495171695947647,18.0,0.44752414152026176,ppo_thermostatic,23.38128961169889
46,3240000.0,23.395876625333642,10.0,520.2413046015847,-1.0,-0.0006301179528236389,18.0,0.4996849410235882,ppo_thermostatic,23.384633939277364
47,3240900.0,23.39025796379974,10.125042613636367,583.6199384194001,-1.0,0.11129660159349442,18.0,0.5556483007967472,ppo_thermostatic,23.395876625333642
48,3241800.0,23.393812966050973,10.249280303030332,642.3819204438586,-1.0,0.21087497472763062,18.0,0.6054374873638153,ppo_thermostatic,23.39025796379974
49,3242700.0,23.39953830712625,10.373877840909074,698.1276087480162,-1.0,0.3024155795574188,18.0,0.6512077897787094,ppo_thermostatic,23.393812966050973
50,3243600.0,23.409101461634236,10.5,750.7683707182687,-1.0,0.38578248023986816,18.0,0.6928912401199341,ppo_thermostatic,23.39953830712625
51,3244500.0,23.391596404805853,10.660653409090912,806.0227055399525,-1.0,0.47680336236953735,18.0,0.7384016811847687,ppo_thermostatic,23.409101461634236
52,3245400.0,23.39595887126967,10.851136363636385,851.0486475611377,-1.0,0.5454369783401489,18.0,0.7727184891700745,ppo_thermostatic,23.391596404805853
53,3246300.0,23.401544954702103,11.016051136363615,888.3038509991756,-1.0,0.6006512641906738,18.0,0.8003256320953369,ppo_thermostatic,23.39595887126967
54,3247200.0,23.40111121461956,11.100000000000023,916.2513576332802,-1.0,0.642438530921936,18.0,0.821219265460968,ppo_thermostatic,23.401544954702103
55,3248100.0,23.42391243166503,11.066051136363626,924.8917872934353,-1.0,0.6500661969184875,18.0,0.8250330984592438,ppo_thermostatic,23.40111121461956
56,3249000.0,23.418290587705087,10.951136363636351,929.1147019239684,-1.0,0.6575376391410828,18.0,0.8287688195705414,ppo_thermostatic,23.42391243166503
57,3249900.0,23.40654053964937,10.81065340909089,924.5369540098178,-1.0,0.6534236669540405,18.0,0.8267118334770203,ppo_thermostatic,23.418290587705087
58,3250800.0,23.39611615357302,10.699999999999989,911.844604320993,-1.0,0.6369550228118896,18.0,0.8184775114059448,ppo_thermostatic,23.40654053964937
59,3251700.0,23.426217529936196,10.624112215909065,884.0393150067208,-1.0,0.5886800289154053,18.0,0.7943400144577026,ppo_thermostatic,23.39611615357302
60,3252600.0,23.429780639021544,10.5499053030303,857.8872340659169,-1.0,0.5483542084693909,18.0,0.7741771042346954,ppo_thermostatic,23.426217529936196
61,3253500.0,23.42749524043512,10.475745738636363,828.0684120476182,-1.0,0.503173828125,18.0,0.7515869140625,ppo_thermostatic,23.429780639021544
62,3254400.0,23.408036727792137,10.399999999999977,792.251447689235,-1.0,0.4515637755393982,18.0,0.7257818877696991,ppo_thermostatic,23.42749524043512
63,3255300.0,23.430330199444995,10.338671874999989,740.2981236372271,-1.0,0.3644590973854065,18.0,0.6822295486927032,ppo_thermostatic,23.408036727792137
64,3256200.0,23.416203211510435,10.280208333333348,691.7373635822175,-1.0,0.28840166330337524,18.0,0.6442008316516876,ppo_thermostatic,23.430330199444995
65,3257100.0,23.399049487568163,10.181640625,642.1716445646923,-1.0,0.20926854014396667,18.0,0.6046342700719833,ppo_thermostatic,23.416203211510435
66,3258000.0,23.375650544094526,10.0,593.2985793044429,-1.0,0.13033241033554077,18.0,0.5651662051677704,ppo_thermostatic,23.399049487568163
67,3258900.0,23.468465830000355,9.698046874999989,523.6005069886761,-1.0,-0.006790913641452789,18.0,0.4966045431792736,ppo_thermostatic,23.375650544094526
68,3259800.0,23.451166746253534,9.307291666666686,481.0076111270439,-1.0,-0.07953765243291855,18.0,0.4602311737835407,ppo_thermostatic,23.468465830000355
69,3260700.0,23.425320656882093,8.887890625000011,445.2550719009364,-1.0,-0.14017975330352783,18.0,0.4299101233482361,ppo_thermostatic,23.451166746253534
70,3261600.0,23.391316616653,8.5,415.3893088483721,-1.0,-0.19011351466178894,18.0,0.40494324266910553,ppo_thermostatic,23.425320656882093
71,3262500.0,22.822126418154994,8.149765624999986,327.4496449157936,-1.0,-0.2834286391735077,18.0,0.35828568041324615,ppo_thermostatic,23.391316616653
72,3263400.0,23.28360388911085,7.801458333333358,209.796259776041,-0.9064887762069702,-0.500889003276825,18.794845402240753,0.24955549836158752,ppo_thermostatic,22.822126418154994
73,3264300.0,22.95428535608852,7.452421875000027,230.28000654596696,-0.9848363399505615,-0.49015581607818604,18.128891110420227,0.254922091960907,ppo_thermostatic,23.28360388911085
74,3265200.0,23.058684003638803,7.100000000000023,180.3159427143016,-0.9232598543167114,-0.5617539882659912,18.652291238307953,0.2191230058670044,ppo_thermostatic,22.95428535608852
75,3266100.0,23.118902809211704,6.726875000000007,144.38908755302967,-0.8447571396827698,-0.5929869413375854,19.319564312696457,0.20350652933120728,ppo_thermostatic,23.058684003638803
76,3267000.0,23.009817536113417,6.3349999999999795,134.2173029760034,-0.8236265778541565,-0.5909051895141602,19.49917408823967,0.20454740524291992,ppo_thermostatic,23.118902809211704
77,3267900.0,22.944823234219427,5.950625000000002,116.35508199112685,-0.7867613434791565,-0.6027485728263855,19.81252858042717,0.19862571358680725,ppo_thermostatic,23.009817536113417
78,3268800.0,22.8667858367416,5.600000000000023,101.72733712494647,-0.7545842528343201,-0.6091851592063904,20.08603385090828,0.1954074203968048,ppo_thermostatic,22.944823234219427
79,3269700.0,22.87811406356036,5.300625000000025,75.73207261750528,-0.6743459105491638,-0.6178432106971741,20.768059760332108,0.19107839465141296,ppo_thermostatic,22.8667858367416
80,3270600.0,22.803796089183265,5.035000000000025,64.1988072349358,-0.6392884254455566,-0.6083435416221619,21.06604838371277,0.19582822918891907,ppo_thermostatic,22.87811406356036
81,3271500.0,22.73670073369277,4.776875000000018,51.36263868025998,-0.6041976809501648,-0.6055172085762024,21.3643197119236,0.1972413957118988,ppo_thermostatic,22.803796089183265
82,3272400.0,22.671366273691433,4.5,38.79095304994485,-0.5703924298286438,-0.6028059720993042,21.651664346456528,0.1985970139503479,ppo_thermostatic,22.73670073369277
83,3273300.0,22.686982371124714,4.202499999999986,16.05167013333021,-0.4938254952430725,-0.5903437733650208,22.302483290433884,0.20482811331748962,ppo_thermostatic,22.671366273691433
84,3274200.0,22.646620147350177,3.9016666666666424,2.6899477451174962,-0.45607686042785645,-0.5673090815544128,22.62334668636322,0.21634545922279358,ppo_thermostatic,22.686982371124714
85,3275100.0,22.59625824091495,3.6000000000000227,42.69700197378675,-0.4247925877571106,-0.5494813919067383,22.88926300406456,0.22525930404663086,ppo_thermostatic,22.646620147350177
86,3276000.0,22.541208907638293,3.3000000000000114,85.41546221055279,-0.398074746131897,-0.5306944251060486,23.116364657878876,0.2346527874469757,ppo_thermostatic,22.59625824091495
87,3276900.0,22.5707722451956,3.044687500000009,165.0816616234321,-0.3396327495574951,-0.4945574998855591,23.61312162876129,0.25272125005722046,ppo_thermostatic,22.541208907638293
88,3277800.0,22.553889360971823,2.825833333333321,216.95257221827748,-0.3148134648799896,-0.45443105697631836,23.824085548520088,0.2727844715118408,ppo_thermostatic,22.5707722451956
89,3278700.0,22.524794350194384,2.5690624999999727,263.4539060680569,-0.29550838470458984,-0.4246046543121338,23.988178730010986,0.2876976728439331,ppo_thermostatic,22.553889360971823
90,3279600.0,22.487229735971027,2.1999999999999886,308.9548618990616,-0.2783586382865906,-0.4000181555747986,24.13395157456398,0.2999909222126007,ppo_thermostatic,22.524794350194384
91,3280500.0,22.630915739347927,1.677812500000016,440.62819229658186,-0.19742175936698914,-0.3555581867694855,24.821915045380592,0.32222090661525726,ppo_thermostatic,22.487229735971027
92,3281400.0,22.627501384243203,1.0491666666666788,505.0497957721197,-0.18750277161598206,-0.2912781536579132,24.906226441264153,0.3543609231710434,ppo_thermostatic,22.630915739347927
93,3282300.0,22.57926193413664,0.370937500000025,558.3338093543973,-0.1836930513381958,-0.24439236521720886,24.938609063625336,0.37780381739139557,ppo_thermostatic,22.627501384243203
94,3283200.0,22.521771208886832,-0.30000000000001137,611.1550124209998,-0.17861691117286682,-0.2074604630470276,24.981756255030632,0.3962697684764862,ppo_thermostatic,22.57926193413664
95,3284100.0,22.68859629584881,-0.9488281249999773,756.4032999550243,-0.10610821843147278,-0.16957798600196838,25.59808014333248,0.4152110069990158,ppo_thermostatic,22.521771208886832
96,3285000.0,22.678365723859997,-1.5985416666666765,817.754599136632,-0.10729438066482544,-0.10463506728410721,25.587997764348984,0.4476824663579464,ppo_thermostatic,22.68859629584881
97,3285900.0,22.634929866446896,-2.2489843750000205,870.6805861861086,-0.10875000804662704,-0.05842415243387222,25.57562493160367,0.4707879237830639,ppo_thermostatic,22.678365723859997
98,3286800.0,22.58472608320784,-2.8999999999999773,923.1710534921363,-0.10800588876008987,-0.021674036979675293,25.581949945539236,0.48916298151016235,ppo_thermostatic,22.634929866446896
99,3287700.0,22.79101383884222,-3.6061718749999727,1078.9932881569239,-0.04075125977396965,0.019930914044380188,26.153614291921258,0.5099654570221901,ppo_thermostatic,22.58472608320784
100,3288600.0,22.762874709050948,-4.356875000000002,1140.4333963278384,-0.04946528747677803,0.08932902663946152,26.079545056447387,0.5446645133197308,ppo_thermostatic,22.79101383884222
101,3289500.0,22.71548490862631,-5.054140625000002,1200.877920053296,-0.05300392955541611,0.138698548078537,26.049466598778963,0.5693492740392685,ppo_thermostatic,22.762874709050948
102,3290400.0,22.669700979319657,-5.600000000000023,1259.7315810958064,-0.05395906791090965,0.17928096652030945,26.041347922757268,0.5896404832601547,ppo_thermostatic,22.71548490862631
103,3291300.0,22.724192485103913,-5.929140625000002,1351.7716234867728,-0.034115903079509735,0.22265112400054932,26.210014823824167,0.6113255620002747,ppo_thermostatic,22.669700979319657
104,3292200.0,22.718854335147853,-6.106875000000002,1406.3335510376667,-0.03364592790603638,0.2660600543022156,26.21400961279869,0.6330300271511078,ppo_thermostatic,22.724192485103913
105,3293100.0,22.717958497101165,-6.231171874999973,1456.8508812536493,-0.02994968369603157,0.29787763953208923,26.24542768858373,0.6489388197660446,ppo_thermostatic,22.718854335147853
106,3294000.0,22.713901491870274,-6.399999999999977,1503.7583032777861,-0.026057451963424683,0.3244221806526184,26.27851165831089,0.6622110903263092,ppo_thermostatic,22.717958497101165
107,3294900.0,22.790083475248593,-6.624003906249982,1584.985191538346,-0.0012334957718849182,0.3453691899776459,26.489515285938978,0.6726845949888229,ppo_thermostatic,22.713901491870274
108,3295800.0,22.782399374177146,-6.8485937500000205,1628.6536424921328,-0.001430898904800415,0.37804466485977173,26.487837359309196,0.6890223324298859,ppo_thermostatic,22.790083475248593
109,3296700.0,22.771049824471845,-7.073886718749975,1671.393278093373,-0.00027139484882354736,0.4045744836330414,26.497693143785,0.7022872418165207,ppo_thermostatic,22.782399374177146
110,3297600.0,22.754150806588996,-7.300000000000011,1711.422975971105,0.0004808083176612854,0.42791587114334106,26.50408687070012,0.7139579355716705,ppo_thermostatic,22.771049824471845
111,3298500.0,22.83465856297596,-7.560253906250011,1790.1868108790761,0.024059034883975983,0.4475926458835602,26.704501796513796,0.7237963229417801,ppo_thermostatic,22.754150806588996
112,3299400.0,22.816252412640665,-7.850781250000011,1824.1144329681167,0.020650506019592285,0.4767332673072815,26.675529301166534,0.7383666336536407,ppo_thermostatic,22.83465856297596
113,3300300.0,22.79119730117236,-8.115917968750011,1853.3991198865276,0.017999760806560516,0.49787405133247375,26.652997966855764,0.7489370256662369,ppo_thermostatic,22.816252412640665
114,3301200.0,22.76340758132841,-8.300000000000011,1875.7294422836997,0.015034422278404236,0.5137121081352234,26.627792589366436,0.7568560540676117,ppo_thermostatic,22.79119730117236
115,3302100.0,22.680160313281817,-8.306249999999977,1870.7154355804964,0.0011869966983795166,0.522048830986023,26.510089471936226,0.7610244154930115,ppo_thermostatic,22.76340758132841
116,3303000.0,22.657386989800784,-8.149999999999977,1883.519869326866,0.0020994842052459717,0.5209527611732483,26.51784561574459,0.7604763805866241,ppo_thermostatic,22.680160313281817
117,3303900.0,22.63785660149307,-7.943750000000023,1892.9687951116086,0.0030539408326148987,0.518379271030426,26.525958497077227,0.759189635515213,ppo_thermostatic,22.657386989800784
118,3304800.0,22.613926712583748,-7.800000000000011,1901.2453760260473,0.0038962215185165405,0.5137813687324524,26.53311788290739,0.7568906843662262,ppo_thermostatic,22.63785660149307
119,3305700.0,22.54141914838175,-7.725000000000023,1893.2473039220927,-0.003584146499633789,0.5048351287841797,26.469534754753113,0.7524175643920898,ppo_thermostatic,22.613926712583748
120,3306600.0,22.493074011436192,-7.649999999999977,1898.2892954585504,-0.004395782947540283,0.4944955110549927,26.462635844945908,0.7472477555274963,ppo_thermostatic,22.54141914838175
121,3307500.0,22.444102792808224,-7.574999999999989,1901.3448840744968,-0.006248198449611664,0.485615998506546,26.4468903131783,0.742807999253273,ppo_thermostatic,22.493074011436192
122,3308400.0,22.42086590468432,-7.5,1889.3734593180277,-0.008803032338619232,0.4764067232608795,26.425174225121737,0.7382033616304398,ppo_thermostatic,22.444102792808224
123,3309300.0,22.42494011148119,-7.425000000000011,1817.7760942658824,-0.022470273077487946,0.4637185335159302,26.309002678841352,0.7318592667579651,ppo_thermostatic,22.42086590468432
124,3310200.0,22.426780365741763,-7.350000000000023,1736.5864394054695,-0.037210650742053986,0.4452381134033203,26.18370946869254,0.7226190567016602,ppo_thermostatic,22.42494011148119
125,3311100.0,22.37849990987354,-7.274999999999977,1671.5018558445183,-0.052811745554208755,0.42342692613601685,26.051100162789226,0.7117134630680084,ppo_thermostatic,22.426780365741763
126,3312000.0,22.308146950854734,-7.199999999999989,1635.0503892240429,-0.06300695240497589,0.40007176995277405,25.964440904557705,0.700035884976387,ppo_thermostatic,22.37849990987354
127,3312900.0,22.776197324461293,-7.09375,1341.7784806734098,-0.0813707709312439,0.37721186876296997,25.808348447084427,0.688605934381485,ppo_thermostatic,22.308146950854734
128,3313800.0,22.53044405788546,-6.949999999999989,1180.1815844408986,-0.13973155617713928,0.32008957862854004,25.312281772494316,0.66004478931427,ppo_thermostatic,22.776197324461293
129,3314700.0,22.543126400804567,-6.806249999999977,1152.7700271255499,-0.12224418669939041,0.23762130737304688,25.46092441305518,0.6188106536865234,ppo_thermostatic,22.53044405788546
130,3315600.0,22.53362412442806,-6.699999999999989,1127.3967440640972,-0.1129557192325592,0.17957951128482819,25.539876386523247,0.5897897556424141,ppo_thermostatic,22.543126400804567
131,3316500.0,22.49991802315475,-6.625,1106.462170827936,-0.10681973397731781,0.1292721927165985,25.5920322611928,0.5646360963582993,ppo_thermostatic,22.53362412442806
132,3317400.0,22.486198551600353,-6.550000000000011,1103.7663335885434,-0.09393934905529022,0.0865946114063263,25.701515533030033,0.5432973057031631,ppo_thermostatic,22.49991802315475
133,3318300.0,22.474070652476655,-6.475000000000023,1108.1040918019628,-0.08079662173986435,0.0528486892580986,25.813228715211153,0.5264243446290493,ppo_thermostatic,22.486198551600353
134,3319200.0,22.457411683018336,-6.399999999999977,1119.92770984844,-0.06718627363443375,0.02547387033700943,25.928916674107313,0.5127369351685047,ppo_thermostatic,22.474070652476655
135,3320100.0,22.415031852016966,-6.324999999999989,1128.5434450712944,-0.05848256126046181,0.0013879165053367615,26.002898229286075,0.5006939582526684,ppo_thermostatic,22.457411683018336
136,3321000.0,22.401889975871768,-6.25,1150.1470116222815,-0.041612062603235245,-0.020601317286491394,26.1462974678725,0.4896993413567543,ppo_thermostatic,22.415031852016966
137,3321900.0,22.403115086965386,-6.175000000000011,1170.3193150402014,-0.02624669298529625,-0.03569098562002182,26.276903109624982,0.4821545071899891,ppo_thermostatic,22.401889975871768
138,3322800.0,22.412208493428125,-6.100000000000023,1186.391814376079,-0.01358136534690857,-0.046027734875679016,26.384558394551277,0.4769861325621605,ppo_thermostatic,22.403115086965386
139,3323700.0,22.437921998026354,-6.064999999999998,1204.7197356269537,0.002902485430240631,-0.05767788738012314,26.524671126157045,0.47116105630993843,ppo_thermostatic,22.412208493428125
140,3324600.0,22.44946959979012,-6.089999999999975,1216.0350804166717,0.010831035673618317,-0.061385996639728546,26.592063803225756,0.4693070016801357,ppo_thermostatic,22.437921998026354
141,3325500.0,22.456421165414724,-6.144999999999982,1226.539855349284,0.016840040683746338,-0.06309173256158829,26.643140345811844,0.46845413371920586,ppo_thermostatic,22.44946959979012
142,3326400.0,22.462571104500626,-6.199999999999989,1237.3512867234617,0.022046156227588654,-0.0632561668753624,26.687392327934504,0.4683719165623188,ppo_thermostatic,22.456421165414724
143,3327300.0,22.499432062898165,-6.246015624999984,1261.0286447566343,0.034134335815906525,-0.05990103632211685,26.790141854435205,0.4700494818389416,ppo_thermostatic,22.462571104500626
144,3328200.0,22.510690092483117,-6.294375000000002,1273.127767787298,0.03606554865837097,-0.0522431805729866,26.806557163596153,0.4738784097135067,ppo_thermostatic,22.499432062898165
145,3329100.0,22.51747620874761,-6.345546875000025,1284.5998042841973,0.03872025012969971,-0.04731050133705139,26.829122126102448,0.4763447493314743,ppo_thermostatic,22.510690092483117
146,3330000.0,22.522372473420546,-6.399999999999977,1296.858008473638,0.04195694625377655,-0.04329448193311691,26.8566340431571,0.47835275903344154,ppo_thermostatic,22.51747620874761
147,3330900.0,22.569634654352228,-6.459765624999989,1328.6407964902726,0.05655665695667267,-0.03687180578708649,26.980731584131718,0.48156409710645676,ppo_thermostatic,22.522372473420546
148,3331800.0,22.578197320803497,-6.528124999999989,1343.0117213750757,0.056423068046569824,-0.024709142744541168,26.979596078395844,0.4876454286277294,ppo_thermostatic,22.569634654352228
149,3332700.0,22.58298477040256,-6.607421875,1355.681207288686,0.05815461277961731,-0.017902135848999023,26.994314208626747,0.4910489320755005,ppo_thermostatic,22.578197320803497
150,3333600.0,22.593562957997392,-6.699999999999989,1365.6127174012208,0.06065364181995392,-0.01320309191942215,27.01555595546961,0.4933984540402889,ppo_thermostatic,22.58298477040256
151,3334500.0,22.683947774259423,-6.8125,1402.7462251594254,0.0832599550485611,-0.008962281048297882,27.20770961791277,0.49551885947585106,ppo_thermostatic,22.593562957997392
152,3335400.0,22.70743553826958,-6.949999999999989,1403.5406143212322,0.07686154544353485,0.008166588842868805,27.153323136270046,0.5040832944214344,ppo_thermostatic,22.683947774259423
153,3336300.0,22.717715923146784,-7.112500000000011,1400.1686577061982,0.07280121743679047,0.015580657869577408,27.11881034821272,0.5077903289347887,ppo_thermostatic,22.70743553826958
154,3337200.0,22.723301267889326,-7.300000000000011,1397.605421856854,0.07107003033161163,0.018259145319461823,27.1040952578187,0.5091295726597309,ppo_thermostatic,22.717715923146784
155,3338100.0,22.820729035265288,-7.5,1438.3943314347864,0.09879869222640991,0.016483061015605927,27.339788883924484,0.508241530507803,ppo_thermostatic,22.723301267889326
156,3339000.0,22.823995160256118,-7.699999999999989,1441.2845420762865,0.09153248369693756,0.03263482451438904,27.27802611142397,0.5163174122571945,ppo_thermostatic,22.820729035265288
157,3339900.0,22.811078925988795,-7.899999999999977,1447.5090105088823,0.09039820730686188,0.036233097314834595,27.268384762108326,0.5181165486574173,ppo_thermostatic,22.823995160256118
158,3340800.0,22.792393996125497,-8.100000000000023,1460.2006554027994,0.09377454221248627,0.03456651791930199,27.297083608806133,0.517283258959651,ppo_thermostatic,22.811078925988795
159,3341700.0,22.868361446523636,-8.300000000000011,1521.6663011764672,0.12799006700515747,0.02995370328426361,27.58791556954384,0.5149768516421318,ppo_thermostatic,22.792393996125497
160,3342600.0,22.85090480586723,-8.5,1546.377843194237,0.12766413390636444,0.04307803511619568,27.585145138204098,0.5215390175580978,ppo_thermostatic,22.868361446523636
161,3343500.0,22.820766347024005,-8.699999999999989,1572.9915525170936,0.13342568278312683,0.043849192559719086,27.634118303656578,0.5219245962798595,ppo_thermostatic,22.85090480586723
162,3344400.0,22.782235137036935,-8.899999999999977,1605.267189298526,0.1431063562631607,0.03971830755472183,27.716404028236866,0.5198591537773609,ppo_thermostatic,22.820766347024005
163,3345300.0,22.853519320830742,-9.118749999999977,1697.8728560516938,0.19039346277713776,0.03184615075588226,28.11834443360567,0.5159230753779411,ppo_thermostatic,22.782235137036935
164,3346200.0,22.83490936485134,-9.366666666666674,1745.7373128830552,0.1969999521970749,0.045900288969278336,28.174499593675137,0.5229501444846392,ppo_thermostatic,22.853519320830742
165,3347100.0,22.80681520372616,-9.631250000000023,1783.8135720973096,0.2057986706495285,0.048723965883255005,28.249288700520992,0.5243619829416275,ppo_thermostatic,22.83490936485134
166,3348000.0,22.780613056804782,-9.899999999999977,1816.656133056731,0.2161981612443924,0.04638585448265076,28.337684370577335,0.5231929272413254,ppo_thermostatic,22.80681520372616
167,3348900.0,22.231832226959625,-10.170019531249977,2090.0712514345705,0.2614205479621887,0.033136315643787384,28.722074657678604,0.5165681578218937,ppo_thermostatic,22.780613056804782
168,3349800.0,22.420495134618022,-10.445052083333337,2275.6370467090633,0.3570789098739624,0.027470435947179794,29.53517073392868,0.5137352179735899,ppo_thermostatic,22.231832226959625
169,3350700.0,22.450224012790272,-10.722558593750023,2353.3665421764927,0.3384714126586914,0.0898100808262825,29.377007007598877,0.5449050404131413,ppo_thermostatic,22.420495134618022
170,3351600.0,22.399908839827788,-11.0,2384.7910813151284,0.3126256465911865,0.1308032125234604,29.157317996025085,0.5654016062617302,ppo_thermostatic,22.450224012790272
171,3352500.0,22.451318970237423,-11.310253906250011,2459.4666409112656,0.33376026153564453,0.14455413818359375,29.33696222305298,0.5722770690917969,ppo_thermostatic,22.399908839827788
172,3353400.0,22.42701840890288,-11.650781250000023,2494.5884147783972,0.3189891576766968,0.17721018195152283,29.211407840251923,0.5886050909757614,ppo_thermostatic,22.451318970237423
173,3354300.0,22.386134459920015,-11.965917968749977,2519.5090847855754,0.3060370683670044,0.20048314332962036,29.101315081119537,0.6002415716648102,ppo_thermostatic,22.42701840890288
174,3355200.0,22.351362194766352,-12.199999999999989,2542.7025767121418,0.2967871427536011,0.21892422437667847,29.02269071340561,0.6094621121883392,ppo_thermostatic,22.386134459920015
175,3356100.0,22.294034996351115,-12.256250000000023,2549.8094652498394,0.27842432260513306,0.2398393452167511,28.86660674214363,0.6199196726083755,ppo_thermostatic,22.351362194766352
176,3357000.0,22.276489130311802,-12.149999999999977,2568.1459463259566,0.2746206521987915,0.2512405514717102,28.834275543689728,0.6256202757358551,ppo_thermostatic,22.294034996351115
177,3357900.0,22.27121488292488,-11.993749999999977,2586.6952077674796,0.27097785472869873,0.264775812625885,28.80331176519394,0.6323879063129425,ppo_thermostatic,22.276489130311802
178,3358800.0,22.26696640701192,-11.899999999999977,2604.8641426067707,0.26650816202163696,0.27971264719963074,28.765319377183914,0.6398563235998154,ppo_thermostatic,22.27121488292488
179,3359700.0,22.247072845504135,-11.875,2617.4768691191625,0.26088428497314453,0.2910182774066925,28.71751642227173,0.6455091387033463,ppo_thermostatic,22.26696640701192
180,3360600.0,22.23530654162664,-11.850000000000023,2635.4082860481954,0.25545305013656616,0.3061869740486145,28.671350926160812,0.6530934870243073,ppo_thermostatic,22.247072845504135
181,3361500.0,22.224760722162728,-11.824999999999989,2654.118361206567,0.24902258813381195,0.3237578570842743,28.6166919991374,0.6618789285421371,ppo_thermostatic,22.23530654162664
182,3362400.0,22.214424869118375,-11.800000000000011,2673.1317581946646,0.24235518276691437,0.34211817383766174,28.560019053518772,0.6710590869188309,ppo_thermostatic,22.224760722162728
183,3363300.0,22.188591799540916,-11.756250000000023,2683.597871468534,0.23467068374156952,0.35515809059143066,28.49470081180334,0.6775790452957153,ppo_thermostatic,22.214424869118375
184,3364200.0,22.178181920623786,-11.699999999999989,2700.8545600302573,0.22970126569271088,0.3700717091560364,28.452460758388042,0.6850358545780182,ppo_thermostatic,22.188591799540916
185,3365100.0,22.169223085916485,-11.668749999999989,2718.2857534002246,0.2237272411584854,0.3872750699520111,28.401681549847126,0.6936375349760056,ppo_thermostatic,22.178181920623786
186,3366000.0,22.158566247147235,-11.699999999999989,2736.4512500288865,0.21747635304927826,0.4051673710346222,28.348549000918865,0.7025836855173111,ppo_thermostatic,22.169223085916485
187,3366900.0,22.166085492731156,-11.774999999999977,2764.9717312807866,0.22053007781505585,0.41526350378990173,28.374505661427975,0.7076317518949509,ppo_thermostatic,22.158566247147235
188,3367800.0,22.15088648997653,-11.850000000000023,2783.569016514687,0.21274279057979584,0.4354172945022583,28.308313719928265,0.7177086472511292,ppo_thermostatic,22.166085492731156
189,3368700.0,22.138184210075224,-11.925000000000011,2803.8780963115,0.20663218200206757,0.4540855884552002,28.256373547017574,0.7270427942276001,ppo_thermostatic,22.15088648997653
190,3369600.0,22.1261250744588,-12.0,2824.582750250693,0.20081989467144012,0.47271355986595154,28.20696910470724,0.7363567799329758,ppo_thermostatic,22.138184210075224
191,3370500.0,22.139743734158515,-12.074999999999989,2856.4311770938284,0.2053886204957962,0.48283401131629944,28.245803274214268,0.7414170056581497,ppo_thermostatic,22.1261250744588
192,3371400.0,22.129512855142764,-12.149999999999977,2876.701250483228,0.19913361966609955,0.5026755928993225,28.192635767161846,0.7513377964496613,ppo_thermostatic,22.139743734158515
193,3372300.0,22.123939621041472,-12.225000000000023,2898.6378601155557,0.19465674459934235,0.5211289525032043,28.15458232909441,0.7605644762516022,ppo_thermostatic,22.129512855142764
194,3373200.0,22.119656832658563,-12.300000000000011,2920.6389752868313,0.19035883247852325,0.5397107601165771,28.118050076067448,0.7698553800582886,ppo_thermostatic,22.123939621041472
195,3374100.0,22.157817275219145,-12.415624999999977,2965.0927209713773,0.20083419978618622,0.5498160123825073,28.207090698182583,0.7749080061912537,ppo_thermostatic,22.119656832658563
196,3375000.0,22.146564651903248,-12.574999999999989,2991.91038763382,0.19495554268360138,0.5723824501037598,28.15712211281061,0.7861912250518799,ppo_thermostatic,22.157817275219145
197,3375900.0,22.139273293118606,-12.721875000000011,3023.269797336761,0.19182853400707245,0.5926789045333862,28.130542539060116,0.7963394522666931,ppo_thermostatic,22.146564651903248
198,3376800.0,22.13353631780427,-12.800000000000011,3055.4186862421993,0.18915171921253204,0.6128843426704407,28.107789613306522,0.8064421713352203,ppo_thermostatic,22.139273293118606
199,3377700.0,22.122881737900343,-12.799107142857167,3080.045305457562,0.18714545667171478,0.6267510056495667,28.090736381709576,0.8133755028247833,ppo_thermostatic,22.13353631780427
200,3378600.0,22.127536306739216,-12.764285714285734,3109.9065124183844,0.18750332295894623,0.6420257091522217,28.093778245151043,0.8210128545761108,ppo_thermostatic,22.122881737900343
201,3379500.0,22.136352598360247,-12.722321428571433,3139.3808643295138,0.18776513636112213,0.6583511829376221,28.096003659069538,0.829175591468811,ppo_thermostatic,22.127536306739216
202,3380400.0,22.14892360222217,-12.699999999999989,3167.23713714261,0.18812786042690277,0.6746172904968262,28.099086813628674,0.8373086452484131,ppo_thermostatic,22.136352598360247
203,3381300.0,22.15759061629467,-12.697600446428567,3186.639949295072,0.19521184265613556,0.6710942387580872,28.159300662577152,0.8355471193790436,ppo_thermostatic,22.14892360222217
204,3382200.0,22.1635148724514,-12.697172619047592,3206.1093309750386,0.19569461047649384,0.6811591982841492,28.163404189050198,0.8405795991420746,ppo_thermostatic,22.15759061629467
205,3383100.0,22.172355176892722,-12.698158482142844,3227.4710453144235,0.1957840472459793,0.6937557458877563,28.164164401590824,0.8468778729438782,ppo_thermostatic,22.1635148724514
206,3384000.0,22.18035250260914,-12.699999999999989,3248.470944434357,0.19559766352176666,0.7065756916999817,28.162580139935017,0.8532878458499908,ppo_thermostatic,22.172355176892722
207,3384900.0,22.189815066163987,-12.763671875,3267.3117572640344,0.20470665395259857,0.6983601450920105,28.240006558597088,0.8491800725460052,ppo_thermostatic,22.18035250260914
208,3385800.0,22.18351011149508,-12.876041666666652,3282.8342004047336,0.20429487526416779,0.7052199244499207,28.236506439745426,0.8526099622249603,ppo_thermostatic,22.189815066163987
209,3386700.0,22.17748519332531,-12.925390624999977,3298.3094565199935,0.2028511017560959,0.7143722772598267,28.224234364926815,0.8571861386299133,ppo_thermostatic,22.18351011149508
210,3387600.0,22.17739876551167,-12.800000000000011,3309.6479011181377,0.20178265869617462,0.7222263216972351,28.215152598917484,0.8611131608486176,ppo_thermostatic,22.17748519332531
211,3388500.0,22.09056030562533,-12.550000000000011,3263.998695689554,0.1874443143606186,0.7089382410049438,28.093276672065258,0.8544691205024719,ppo_thermostatic,22.17739876551167
212,3389400.0,22.091297480325807,-12.300000000000011,3262.6582152245587,0.19336609542369843,0.6955634355545044,28.143611811101437,0.8477817177772522,ppo_thermostatic,22.09056030562533
213,3390300.0,22.094277791874276,-12.050000000000011,3259.037609487749,0.1955295354127884,0.6898793578147888,28.1620010510087,0.8449396789073944,ppo_thermostatic,22.091297480325807
214,3391200.0,22.097267823597804,-11.800000000000011,3252.9445685443397,0.19663123786449432,0.6852908730506897,28.1713655218482,0.8426454365253448,ppo_thermostatic,22.094277791874276
215,3392100.0,21.94183561686839,-11.550000000000011,3158.3645956657115,0.1778496354818344,0.6401407718658447,28.011721901595592,0.8200703859329224,ppo_thermostatic,22.097267823597804
216,3393000.0,21.915580782862946,-11.300000000000011,3138.267930442582,0.186127170920372,0.606839656829834,28.082080952823162,0.803419828414917,ppo_thermostatic,21.94183561686839
217,3393900.0,21.899336880857163,-11.050000000000011,3121.5721694487384,0.18889077007770538,0.5893135070800781,28.105571545660496,0.7946567535400391,ppo_thermostatic,21.915580782862946
218,3394800.0,21.888712580250342,-10.800000000000011,3101.770552405237,0.18937258422374725,0.5762949585914612,28.10966696590185,0.7881474792957306,ppo_thermostatic,21.899336880857163
219,3395700.0,21.73896859067014,-10.703125,2989.206294870834,0.1723383516073227,0.5207684636116028,27.964875988662243,0.7603842318058014,ppo_thermostatic,21.888712580250342
220,3396600.0,21.708027762463075,-10.725000000000023,2936.085223239219,0.17586390674114227,0.48152071237564087,27.99484320729971,0.7407603561878204,ppo_thermostatic,21.73896859067014
221,3397500.0,21.699700625455876,-10.584375000000023,2875.922026753979,0.17085857689380646,0.4599166512489319,27.952297903597355,0.7299583256244659,ppo_thermostatic,21.708027762463075
222,3398400.0,21.710368237513762,-10.0,2803.328400256056,0.16348938643932343,0.44043904542922974,27.88965978473425,0.7202195227146149,ppo_thermostatic,21.699700625455876
223,3399300.0,21.58029646640466,-8.78453947368422,2145.6970825857616,0.0028022006154060364,0.3737638592720032,26.52381870523095,0.6868819296360016,ppo_thermostatic,21.710368237513762
224,3400200.0,21.375709679746535,-7.125438596491222,1880.9797995460465,-0.019868895411491394,0.20840904116630554,26.331114389002323,0.6042045205831528,ppo_thermostatic,21.58029646640466
225,3401100.0,21.44017227572101,-5.303618421052647,1753.865444805024,0.03313086926937103,0.05149887502193451,26.781612388789654,0.5257494375109673,ppo_thermostatic,21.375709679746535
226,3402000.0,21.58775828025341,-3.6000000000000227,1643.8626550113993,0.08892686665058136,-0.06792015582323074,27.25587836652994,0.46603992208838463,ppo_thermostatic,21.44017227572101
227,3402900.0,21.279813016445814,-2.0497018914473415,1285.2299187024798,-0.03677390143275261,-0.15790820121765137,26.187421837821603,0.4210458993911743,ppo_thermostatic,21.58775828025341
228,3403800.0,21.248498934422287,-0.5000822368421041,1075.4597197064352,-0.02079283446073532,-0.316141277551651,26.32326090708375,0.3419293612241745,ppo_thermostatic,21.279813016445814
229,3404700.0,21.3499355821898,1.0495785361841854,924.5054687149774,0.026016734540462494,-0.44329339265823364,26.72114224359393,0.2783533036708832,ppo_thermostatic,21.248498934422287
230,3405600.0,21.549774748720267,2.6000000000000227,796.9990069543528,0.06870301067829132,-0.5336585640907288,27.083975590765476,0.23317071795463562,ppo_thermostatic,21.3499355821898
231,3406500.0,21.46552516164934,4.269335937499989,554.9826342504595,-0.09696346521377563,-0.57328200340271,25.675810545682907,0.21335899829864502,ppo_thermostatic,21.549774748720267
232,3407400.0,21.503118288344922,6.02552083333336,362.58184214122315,-0.15116259455680847,-0.6834334135055542,25.215117946267128,0.1582832932472229,ppo_thermostatic,21.46552516164934
233,3408300.0,21.697319286763673,7.643945312500023,228.91933162126503,-0.1604767143726349,-0.784008800983429,25.135947927832603,0.10799559950828552,ppo_thermostatic,21.503118288344922
234,3409200.0,22.018533671830994,8.899999999999977,141.1441478281441,-0.17915651202201843,-0.8451020121574402,24.977169647812843,0.07744899392127991,ppo_thermostatic,21.697319286763673
235,3410100.0,22.37345269043044,9.653025265957467,75.89855197130642,-0.30263251066207886,-0.8414255976676941,23.92762365937233,0.07928720116615295,ppo_thermostatic,22.018533671830994
236,3411000.0,22.68837649155182,10.049734042553212,1.9117166651687576,-0.45875048637390137,-0.7999238967895508,22.60062086582184,0.10003805160522461,ppo_thermostatic,22.37345269043044
237,3411900.0,22.851007290297616,10.296575797872322,46.911935393674085,-0.6404640078544617,-0.7208857536315918,21.056055933237076,0.1395571231842041,ppo_thermostatic,22.68837649155182
238,3412800.0,22.821157028064704,10.600000000000023,115.3528639427994,-0.8188831806182861,-0.6239877939224243,19.539492964744568,0.18800610303878784,ppo_thermostatic,22.851007290297616
239,3413700.0,22.58247356470025,11.000147992450252,209.33667533930046,-0.9999527931213379,-0.5120787620544434,18.000401258468628,0.24396061897277832,ppo_thermostatic,22.821157028064704
240,3414600.0,22.841165073681395,11.399862731640383,230.11058609219737,-1.0,-0.49249589443206787,18.0,0.25375205278396606,ppo_thermostatic,22.58247356470025
241,3415500.0,22.918174889947863,11.79964610501031,282.0252203199366,-1.0,-0.39084550738334656,18.0,0.3045772463083267,ppo_thermostatic,22.841165073681395
242,3416400.0,22.996354085602206,12.199999999999989,331.51312338864307,-1.0,-0.29884934425354004,18.0,0.35057532787323,ppo_thermostatic,22.918174889947863
243,3417300.0,22.943669141573196,12.752016129032256,398.72486938741537,-1.0,-0.1564803421497345,18.0,0.42175982892513275,ppo_thermostatic,22.996354085602206
244,3418200.0,22.99286810175721,13.412903225806417,446.2093746901503,-1.0,-0.07136588543653488,18.0,0.46431705728173256,ppo_thermostatic,22.943669141573196
245,3419100.0,23.017621727017115,13.892338709677404,489.2440491936472,-1.0,0.0065781474113464355,18.0,0.5032890737056732,ppo_thermostatic,22.99286810175721
246,3420000.0,23.00410276124728,13.899999999999977,521.6789063567628,-1.0,0.06982816755771637,18.0,0.5349140837788582,ppo_thermostatic,23.017621727017115
247,3420900.0,23.083846551557713,13.574999999999989,521.8351450728052,-1.0,0.055611543357372284,18.0,0.5278057716786861,ppo_thermostatic,23.00410276124728
248,3421800.0,23.065448222868213,13.25,528.5358691007406,-1.0,0.07129526138305664,18.0,0.5356476306915283,ppo_thermostatic,23.083846551557713
249,3422700.0,23.0370389968989,12.925000000000011,526.330539190246,-1.0,0.07242071628570557,18.0,0.5362103581428528,ppo_thermostatic,23.065448222868213
250,3423600.0,23.00173281758498,12.600000000000023,515.6106784627756,-1.0,0.05895967781543732,18.0,0.5294798389077187,ppo_thermostatic,23.0370389968989
251,3424500.0,23.086437380466293,12.274999999999977,476.6314856010478,-1.0,-0.029018044471740723,18.0,0.48549097776412964,ppo_thermostatic,23.00173281758498
252,3425400.0,23.061616347810627,11.949999999999989,452.49200745424196,-1.0,-0.07061130553483963,18.0,0.4646943472325802,ppo_thermostatic,23.086437380466293
253,3426300.0,23.01889459517139,11.625,424.99079377456974,-1.0,-0.11665254086256027,18.0,0.44167372956871986,ppo_thermostatic,23.061616347810627
254,3427200.0,22.96529611970118,11.300000000000011,394.279493736246,-1.0,-0.16859078407287598,18.0,0.415704607963562,ppo_thermostatic,23.01889459517139
255,3428100.0,23.053328608411164,10.975000000000023,343.0330055843733,-1.0,-0.2831636071205139,18.0,0.35841819643974304,ppo_thermostatic,22.96529611970118
256,3429000.0,23.010089851879513,10.649999999999977,315.9187831540333,-1.0,-0.3321961760520935,18.0,0.33390191197395325,ppo_thermostatic,23.053328608411164
257,3429900.0,22.966261267264713,10.324999999999989,289.90563104971784,-1.0,-0.3801266849040985,18.0,0.30993665754795074,ppo_thermostatic,23.010089851879513
258,3430800.0,22.92023660917397,10.0,266.9073426414862,-1.0,-0.4226919412612915,18.0,0.28865402936935425,ppo_thermostatic,22.966261267264713
259,3431700.0,23.16798752754255,9.6025390625,207.22753396449562,-0.9490338563919067,-0.531946063041687,18.433212220668793,0.2340269684791565,ppo_thermostatic,22.92023660917397
260,3432600.0,22.928698743593316,9.098437499999989,216.33812516332847,-0.9922882318496704,-0.524294912815094,18.0655500292778,0.237852543592453,ppo_thermostatic,23.16798752754255
261,3433500.0,23.031032280322904,8.545117187500011,177.08436722569687,-0.942460298538208,-0.5823389887809753,18.489087462425232,0.20883050560951233,ppo_thermostatic,22.928698743593316
262,3434400.0,22.88742012284365,8.0,175.0055578289738,-0.9500876069068909,-0.58006751537323,18.424255341291428,0.209966242313385,ppo_thermostatic,23.031032280322904
263,3435300.0,22.334250479175807,7.476367187499989,85.75496570626166,-0.8154938817024231,-0.6677676439285278,19.568302005529404,0.16611617803573608,ppo_thermostatic,22.88742012284365
264,3436200.0,22.557004471502637,6.950520833333314,20.145653219246668,-0.5933011174201965,-0.8034728765487671,21.45694050192833,0.09826356172561646,ppo_thermostatic,22.334250479175807
265,3437100.0,22.44804774965786,6.424414062499977,13.460868504811046,-0.5563904047012329,-0.7883740663528442,21.77068156003952,0.10581296682357788,ppo_thermostatic,22.557004471502637
266,3438000.0,22.31890000899881,5.899999999999977,5.398522311018276,-0.5218656659126282,-0.7809022068977356,22.06414183974266,0.1095488965511322,ppo_thermostatic,22.44804774965786
267,3438900.0,22.28754120075348,5.361328125,47.99825246873359,-0.40819883346557617,-0.7921502590179443,23.030309915542603,0.10392487049102783,ppo_thermostatic,22.31890000899881
268,3439800.0,22.208160489217732,4.819791666666674,89.67534665243862,-0.360302209854126,-0.7645502686500549,23.43743121623993,0.11772486567497253,ppo_thermostatic,22.28754120075348
269,3440700.0,22.117218203265907,4.318359375,129.06037334402495,-0.3296229839324951,-0.7362601161003113,23.69820463657379,0.13186994194984436,ppo_thermostatic,22.208160489217732
270,3441600.0,22.033212736641985,3.8999999999999773,168.79270486143497,-0.3031824827194214,-0.7112767696380615,23.922948896884918,0.14436161518096924,ppo_thermostatic,22.117218203265907
271,3442500.0,22.013674866854387,3.6019531250000227,230.5050681060473,-0.24507758021354675,-0.6897442936897278,24.416840568184853,0.1551278531551361,ppo_thermostatic,22.033212736641985
272,3443400.0,21.990760402144588,3.39270833333336,282.6711428656588,-0.21668587625026703,-0.6572359800338745,24.65817005187273,0.17138200998306274,ppo_thermostatic,22.013674866854387
273,3444300.0,21.958537026345027,3.2121093750000114,327.5314765251546,-0.19884386658668518,-0.6285070180892944,24.809827134013176,0.18574649095535278,ppo_thermostatic,21.990760402144588
274,3445200.0,21.922364743499998,3.0,369.1510542773681,-0.18329960107803345,-0.6046866774559021,24.941953390836716,0.19765666127204895,ppo_thermostatic,21.958537026345027
275,3446100.0,21.94530258392234,2.7507812499999886,433.9507294837547,-0.13752204179763794,-0.5854840874671936,25.331062644720078,0.2072579562664032,ppo_thermostatic,21.922364743499998
276,3447000.0,21.95273969506883,2.5,486.9487059427707,-0.12056031823158264,-0.5530665516853333,25.475237295031548,0.22346672415733337,ppo_thermostatic,21.94530258392234
277,3447900.0,21.939218141896106,2.2492187500000114,530.427266163947,-0.11305548995733261,-0.5237973928451538,25.539028335362673,0.2381013035774231,ppo_thermostatic,21.95273969506883
278,3448800.0,21.916289209631145,2.0,570.1005817728872,-0.10615029186010361,-0.4996787905693054,25.59772251918912,0.2501606047153473,ppo_thermostatic,21.939218141896106
279,3449700.0,21.9508793282522,1.7105468749999773,633.936549791927,-0.07250896096229553,-0.479228138923645,25.883673831820488,0.2603859305381775,ppo_thermostatic,21.916289209631145
280,3450600.0,21.95236437977576,1.4010416666666856,684.1216429070271,-0.06399206817150116,-0.44820916652679443,25.95606742054224,0.2758954167366028,ppo_thermostatic,21.9508793282522
281,3451500.0,21.93436075622901,1.166015625,726.2467037150911,-0.060601506382226944,-0.4212537109851837,25.98488719575107,0.28937314450740814,ppo_thermostatic,21.95236437977576
282,3452400.0,21.917630296138327,1.1000000000000227,764.5516096474882,-0.05541261285543442,-0.3999285101890564,26.028992790728807,0.3000357449054718,ppo_thermostatic,21.93436075622901
283,3453300.0,21.89479342909118,1.1499999999999773,793.6131185639651,-0.05463556572794914,-0.3817351460456848,26.035597691312432,0.3091324269771576,ppo_thermostatic,21.917630296138327
284,3454200.0,21.882527634739233,1.1999999999999886,824.154772619118,-0.045899197459220886,-0.3711264431476593,26.109856821596622,0.31443677842617035,ppo_thermostatic,21.89479342909118
285,3455100.0,21.876691415147434,1.25,854.7019578793374,-0.035961493849754333,-0.36148780584335327,26.194327302277088,0.31925609707832336,ppo_thermostatic,21.882527634739233
286,3456000.0,21.873649979012328,1.3000000000000114,884.0833999439878,-0.02654915675520897,-0.3520362675189972,26.274332167580724,0.3239818662405014,ppo_thermostatic,21.876691415147434
287,3456900.0,21.875673559427923,1.3500000000000227,913.8408649177828,-0.020875878632068634,-0.337328165769577,26.322555031627417,0.3313359171152115,ppo_thermostatic,21.873649979012328
288,3457800.0,21.876573387479823,1.3999999999999773,940.1292015831332,-0.014059223234653473,-0.32697317004203796,26.380496602505445,0.336513414978981,ppo_thermostatic,21.875673559427923
289,3458700.0,21.878826459644188,1.4499999999999886,964.682850397352,-0.0066206082701683044,-0.3186616003513336,26.44372482970357,0.3406691998243332,ppo_thermostatic,21.876573387479823
290,3459600.0,21.88169407849125,1.5,988.3129927065044,0.0009815618395805359,-0.3113154470920563,26.508343275636435,0.34434227645397186,ppo_thermostatic,21.878826459644188
291,3460500.0,21.887420803429904,1.5500000000000114,1012.6204656515686,0.0053065866231918335,-0.29920947551727295,26.54510598629713,0.3503952622413635,ppo_thermostatic,21.88169407849125
292,3461400.0,21.892798949772214,1.6000000000000227,1035.2984387065737,0.011633031070232391,-0.29093900322914124,26.598880764096975,0.3545304983854294,ppo_thermostatic,21.887420803429904
293,3462300.0,21.899933221981826,1.6499999999999773,1057.588901633247,0.018891550600528717,-0.284003347158432,26.660578180104494,0.357998326420784,ppo_thermostatic,21.892798949772214
294,3463200.0,21.908522714854485,1.6999999999999886,1079.890197839283,0.02643445134162903,-0.2773575484752655,26.724692836403847,0.36132122576236725,ppo_thermostatic,21.899933221981826
295,3464100.0,22.040386222626694,1.559868421052613,1157.8455615875182,0.06945158541202545,-0.2610284388065338,27.090338476002216,0.3694857805967331,ppo_thermostatic,21.908522714854485
296,3465000.0,22.08500974293713,1.1513157894736992,1202.9071272865392,0.0729372501373291,-0.23047372698783875,27.119966626167297,0.3847631365060806,ppo_thermostatic,22.040386222626694
297,3465900.0,22.08113160934988,0.6421052631578732,1237.6744821083967,0.06674501299858093,-0.2010534703731537,27.067332610487938,0.39947326481342316,ppo_thermostatic,22.08500974293713
298,3466800.0,22.06402696130442,0.19999999999998863,1270.7974479493328,0.060212597250938416,-0.1738589107990265,27.011807076632977,0.41307054460048676,ppo_thermostatic,22.08113160934988
299,3467700.0,22.14599783070804,-0.15117784380305466,1338.221832830771,0.09671807289123535,-0.16814464330673218,27.3221036195755,0.4159276783466339,ppo_thermostatic,22.06402696130442
300,3468600.0,22.176577091446347,-0.5005093378607626,1383.1569092522666,0.0994730144739151,-0.13958275318145752,27.34552062302828,0.43020862340927124,ppo_thermostatic,22.14599783070804
301,3469500.0,22.1792248578019,-0.8495861629880892,1419.3358003163578,0.09449034929275513,-0.11001775413751602,27.30316796898842,0.444991122931242,ppo_thermostatic,22.176577091446347
302,3470400.0,22.170911108993266,-1.1999999999999886,1453.1225440117685,0.08896128833293915,-0.08258990198373795,27.256170950829983,0.458705049008131,ppo_thermostatic,22.1792248578019
303,3471300.0,22.27114548579857,-1.6665322580645352,1534.1276910830034,0.12818637490272522,-0.07363838702440262,27.589584186673164,0.4631808064877987,ppo_thermostatic,22.170911108993266
304,3472200.0,22.292422393834272,-2.2258064516129252,1585.6245403421353,0.12630246579647064,-0.03673557937145233,27.57357095927,0.48163221031427383,ppo_thermostatic,22.27114548579857
305,3473100.0,22.276520954411353,-2.6721774193548526,1624.344079285912,0.11399975419044495,0.0024032220244407654,27.468997910618782,0.5012016110122204,ppo_thermostatic,22.292422393834272
306,3474000.0,22.258286100202156,-2.8000000000000114,1655.1685821974988,0.10271887481212616,0.03577128425240517,27.373110435903072,0.5178856421262026,ppo_thermostatic,22.276520954411353
307,3474900.0,22.126905681958533,-2.5860887096774263,1621.7350674438171,0.07377742230892181,0.03771639242768288,27.127108089625835,0.5188581962138414,ppo_thermostatic,22.258286100202156
308,3475800.0,22.096231638164227,-2.2129032258064285,1624.8971557043578,0.07783478498458862,0.02688387781381607,27.161595672369003,0.513441938906908,ppo_thermostatic,22.126905681958533
309,3476700.0,22.10218664580566,-1.7832661290322562,1634.7478841398129,0.08674202859401703,0.01948990672826767,27.237307243049145,0.5097449533641338,ppo_thermostatic,22.096231638164227
310,3477600.0,22.114525856194234,-1.3999999999999773,1643.2395195533713,0.09395045042037964,0.015364401042461395,27.298578828573227,0.5076822005212307,ppo_thermostatic,22.10218664580566
311,3478500.0,21.967081180802438,-1.0742996604414543,1581.5170465908059,0.07295587658882141,-0.016140587627887726,27.120124951004982,0.49192970618605614,ppo_thermostatic,22.114525856194234
312,3479400.0,21.908942510059035,-0.7489388794567162,1565.1205349902446,0.07993073761463165,-0.0470065176486969,27.17941126972437,0.47649674117565155,ppo_thermostatic,21.967081180802438
313,3480300.0,21.889589841689258,-0.42410865874364845,1560.2520176798694,0.08839689195156097,-0.06553614884614944,27.25137358158827,0.4672319255769253,ppo_thermostatic,21.908942510059035
314,3481200.0,21.929639286587303,-0.10000000000002274,1540.6414986976247,0.0921875536441803,-0.07571952790021896,27.283594205975533,0.4621402360498905,ppo_thermostatic,21.889589841689258
315,3482100.0,21.920884852341203,0.1711348684210634,1412.4463973046782,0.06193448603153229,-0.11110378056764603,27.026443131268024,0.444448109716177,ppo_thermostatic,21.929639286587303
316,3483000.0,21.997440706111718,0.39934210526314473,1289.5197506007214,0.042551785707473755,-0.14787960052490234,26.861690178513527,0.42606019973754883,ppo_thermostatic,21.920884852341203
317,3483900.0,22.01475026441483,0.6778782894737105,1178.6098901806022,0.015615031123161316,-0.17943492531776428,26.63272776454687,0.41028253734111786,ppo_thermostatic,21.997440706111718
318,3484800.0,22.000397447743524,1.1000000000000227,1086.4184100969183,-0.008231528103351593,-0.2111647129058838,26.43003201112151,0.3944176435470581,ppo_thermostatic,22.01475026441483
319,3485700.0,22.5333844899763,1.727878289473665,717.109134523003,-0.09469939768314362,-0.27168339490890503,25.69505511969328,0.3641583025455475,ppo_thermostatic,22.000397447743524
320,3486600.0,22.369610499079272,2.4993421052631675,482.38907859039045,-0.19911861419677734,-0.364518404006958,24.807491779327393,0.317740797996521,ppo_thermostatic,22.5333844899763
321,3487500.0,22.348767201193425,3.3211348684210407,364.51307774690684,-0.21634000539779663,-0.4918428659439087,24.66110995411873,0.25407856702804565,ppo_thermostatic,22.369610499079272
322,3488400.0,22.441377150287508,4.100000000000023,286.77360386784846,-0.2087576687335968,-0.5942122340202332,24.725559815764427,0.20289388298988342,ppo_thermostatic,22.348767201193425
323,3489300.0,22.48801924263131,4.8255784936479245,171.03257736851572,-0.28983551263809204,-0.6431776285171509,24.036398142576218,0.17841118574142456,ppo_thermostatic,22.441377150287508
324,3490200.0,22.645543818709882,5.550226860254099,91.21170942592565,-0.33761894702911377,-0.7008379697799683,23.630238950252533,0.14958101511001587,ppo_thermostatic,22.48801924263131
325,3491100.0,22.875196477441023,6.27476179673323,26.250355073682282,-0.3891018033027649,-0.7346169352531433,23.1926346719265,0.13269153237342834,ppo_thermostatic,22.645543818709882
326,3492000.0,23.13683485868563,7.0,14.046865210233076,-0.4614120125770569,-0.7379419803619385,22.577997893095016,0.13102900981903076,ppo_thermostatic,22.875196477441023
327,3492900.0,23.09051344664357,7.867672413793116,75.62349604238533,-0.6688964366912842,-0.6456874012947083,20.814380288124084,0.17715629935264587,ppo_thermostatic,23.13683485868563
328,3493800.0,23.0762863556497,8.837931034482779,128.26886910867097,-0.8056595921516418,-0.599542498588562,19.651893466711044,0.200228750705719,ppo_thermostatic,23.09051344664357
329,3494700.0,23.090079861290178,9.639224137931024,175.04153678577293,-0.9013645052909851,-0.5596435070037842,18.838401705026627,0.2201782464981079,ppo_thermostatic,23.0762863556497
330,3495600.0,23.071561464645242,10.0,222.79473205391542,-0.9791518449783325,-0.5133729577064514,18.177209317684174,0.2433135211467743,ppo_thermostatic,23.090079861290178
331,3496500.0,23.136902179383696,10.050000000000011,257.6364490190991,-1.0,-0.4647417664527893,18.0,0.26762911677360535,ppo_thermostatic,23.071561464645242
332,3497400.0,23.16199774141495,10.100000000000023,294.08258590350465,-1.0,-0.3941422998905182,18.0,0.3029288500547409,ppo_thermostatic,23.136902179383696
333,3498300.0,23.16308916478505,10.149999999999977,329.1996241795132,-1.0,-0.3246302604675293,18.0,0.33768486976623535,ppo_thermostatic,23.16199774141495
334,3499200.0,23.173564473523868,10.199999999999989,361.4652287273825,-1.0,-0.26277440786361694,18.0,0.36861279606819153,ppo_thermostatic,23.16308916478505
335,3500100.0,23.17910530523062,10.25,392.4922195535323,-1.0,-0.20353206992149353,18.0,0.39823396503925323,ppo_thermostatic,23.173564473523868
336,3501000.0,23.183418325855314,10.300000000000011,421.11491737053166,-1.0,-0.14947450160980225,18.0,0.4252627491950989,ppo_thermostatic,23.17910530523062
337,3501900.0,23.18516500913495,10.350000000000023,446.9990711418155,-1.0,-0.10084380954504013,18.0,0.44957809522747993,ppo_thermostatic,23.183418325855314
338,3502800.0,23.18318804941873,10.399999999999977,469.3851693720611,-1.0,-0.0586574450135231,18.0,0.47067127749323845,ppo_thermostatic,23.18516500913495
339,3503700.0,23.161868204785605,10.485398706896547,485.2921667480929,-1.0,-0.025589577853679657,18.0,0.48720521107316017,ppo_thermostatic,23.18318804941873
340,3504600.0,23.16613351296354,10.594396551724117,495.4298974164477,-1.0,-0.007557876408100128,18.0,0.49622106179594994,ppo_thermostatic,23.161868204785605
341,3505500.0,23.17194016121732,10.656196120689629,503.5578978249817,-1.0,0.00641661137342453,18.0,0.5032083056867123,ppo_thermostatic,23.16613351296354
342,3506400.0,23.17707389776467,10.600000000000023,509.3638064639012,-1.0,0.01618582010269165,18.0,0.5080929100513458,ppo_thermostatic,23.17194016121732
343,3507300.0,23.291991874168332,10.37974137931036,492.0950504300325,-1.0,-0.03455348312854767,18.0,0.48272325843572617,ppo_thermostatic,23.17707389776467
344,3508200.0,23.291612671400287,10.043103448275872,491.50634183384807,-1.0,-0.03556876629590988,18.0,0.48221561685204506,ppo_thermostatic,23.291991874168332
345,3509100.0,23.279601413675323,9.659913793103442,487.2003650928154,-1.0,-0.041477710008621216,18.0,0.4792611449956894,ppo_thermostatic,23.291612671400287
346,3510000.0,23.259360968388194,9.300000000000011,478.99306480071675,-1.0,-0.05324842780828476,18.0,0.4733757860958576,ppo_thermostatic,23.279601413675323
347,3510900.0,23.33977830196045,8.975000000000023,446.4713409678526,-1.0,-0.12548545002937317,18.0,0.4372572749853134,ppo_thermostatic,23.259360968388194
348,3511800.0,23.324476283984893,8.649999999999977,429.55230192145086,-1.0,-0.15450885891914368,18.0,0.42274557054042816,ppo_thermostatic,23.33977830196045
349,3512700.0,23.29958729073087,8.324999999999989,410.6974046602472,-1.0,-0.18613094091415405,18.0,0.406934529542923,ppo_thermostatic,23.324476283984893
350,3513600.0,23.264179269879264,8.0,390.15402659459136,-1.0,-0.21998998522758484,18.0,0.3900050073862076,ppo_thermostatic,23.29958729073087
351,3514500.0,23.331701750645777,7.675000000000011,349.0067433192425,-1.0,-0.3070819079875946,18.0,0.3464590460062027,ppo_thermostatic,23.264179269879264
352,3515400.0,23.277861523861986,7.350000000000023,326.47344015677555,-1.0,-0.3439488410949707,18.0,0.32802557945251465,ppo_thermostatic,23.331701750645777
353,3516300.0,23.229531103496242,7.024999999999977,302.0582801659781,-1.0,-0.38608312606811523,18.0,0.3069584369659424,ppo_thermostatic,23.277861523861986
354,3517200.0,23.166672176937595,6.699999999999989,278.8612570924961,-1.0,-0.42526817321777344,18.0,0.2873659133911133,ppo_thermostatic,23.229531103496242
355,3518100.0,23.294778318244198,6.422500000000014,228.3673541221281,-0.9450644254684448,-0.49502265453338623,18.46695238351822,0.2524886727333069,ppo_thermostatic,23.166672176937595
356,3519000.0,23.154995067362222,6.2099999999999795,222.5487062880116,-0.9533222913742065,-0.5006347298622131,18.396760523319244,0.24968263506889343,ppo_thermostatic,23.294778318244198
357,3519900.0,23.198976766374585,6.017499999999984,191.47998821919316,-0.9146641492843628,-0.5424286127090454,18.725354731082916,0.2287856936454773,ppo_thermostatic,23.154995067362222
358,3520800.0,23.122848153709697,5.800000000000011,181.94443796238855,-0.9085423946380615,-0.5523097515106201,18.777389645576477,0.22384512424468994,ppo_thermostatic,23.198976766374585
359,3521700.0,22.469576163522618,5.551249999999982,113.41119827747421,-0.8336873650550842,-0.6033375263214111,19.413657397031784,0.19833123683929443,ppo_thermostatic,23.122848153709697
360,3522600.0,22.770341369385335,5.298333333333346,34.027729186334135,-0.6101416945457458,-0.7496922016143799,21.31379559636116,0.12515389919281006,ppo_thermostatic,22.469576163522618
361,3523500.0,22.65557778822415,5.046249999999986,29.969420728531848,-0.5915734171867371,-0.7299239039421082,21.471625953912735,0.13503804802894592,ppo_thermostatic,22.770341369385335
362,3524400.0,22.54993744681667,4.800000000000011,20.782544393500846,-0.5604724884033203,-0.7292852401733398,21.735983848571777,0.13535737991333008,ppo_thermostatic,22.65557778822415
363,3525300.0,22.506451474187145,4.574999999999989,4.656042220208676,-0.4904806613922119,-0.7365718483924866,22.3309143781662,0.1317140758037567,ppo_thermostatic,22.54993744681667
364,3526200.0,22.43071214202274,4.366666666666674,19.01077693332421,-0.4533306360244751,-0.7259156107902527,22.64668959379196,0.13704219460487366,ppo_thermostatic,22.506451474187145
365,3527100.0,22.348292448750215,4.149999999999977,49.21250998738304,-0.4237603545188904,-0.7142378091812134,22.89803698658943,0.1428810954093933,ppo_thermostatic,22.43071214202274
366,3528000.0,22.26456435735281,3.8999999999999773,80.53614180275318,-0.3961676359176636,-0.7020431756973267,23.13257509469986,0.14897841215133667,ppo_thermostatic,22.348292448750215
367,3528900.0,22.242773019323636,3.625,140.35499711071807,-0.32706010341644287,-0.6934967637062073,23.719989120960236,0.15325161814689636,ppo_thermostatic,22.26456435735281
368,3529800.0,22.200724505767994,3.3500000000000227,186.91606961084568,-0.2929762303829193,-0.6663733720779419,24.009702041745186,0.16681331396102905,ppo_thermostatic,22.242773019323636
369,3530700.0,22.15240906968029,3.0749999999999886,229.3708618269697,-0.26885950565338135,-0.640738308429718,24.21469420194626,0.179630845785141,ppo_thermostatic,22.200724505767994
370,3531600.0,22.104911195406203,2.8000000000000114,270.89380548630936,-0.24774250388145447,-0.6176869869232178,24.394188717007637,0.1911565065383911,ppo_thermostatic,22.15240906968029
371,3532500.0,22.116624405845528,2.5249999999999773,337.6000633109522,-0.19442343711853027,-0.6003263592720032,24.847400784492493,0.1998368203639984,ppo_thermostatic,22.104911195406203
372,3533400.0,22.11047839887442,2.25,391.9401528968333,-0.17145390808582306,-0.567943274974823,25.042641781270504,0.2160283625125885,ppo_thermostatic,22.116624405845528
373,3534300.0,22.088627090720934,1.9750000000000227,438.2982178340954,-0.15814068913459778,-0.5382375717163086,25.15580414235592,0.2308812141418457,ppo_thermostatic,22.11047839887442
374,3535200.0,22.06064794897071,1.6999999999999886,481.4051131960077,-0.14660558104515076,-0.5129534602165222,25.25385256111622,0.2435232698917389,ppo_thermostatic,22.088627090720934
375,3536100.0,22.09709765984843,1.4250000000000114,551.2625298811951,-0.10440266132354736,-0.49331438541412354,25.612577378749847,0.25334280729293823,ppo_thermostatic,22.06064794897071
376,3537000.0,22.105530230379372,1.1499999999999773,603.9912071421455,-0.09146134555339813,-0.4606775641441345,25.722578562796116,0.26966121792793274,ppo_thermostatic,22.09709765984843
377,3537900.0,22.091809489437026,0.875,646.5433670320892,-0.08599913865327835,-0.43238192796707153,25.769007321447134,0.28380903601646423,ppo_thermostatic,22.105530230379372
378,3538800.0,22.06949017368106,0.6000000000000227,685.627518820986,-0.08056103438138962,-0.4092930853366852,25.81523120775819,0.2953534573316574,ppo_thermostatic,22.091809489437026
379,3539700.0,21.994293446140375,0.5174342105262895,700.6309944400796,-0.09549907594919205,-0.388237327337265,25.688257854431868,0.3058813363313675,ppo_thermostatic,22.06949017368106
380,3540600.0,21.972136254915597,0.7131578947368666,727.9253717029317,-0.08633404970169067,-0.381130188703537,25.76616057753563,0.3094349056482315,ppo_thermostatic,21.994293446140375
381,3541500.0,21.981385699079567,1.027302631578948,755.6626032142218,-0.07186786085367203,-0.37616395950317383,25.889123182743788,0.3119180202484131,ppo_thermostatic,21.972136254915597
382,3542400.0,21.996995708017835,1.3000000000000114,780.3379409599709,-0.057963017374277115,-0.3721979558467865,26.007314352318645,0.31390102207660675,ppo_thermostatic,21.981385699079567
383,3543300.0,21.962057152916145,1.4995065789473756,785.9888232251342,-0.06448394060134888,-0.3645220994949341,25.951886504888535,0.31773895025253296,ppo_thermostatic,21.996995708017835
384,3544200.0,21.95219459322192,1.6999999999999886,803.3293458873371,-0.053958334028720856,-0.3661371171474457,26.041354160755873,0.31693144142627716,ppo_thermostatic,21.962057152916145
385,3545100.0,21.95628793731089,1.9004934210526585,824.7766652283517,-0.040374550968408585,-0.3663407564163208,26.156816316768527,0.3168296217918396,ppo_thermostatic,21.95219459322192
386,3546000.0,21.965489947998265,2.1000000000000227,846.8884915802132,-0.027197133749723434,-0.3648067116737366,26.26882436312735,0.3175966441631317,ppo_thermostatic,21.95628793731089
387,3546900.0,21.944509569401077,2.3305098684210748,855.045543297762,-0.030090413987636566,-0.35823261737823486,26.24423148110509,0.32088369131088257,ppo_thermostatic,21.965489947998265
388,3547800.0,21.942840603815796,2.574342105263156,871.210681236126,-0.019084490835666656,-0.36014148592948914,26.337781827896833,0.31992925703525543,ppo_thermostatic,21.944509569401077
389,3548700.0,21.94874524587601,2.7560032894737105,891.6760075964152,-0.0046982839703559875,-0.36187008023262024,26.460064586251974,0.3190649598836899,ppo_thermostatic,21.942840603815796
390,3549600.0,21.953257435191006,2.8000000000000114,915.1637244803733,0.0092388316988945,-0.36110353469848633,26.578530069440603,0.31944823265075684,ppo_thermostatic,21.94874524587601
391,3550500.0,22.03706015557333,2.656003289473688,977.7376282760762,0.047175705432891846,-0.3508369028568268,26.90099349617958,0.3245815485715866,ppo_thermostatic,21.953257435191006
392,3551400.0,22.07057374187133,2.3743421052631675,1021.0543104681275,0.055622950196266174,-0.32763221859931946,26.972795076668262,0.33618389070034027,ppo_thermostatic,22.03706015557333
393,3552300.0,22.0716247933982,2.0305098684210634,1056.1087961061942,0.05536621809005737,-0.30440470576286316,26.970612853765488,0.3477976471185684,ppo_thermostatic,22.07057374187133
394,3553200.0,22.06111111812106,1.6999999999999886,1088.858435758544,0.05382242798805237,-0.2827626168727875,26.957490637898445,0.35861869156360626,ppo_thermostatic,22.0716247933982
395,3554100.0,22.120034990725344,1.4005363272311229,1148.0599910644444,0.08509230613708496,-0.2743205428123474,27.223284602165222,0.3628397285938263,ppo_thermostatic,22.06111111812106
396,3555000.0,22.153506113553817,1.1001144164759467,1191.3529811903397,0.09028351306915283,-0.24889159202575684,27.2674098610878,0.3755542039871216,ppo_thermostatic,22.120034990725344
397,3555900.0,22.16468350881661,0.7996352974828369,1224.9615564712317,0.08694632351398468,-0.22216129302978516,27.23904374986887,0.3889193534851074,ppo_thermostatic,22.153506113553817
398,3556800.0,22.165220726021175,0.5,1253.9685444675686,0.08189927041530609,-0.19735422730445862,27.1961437985301,0.4013228863477707,ppo_thermostatic,22.16468350881661
399,3557700.0,22.22639603331413,0.15998641304349803,1307.7072774028397,0.10651251673698425,-0.18685463070869446,27.405356392264366,0.40657268464565277,ppo_thermostatic,22.165220726021175
400,3558600.0,22.248055837194045,-0.19945652173913686,1346.7281682681003,0.105801522731781,-0.15865182876586914,27.39931294322014,0.42067408561706543,ppo_thermostatic,22.22639603331413
401,3559500.0,22.246126483913088,-0.48417119565215216,1376.7556413474056,0.09729349613189697,-0.12869784235954285,27.326994717121124,0.4356510788202286,ppo_thermostatic,22.248055837194045
402,3560400.0,22.23931984635243,-0.6000000000000227,1400.4892629966453,0.08847203850746155,-0.10232367366552353,27.252012327313423,0.44883816316723824,ppo_thermostatic,22.246126483913088
403,3561300.0,22.135828992016684,-0.48417119565215216,1376.502726518445,0.06252148747444153,-0.09695420414209366,27.031432643532753,0.45152289792895317,ppo_thermostatic,22.23931984635243
404,3562200.0,22.09739222477606,-0.19945652173913686,1379.092525613306,0.06245613098144531,-0.10200012475252151,27.030877113342285,0.44899993762373924,ppo_thermostatic,22.135828992016684
405,3563100.0,22.08984412325333,0.15998641304349803,1390.358543940413,0.06895744800567627,-0.10582546144723892,27.08613830804825,0.44708726927638054,ppo_thermostatic,22.09739222477606
406,3564000.0,22.093315865497516,0.5,1402.1413558087747,0.07543778419494629,-0.10732605308294296,27.141221165657043,0.4463369734585285,ppo_thermostatic,22.08984412325333
407,3564900.0,21.977035143917874,0.800951086956502,1361.2366629126652,0.05689099431037903,-0.12588223814964294,26.98357345163822,0.43705888092517853,ppo_thermostatic,22.093315865497516
408,3565800.0,21.92480963805008,1.103623188405777,1350.0831963033777,0.06059443950653076,-0.1467253863811493,27.01505273580551,0.42663730680942535,ppo_thermostatic,21.977035143917874
409,3566700.0,21.90981335980382,1.404483695652175,1345.938218876765,0.06641529500484467,-0.15962541103363037,27.06453000754118,0.4201872944831848,ppo_thermostatic,21.92480963805008
410,3567600.0,21.996649711463363,1.6999999999999886,1315.5168237273178,0.06784969568252563,-0.16652897000312805,27.076722413301468,0.416735514998436,ppo_thermostatic,21.90981335980382
411,3568500.0,22.08513654794325,1.9750000000000227,1182.0723365548217,0.03281806409358978,-0.1896187961101532,26.778953544795513,0.4051906019449234,ppo_thermostatic,21.996649711463363
412,3569400.0,22.258593900287224,2.2333333333333485,1025.5099404741443,-0.0018309354782104492,-0.2193240225315094,26.48443704843521,0.3903379887342453,ppo_thermostatic,22.08513654794325
413,3570300.0,22.330048639342806,2.5,873.284768729104,-0.04935956001281738,-0.2511984705924988,26.080443739891052,0.3744007647037506,ppo_thermostatic,22.258593900287224
414,3571200.0,22.28128712096526,2.8000000000000114,758.5770981779214,-0.09265271574258804,-0.2889263927936554,25.712451916188,0.3555368036031723,ppo_thermostatic,22.330048639342806
415,3572100.0,23.01784168700891,3.125,456.4899650982412,-0.14675018191337585,-0.34472599625587463,25.252623453736305,0.3276370018720627,ppo_thermostatic,22.28128712096526
416,3573000.0,22.85817442658822,3.4499999999999886,248.68378493490366,-0.27269548177719116,-0.4005560874938965,24.182088404893875,0.29972195625305176,ppo_thermostatic,23.01784168700891
417,3573900.0,22.93610591740554,3.7749999999999773,140.16918245561004,-0.31351232528686523,-0.5023818016052246,23.835145235061646,0.2488090991973877,ppo_thermostatic,22.85817442658822
418,3574800.0,23.134169589038606,4.100000000000023,54.79285254670136,-0.3478604555130005,-0.5765448212623596,23.543186128139496,0.2117275893688202,ppo_thermostatic,22.93610591740554
419,3575700.0,23.30927210098281,4.425000000000011,21.307166766784235,-0.4399659037590027,-0.6074375510215759,22.760289818048477,0.19628122448921204,ppo_thermostatic,23.134169589038606
420,3576600.0,23.51223577799965,4.75,56.08868542705841,-0.5340176820755005,-0.6176927089691162,21.960849702358246,0.1911536455154419,ppo_thermostatic,23.30927210098281
421,3577500.0,23.647419645660023,5.074999999999989,101.04647505338366,-0.6456342339515686,-0.5913403034210205,21.012109011411667,0.20432984828948975,ppo_thermostatic,23.51223577799965
422,3578400.0,23.713967865005372,5.399999999999977,157.79855579873325,-0.7608403563499451,-0.5422936677932739,20.032856971025467,0.22885316610336304,ppo_thermostatic,23.647419645660023
423,3579300.0,23.50158153258019,5.729687500000011,246.2978569057698,-0.9179462790489197,-0.45318639278411865,18.697456628084183,0.2734068036079407,ppo_thermostatic,23.713967865005372
424,3580200.0,23.57660501606739,6.0625,293.3485446960122,-0.9845319390296936,-0.4251943826675415,18.131478518247604,0.28740280866622925,ppo_thermostatic,23.50158153258019
425,3581100.0,23.680163874125697,6.389062500000023,342.58068382687804,-1.0,-0.35826560854911804,18.0,0.320867195725441,ppo_thermostatic,23.57660501606739
426,3582000.0,23.756886663958767,6.699999999999989,399.19412921856474,-1.0,-0.2657690644264221,18.0,0.36711546778678894,ppo_thermostatic,23.680163874125697
427,3582900.0,23.72344736944956,6.989062499999989,474.20719965824253,-1.0,-0.13038629293441772,18.0,0.43480685353279114,ppo_thermostatic,23.756886663958767
428,3583800.0,23.749482931340026,7.262499999999989,538.1222088304562,-1.0,-0.025017447769641876,18.0,0.48749127611517906,ppo_thermostatic,23.72344736944956
429,3584700.0,23.764862479862984,7.529687500000023,603.8055600778973,-1.0,0.08185943961143494,18.0,0.5409297198057175,ppo_thermostatic,23.749482931340026
430,3585600.0,23.77810419465044,7.800000000000011,669.2500283403384,-1.0,0.18567702174186707,18.0,0.5928385108709335,ppo_thermostatic,23.764862479862984
431,3586500.0,23.729292594487276,8.074999999999989,745.8289291344662,-1.0,0.3154725134372711,18.0,0.6577362567186356,ppo_thermostatic,23.77810419465044
432,3587400.0,23.730175407481283,8.350000000000023,809.5160655394533,-1.0,0.41319721937179565,18.0,0.7065986096858978,ppo_thermostatic,23.729292594487276
433,3588300.0,23.730763916867545,8.625,868.7891435075338,-1.0,0.5018496513366699,18.0,0.750924825668335,ppo_thermostatic,23.730175407481283
434,3589200.0,23.731687667386325,8.899999999999977,921.7025303625521,-1.0,0.579024612903595,18.0,0.7895123064517975,ppo_thermostatic,23.730763916867545
435,3590100.0,23.693251157528607,9.175000000000011,980.75256890035,-1.0,0.6716834306716919,18.0,0.835841715335846,ppo_thermostatic,23.731687667386325
436,3591000.0,23.69440940085576,9.449999999999989,1023.1010127009654,-1.0,0.7307214140892029,18.0,0.8653607070446014,ppo_thermostatic,23.693251157528607
437,3591900.0,23.703463423837036,9.725000000000023,1056.6691973003026,-1.0,0.7749237418174744,18.0,0.8874618709087372,ppo_thermostatic,23.69440940085576
438,3592800.0,23.71201418481735,10.0,1081.6544215070667,-1.0,0.8069515228271484,18.0,0.9034757614135742,ppo_thermostatic,23.703463423837036
439,3593700.0,23.815405685311646,9.986111111111086,1066.1938909584542,-1.0,0.7629650831222534,18.0,0.8814825415611267,ppo_thermostatic,23.71201418481735
440,3594600.0,23.82341773840824,9.562962962962956,1064.8741353371613,-1.0,0.7594041228294373,18.0,0.8797020614147186,ppo_thermostatic,23.815405685311646
441,3595500.0,23.80812231199775,8.983333333333348,1057.8070859167524,-1.0,0.7531830072402954,18.0,0.8765915036201477,ppo_thermostatic,23.82341773840824
442,3596400.0,23.788312781456057,8.5,1043.3095726382785,-1.0,0.7377731800079346,18.0,0.8688865900039673,ppo_thermostatic,23.80812231199775
443,3597300.0,23.863209797576587,8.149869791666674,997.1161725756906,-1.0,0.6579058170318604,18.0,0.8289529085159302,ppo_thermostatic,23.788312781456057
444,3598200.0,23.867526405971375,7.800578703703707,964.9795946710447,-1.0,0.6120834350585938,18.0,0.8060417175292969,ppo_thermostatic,23.863209797576587
445,3599100.0,23.85059988618525,7.450998263888891,928.9721593820786,-1.0,0.5645499229431152,18.0,0.7822749614715576,ppo_thermostatic,23.867526405971375
446,3600000.0,23.826727211986906,7.100000000000023,886.3986301021422,-1.0,0.5079939365386963,18.0,0.7539969682693481,ppo_thermostatic,23.85059988618525
447,3600900.0,23.907908596188577,6.686328124999989,812.1375242449458,-1.0,0.3824622929096222,18.0,0.6912311464548111,ppo_thermostatic,23.826727211986906
448,3601800.0,23.895953666351147,6.223958333333314,756.7218125868924,-1.0,0.301043301820755,18.0,0.6505216509103775,ppo_thermostatic,23.907908596188577
449,3602700.0,23.868709678291225,5.824609375000023,701.943134643005,-1.0,0.221285879611969,18.0,0.6106429398059845,ppo_thermostatic,23.895953666351147
450,3603600.0,23.825713044193265,5.600000000000023,646.9585062277251,-1.0,0.14160151779651642,18.0,0.5708007588982582,ppo_thermostatic,23.868709678291225
451,3604500.0,23.822811964108837,5.5,584.2463859671251,-1.0,0.04021324962377548,18.0,0.5201066248118877,ppo_thermostatic,23.825713044193265
452,3605400.0,23.791302894836974,5.399999999999977,532.9803193905249,-1.0,-0.04014642536640167,18.0,0.47992678731679916,ppo_thermostatic,23.822811964108837
453,3606300.0,23.772753170953365,5.300000000000011,489.17401280641957,-1.0,-0.11171979457139969,18.0,0.44414010271430016,ppo_thermostatic,23.791302894836974
454,3607200.0,23.746554614762317,5.199999999999989,453.89186707747126,-1.0,-0.1689249575138092,18.0,0.4155375212430954,ppo_thermostatic,23.772753170953365
455,3608100.0,23.13794504527243,5.100000000000023,372.17631772893714,-1.0,-0.2363595962524414,18.0,0.3818202018737793,ppo_thermostatic,23.746554614762317
456,3609000.0,23.630658068991067,5.0,243.25958229746806,-0.8939411640167236,-0.4513806104660034,18.90150010585785,0.2743096947669983,ppo_thermostatic,23.13794504527243
457,3609900.0,23.26308601827543,4.899999999999977,268.8545162026403,-0.9771853685379028,-0.4342312216758728,18.193924367427826,0.2828843891620636,ppo_thermostatic,23.630658068991067
458,3610800.0,23.407483857754073,4.800000000000011,209.94071411646692,-0.9062523245811462,-0.5129161477088928,18.796855241060257,0.2435419261455536,ppo_thermostatic,23.26308601827543
459,3611700.0,23.320494655266828,4.699999999999989,194.90271871027315,-0.8809210658073425,-0.5163615345954895,19.01217094063759,0.24181923270225525,ppo_thermostatic,23.407483857754073
460,3612600.0,23.273094649721884,4.600000000000023,173.17948207233664,-0.8461251258850098,-0.5331259369850159,19.307936429977417,0.23343703150749207,ppo_thermostatic,23.320494655266828
461,3613500.0,23.203044038034022,4.5,156.3843904424935,-0.8188459277153015,-0.5438323616981506,19.539809614419937,0.22808381915092468,ppo_thermostatic,23.273094649721884
462,3614400.0,23.139777229415415,4.399999999999977,139.30688801042075,-0.7890142798423767,-0.555399477481842,19.793378621339798,0.22230026125907898,ppo_thermostatic,23.203044038034022
463,3615300.0,23.273019498547512,4.076988636363637,94.19370583575954,-0.6612530946731567,-0.5811207294464111,20.879348695278168,0.20943963527679443,ppo_thermostatic,23.139777229415415
464,3616200.0,23.15474557105,3.4386363636363626,85.34217013946551,-0.634349524974823,-0.5583496689796448,21.108029037714005,0.2208251655101776,ppo_thermostatic,23.273019498547512
465,3617100.0,23.046922977454074,2.680965909090901,69.87236151181858,-0.5981841087341309,-0.5493724346160889,21.415435075759888,0.22531378269195557,ppo_thermostatic,23.15474557105
466,3618000.0,22.940328610665006,2.0,54.20039588832328,-0.5623521208763123,-0.5379582643508911,21.720006972551346,0.23102086782455444,ppo_thermostatic,23.046922977454074
467,3618900.0,23.01277758185131,1.4241477272727252,15.869818897717796,-0.4486757516860962,-0.5424641370773315,22.686256110668182,0.22876793146133423,ppo_thermostatic,22.940328610665006
468,3619800.0,22.952874637414027,0.8500000000000227,12.493930150565218,-0.40965038537979126,-0.5076995491981506,23.017971724271774,0.24615022540092468,ppo_thermostatic,23.01277758185131
469,3620700.0,22.878575218725018,0.2758522727272634,68.8726667449893,-0.37780624628067017,-0.47888243198394775,23.288646906614304,0.2605587840080261,ppo_thermostatic,22.952874637414027
470,3621600.0,22.800545540634914,-0.30000000000001137,125.08780134567444,-0.35099947452545166,-0.4489251971244812,23.51650446653366,0.2755374014377594,ppo_thermostatic,22.878575218725018
471,3622500.0,22.906975840021005,-0.9473721590908895,267.77960906400835,-0.2466854453086853,-0.4273948669433594,24.403173714876175,0.2863025665283203,ppo_thermostatic,22.800545540634914
472,3623400.0,22.875392835220737,-1.6573863636363626,340.631186673147,-0.2250177562236786,-0.3641340732574463,24.587349072098732,0.31793296337127686,ppo_thermostatic,22.906975840021005
473,3624300.0,22.81865598397053,-2.31370738636366,403.9741585165415,-0.211650088429451,-0.3147575557231903,24.700974248349667,0.34262122213840485,ppo_thermostatic,22.875392835220737
474,3625200.0,22.763221558588896,-2.8000000000000114,464.59309071021755,-0.19907474517822266,-0.27488023042678833,24.807864665985107,0.36255988478660583,ppo_thermostatic,22.81865598397053
475,3626100.0,22.759194723937128,-3.0382812500000114,541.6425290135694,-0.17129912972450256,-0.2431316375732422,25.043957397341728,0.3784341812133789,ppo_thermostatic,22.763221558588896
476,3627000.0,22.735496489391096,-3.1062499999999886,598.9525444757951,-0.15821808576583862,-0.2100907862186432,25.15514627099037,0.3949546068906784,ppo_thermostatic,22.759194723937128
477,3627900.0,22.714725720666706,-3.12109375,651.1440187248922,-0.14526823163032532,-0.18543711304664612,25.265220031142235,0.40728144347667694,ppo_thermostatic,22.735496489391096
478,3628800.0,22.692654501526135,-3.1999999999999886,700.136956669949,-0.13304269313812256,-0.1653786301612854,25.36913710832596,0.4173106849193573,ppo_thermostatic,22.714725720666706
479,3629700.0,22.711252002135666,-3.3500000000000227,766.7641815463265,-0.10335972905158997,-0.1583738625049591,25.621442303061485,0.42081306874752045,ppo_thermostatic,22.692654501526135
480,3630600.0,22.689363507788812,-3.5,812.9290869968653,-0.09448109567165375,-0.13684052228927612,25.696910686790943,0.43157973885536194,ppo_thermostatic,22.711252002135666
481,3631500.0,22.66420698141087,-3.6499999999999773,856.9275408587969,-0.08655763417482376,-0.11748435348272324,25.764260109513998,0.4412578232586384,ppo_thermostatic,22.689363507788812
482,3632400.0,22.63988699059837,-3.8000000000000114,899.6774613687987,-0.07895668596029282,-0.09948200732469559,25.82886816933751,0.4502589963376522,ppo_thermostatic,22.66420698141087
483,3633300.0,22.665455752136893,-3.9781249999999773,959.8468648697417,-0.05296093225479126,-0.0939861461520195,26.049832075834274,0.45300692692399025,ppo_thermostatic,22.63988699059837
484,3634200.0,22.64805623161527,-4.175000000000011,1001.2487921570851,-0.046905890107154846,-0.07411553710699081,26.101299934089184,0.4629422314465046,ppo_thermostatic,22.665455752136893
485,3635100.0,22.626696313486207,-4.334375000000023,1041.190007852713,-0.041840024292469025,-0.055169008672237396,26.144359793514013,0.4724154956638813,ppo_thermostatic,22.64805623161527
486,3636000.0,22.60882390631747,-4.399999999999977,1080.7560263791997,-0.03622373193502426,-0.03753077983856201,26.192098278552294,0.481234610080719,ppo_thermostatic,22.626696313486207
487,3636900.0,22.54447953005581,-4.334375000000023,1095.353065831297,-0.040520232170820236,-0.032103657722473145,26.155578026548028,0.4839481711387634,ppo_thermostatic,22.60882390631747
488,3637800.0,22.53479073438791,-4.175000000000011,1127.806894072779,-0.030069705098867416,-0.029519490897655487,26.244407506659627,0.48524025455117226,ppo_thermostatic,22.54447953005581
489,3638700.0,22.53968627904834,-3.9781249999999773,1161.03760228764,-0.019412286579608917,-0.02330772578716278,26.334995564073324,0.4883461371064186,ppo_thermostatic,22.53479073438791
490,3639600.0,22.549134521835924,-3.8000000000000114,1193.8005544756772,-0.00937853753566742,-0.015355169773101807,26.420282430946827,0.4923224151134491,ppo_thermostatic,22.53968627904834
491,3640500.0,22.502532833471946,-3.6499999999999773,1200.9483879362685,-0.004326432943344116,-0.030954577028751373,26.463225319981575,0.4845227114856243,ppo_thermostatic,22.549134521835924
492,3641400.0,22.49474048605066,-3.5,1226.646989471518,0.007840178906917572,-0.03663454204797745,26.5666415207088,0.4816827289760113,ppo_thermostatic,22.502532833471946
493,3642300.0,22.499826505721558,-3.3500000000000227,1256.3649303503423,0.018482215702533722,-0.033341869711875916,26.657098833471537,0.48332906514406204,ppo_thermostatic,22.49474048605066
494,3643200.0,22.509453251575053,-3.1999999999999886,1286.6402286525968,0.027159929275512695,-0.02510814368724823,26.730859398841858,0.4874459281563759,ppo_thermostatic,22.499826505721558
495,3644100.0,22.47859786637241,-3.109375,1297.8168148263896,0.03600306808948517,-0.03992205858230591,26.806026078760624,0.48003897070884705,ppo_thermostatic,22.509453251575053
496,3645000.0,22.469462566898926,-3.0749999999999886,1322.0702329686192,0.04552435874938965,-0.041581012308597565,26.886957049369812,0.4792094938457012,ppo_thermostatic,22.47859786637241
497,3645900.0,22.468132576627,-3.0031250000000114,1348.6115872597636,0.05153569579124451,-0.03386082500219345,26.93805341422558,0.4830695874989033,ppo_thermostatic,22.469462566898926
498,3646800.0,22.473854631714346,-2.8000000000000114,1372.9975740991406,0.05536279082298279,-0.02249586582183838,26.970583721995354,0.4887520670890808,ppo_thermostatic,22.468132576627
499,3647700.0,22.380405456637163,-2.5,1347.0728069378586,0.042977988719940186,-0.03800883889198303,26.86531290411949,0.4809955805540085,ppo_thermostatic,22.473854631714346
500,3648600.0,22.35520167542967,-2.1999999999999886,1352.4597166819865,0.05116984248161316,-0.05345454066991806,26.934943661093712,0.47327272966504097,ppo_thermostatic,22.380405456637163
501,3649500.0,22.352767209887134,-1.8999999999999773,1364.9358631216917,0.05981552600860596,-0.05991854518651962,27.00843197107315,0.4700407274067402,ppo_thermostatic,22.35520167542967
502,3650400.0,22.354378144119437,-1.6000000000000227,1376.8202054773387,0.0652572363615036,-0.06060145050287247,27.05468650907278,0.46969927474856377,ppo_thermostatic,22.352767209887134
503,3651300.0,22.20396903945783,-1.3000000000000114,1322.1504073585168,0.04612766206264496,-0.09474093466997147,26.892085127532482,0.45262953266501427,ppo_thermostatic,22.354378144119437
504,3652200.0,22.139541147654256,-1.0,1310.1665778019064,0.05340836942195892,-0.12551051378250122,26.95397114008665,0.4372447431087494,ppo_thermostatic,22.20396903945783
505,3653100.0,22.113812771602227,-0.6999999999999886,1310.052130275938,0.062116608023643494,-0.14277935028076172,27.02799116820097,0.42861032485961914,ppo_thermostatic,22.139541147654256
506,3654000.0,22.135299640985693,-0.39999999999997726,1300.359498117481,0.06603741645812988,-0.15097644925117493,27.061318039894104,0.42451177537441254,ppo_thermostatic,22.113812771602227
507,3654900.0,22.094103739134937,-0.21875,1199.2914373004112,0.043058887124061584,-0.19115513563156128,26.866000540554523,0.40442243218421936,ppo_thermostatic,22.135299640985693
508,3655800.0,22.105446177430167,-0.13333333333332575,1116.346223291868,0.0286216139793396,-0.224924236536026,26.743283718824387,0.387537881731987,ppo_thermostatic,22.094103739134937
509,3656700.0,22.101002453511228,0.06875000000002274,1043.1243130832063,0.008629389107227325,-0.2487853467464447,26.573349807411432,0.37560732662677765,ppo_thermostatic,22.105446177430167
510,3657600.0,22.09906235524869,0.6000000000000227,974.8282901435998,-0.01111389696598053,-0.2707865238189697,26.405531875789165,0.36460673809051514,ppo_thermostatic,22.101002453511228
511,3658500.0,22.600470293738738,1.4842285156249773,595.3459589489627,-0.12205853313207626,-0.3311851918697357,25.46250246837735,0.33440740406513214,ppo_thermostatic,22.09906235524869
512,3659400.0,22.44263167279024,2.532942708333337,363.723282897748,-0.2357647716999054,-0.4304928779602051,24.495999440550804,0.28475356101989746,ppo_thermostatic,22.600470293738738
513,3660300.0,22.466369675602607,3.6401855468749886,250.3757994640966,-0.25503450632095337,-0.5668548345565796,24.332206696271896,0.2165725827217102,ppo_thermostatic,22.44263167279024
514,3661200.0,22.630448725750114,4.699999999999989,174.8503113968752,-0.25192320346832275,-0.6725828051567078,24.358652770519257,0.16370859742164612,ppo_thermostatic,22.466369675602607
515,3662100.0,22.72643366022197,5.700312763935813,49.098175655520784,-0.38058674335479736,-0.7066095471382141,23.265012681484222,0.14669522643089294,ppo_thermostatic,22.630448725750114
516,3663000.0,22.94182884088457,6.7000527871621784,10.52545243329658,-0.47004377841949463,-0.7505444884300232,22.504627883434296,0.1247277557849884,ppo_thermostatic,22.72643366022197
517,3663900.0,23.208871545213242,7.699766416807449,36.07140889051194,-0.5703279972076416,-0.7522382140159607,21.652212023735046,0.12388089299201965,ppo_thermostatic,22.94182884088457
518,3664800.0,23.367314881949255,8.699999999999989,80.47645849866936,-0.7048436999320984,-0.69793301820755,20.508828550577164,0.15103349089622498,ppo_thermostatic,23.208871545213242
519,3665700.0,22.714968688647957,9.795692567567585,220.2395825102558,-1.0,-0.5007615089416504,18.0,0.2496192455291748,ppo_thermostatic,23.367314881949255
520,3666600.0,23.123274958493255,10.962837837837867,225.90245474779985,-1.0,-0.527736485004425,18.0,0.23613175749778748,ppo_thermostatic,22.714968688647957
521,3667500.0,23.168493010688167,12.023564189189187,291.28210036722413,-1.0,-0.39997947216033936,18.0,0.3000102639198303,ppo_thermostatic,23.123274958493255
522,3668400.0,23.218878915543314,12.800000000000011,346.9978180714185,-1.0,-0.29621192812919617,18.0,0.3518940359354019,ppo_thermostatic,23.168493010688167
523,3669300.0,23.201035938514224,13.173564189189165,406.0885286859778,-1.0,-0.18000659346580505,18.0,0.4099967032670975,ppo_thermostatic,23.218878915543314
524,3670200.0,23.191842426892833,13.262837837837822,456.66417943415377,-1.0,-0.08307323604822159,18.0,0.4584633819758892,ppo_thermostatic,23.201035938514224
525,3671100.0,23.17667734654185,13.245692567567573,503.86761210506575,-1.0,0.006941013038158417,18.0,0.5034705065190792,ppo_thermostatic,23.191842426892833
526,3672000.0,23.164152395035103,13.300000000000011,548.2186990277376,-1.0,0.08987610787153244,18.0,0.5449380539357662,ppo_thermostatic,23.17667734654185
527,3672900.0,23.122143315774792,13.45020586993246,596.6676662626672,-1.0,0.18436694145202637,18.0,0.5921834707260132,ppo_thermostatic,23.164152395035103
528,3673800.0,23.108679652639637,13.601224662162167,636.4985393530858,-1.0,0.2569473683834076,18.0,0.6284736841917038,ppo_thermostatic,23.122143315774792
529,3674700.0,23.100267786576467,13.751631123310801,671.8490278459043,-1.0,0.3196512460708618,18.0,0.6598256230354309,ppo_thermostatic,23.108679652639637
530,3675600.0,23.0944662869411,13.899999999999977,702.5201100547365,-1.0,0.3729454576969147,18.0,0.6864727288484573,ppo_thermostatic,23.100267786576467
531,3676500.0,23.052767087179575,14.0537109375,732.5320723594247,-1.0,0.4322807490825653,18.0,0.7161403745412827,ppo_thermostatic,23.0944662869411
532,3677400.0,23.03740573384971,14.204687499999977,750.5248374948524,-1.0,0.4655255377292633,18.0,0.7327627688646317,ppo_thermostatic,23.052767087179575
533,3678300.0,23.0514874573488,14.328320312500011,764.1237794672963,-1.0,0.4847193658351898,18.0,0.7423596829175949,ppo_thermostatic,23.03740573384971
534,3679200.0,23.0752506485328,14.399999999999977,777.1934189583693,-1.0,0.5006716847419739,18.0,0.7503358423709869,ppo_thermostatic,23.0514874573488
535,3680100.0,23.12251028120079,14.395117187499977,787.4942359292743,-1.0,0.5066847801208496,18.0,0.7533423900604248,ppo_thermostatic,23.0752506485328
536,3681000.0,23.13999110719459,14.332812499999989,798.7961463896236,-1.0,0.5208773016929626,18.0,0.7604386508464813,ppo_thermostatic,23.12251028120079
537,3681900.0,23.143881450301592,14.254101562500011,805.030679176883,-1.0,0.5299379825592041,18.0,0.764968991279602,ppo_thermostatic,23.13999110719459
538,3682800.0,23.14561083714517,14.199999999999989,804.8685805486206,-1.0,0.5292753577232361,18.0,0.764637678861618,ppo_thermostatic,23.143881450301592
539,3683700.0,23.178930970911438,14.173415798611131,790.8939204636408,-1.0,0.4994908273220062,18.0,0.7497454136610031,ppo_thermostatic,23.14561083714517
540,3684600.0,23.19032186735683,14.148900462962956,777.3678743204276,-1.0,0.4752504825592041,18.0,0.737625241279602,ppo_thermostatic,23.178930970911438
541,3685500.0,23.19488477055131,14.124934895833348,760.2901360755596,-1.0,0.44663703441619873,18.0,0.7233185172080994,ppo_thermostatic,23.19032186735683
542,3686400.0,23.19328776076287,14.100000000000023,738.822357039961,-1.0,0.41194066405296326,18.0,0.7059703320264816,ppo_thermostatic,23.19488477055131
543,3687300.0,23.229682096692727,14.124479166666674,703.8822196840923,-1.0,0.3465421497821808,18.0,0.6732710748910904,ppo_thermostatic,23.19328776076287
544,3688200.0,23.236282544189805,14.174537037037055,673.2464698049977,-1.0,0.2938639521598816,18.0,0.6469319760799408,ppo_thermostatic,23.229682096692727
545,3689100.0,23.23110913988404,14.13732638888888,641.6552715425097,-1.0,0.24117746949195862,18.0,0.6205887347459793,ppo_thermostatic,23.236282544189805
546,3690000.0,23.195221443515322,13.899999999999977,606.439488250024,-1.0,0.18718893826007843,18.0,0.5935944691300392,ppo_thermostatic,23.23110913988404
547,3690900.0,23.3637603711789,13.37829861111112,525.1625410696624,-1.0,0.0135602205991745,18.0,0.5067801102995872,ppo_thermostatic,23.195221443515322
548,3691800.0,23.332274965458225,12.65046296296299,484.08808905874537,-1.0,-0.05510253459215164,18.0,0.4724487327039242,ppo_thermostatic,23.3637603711789
549,3692700.0,23.293193306096725,11.847395833333337,448.70248752431047,-1.0,-0.11390144377946854,18.0,0.44304927811026573,ppo_thermostatic,23.332274965458225
550,3693600.0,23.246899056332836,11.100000000000023,419.43708249682066,-1.0,-0.16166982054710388,18.0,0.41916508972644806,ppo_thermostatic,23.293193306096725
551,3694500.0,22.75233456595197,10.424713541666677,317.5126702977103,-1.0,-0.29437750577926636,18.0,0.3528112471103668,ppo_thermostatic,23.246899056332836
552,3695400.0,23.138496673333634,9.750162037037057,211.54533787857312,-0.9509991407394409,-0.5206405520439148,18.416507303714752,0.2396797239780426,ppo_thermostatic,22.75233456595197
553,3696300.0,22.896930722100194,9.07552951388891,216.91055458351963,-1.0,-0.5257205367088318,18.0,0.2371397316455841,ppo_thermostatic,23.138496673333634
554,3697200.0,22.910311750185258,8.399999999999977,179.89002033906021,-0.973380982875824,-0.5878726840019226,18.226261645555496,0.2060636579990387,ppo_thermostatic,22.896930722100194
555,3698100.0,23.147407835284014,7.6688281250000045,115.32209547698807,-0.8377709984779358,-0.6710770130157471,19.378946512937546,0.16446149349212646,ppo_thermostatic,22.910311750185258
556,3699000.0,22.971384123962594,6.893124999999998,114.86258835036767,-0.8358034491539001,-0.6550731658935547,19.39567068219185,0.17246341705322266,ppo_thermostatic,23.147407835284014
557,3699900.0,22.899441767669884,6.1708593750000205,94.86087256513302,-0.7913376092910767,-0.6742111444473267,19.77363032102585,0.16289442777633667,ppo_thermostatic,22.971384123962594
558,3700800.0,22.80410815260285,5.600000000000023,80.88414435244414,-0.7555959820747375,-0.6818082928657532,20.07743415236473,0.1590958535671234,ppo_thermostatic,22.899441767669884
559,3701700.0,22.788331601546417,5.245859375000009,58.08454032255335,-0.6800320148468018,-0.6993416547775269,20.719727873802185,0.15032917261123657,ppo_thermostatic,22.80410815260285
560,3702600.0,22.718828027876327,5.043124999999975,46.59466025292226,-0.6389493942260742,-0.6984665989875793,21.06893014907837,0.15076670050621033,ppo_thermostatic,22.788331601546417
561,3703500.0,22.65591533566294,4.893828125000027,35.171122492422505,-0.5993264317512512,-0.7008697986602783,21.405725330114365,0.14956510066986084,ppo_thermostatic,22.718828027876327
562,3704400.0,22.5944246638183,4.699999999999989,24.23158354712779,-0.5606876015663147,-0.7028341293334961,21.734155386686325,0.14858293533325195,ppo_thermostatic,22.65591533566294
563,3705300.0,22.575845506624717,4.45049932065217,7.653062843094524,-0.49387413263320923,-0.7185840010643005,22.30206987261772,0.14070799946784973,ppo_thermostatic,22.5944246638183
564,3706200.0,22.51850656833841,4.2000815217391505,13.873228243965615,-0.4507232904434204,-0.7134465575218201,22.668852031230927,0.14327672123908997,ppo_thermostatic,22.575845506624717
565,3707100.0,22.456405097817367,3.9496229619565497,50.31699309818586,-0.41144806146621704,-0.7047000527381897,23.002691477537155,0.14764997363090515,ppo_thermostatic,22.51850656833841
566,3708000.0,22.398043147556848,3.6999999999999886,87.50505776998794,-0.3748443126678467,-0.692187488079071,23.313823342323303,0.15390625596046448,ppo_thermostatic,22.456405097817367
567,3708900.0,22.369087618255094,3.3584239130434526,138.9244197536051,-0.3153274655342102,-0.6905673742294312,23.819716542959213,0.15471631288528442,ppo_thermostatic,22.398043147556848
568,3709800.0,22.32491640542787,2.963043478260886,185.12558371353848,-0.2776293456554413,-0.6702849864959717,24.14015056192875,0.16485750675201416,ppo_thermostatic,22.369087618255094
569,3710700.0,22.28412261477996,2.711141304347848,230.00303016658748,-0.24823583662509918,-0.646837055683136,24.389995388686657,0.176581472158432,ppo_thermostatic,22.32491640542787
570,3711600.0,22.263151879184818,2.8000000000000114,272.1177609603738,-0.22191473841667175,-0.6256473064422607,24.61372472345829,0.18717634677886963,ppo_thermostatic,22.28412261477996
571,3712500.0,22.188978958298264,3.125,274.3588628897654,-0.23410755395889282,-0.6178545951843262,24.51008579134941,0.19107270240783691,ppo_thermostatic,22.263151879184818
572,3713400.0,22.155773964221225,3.4499999999999886,292.10027304335966,-0.21370595693588257,-0.6262022852897644,24.683499366044998,0.1868988573551178,ppo_thermostatic,22.188978958298264
573,3714300.0,22.147157658287256,3.7749999999999773,316.180429132662,-0.18562793731689453,-0.6312782168388367,24.922162532806396,0.18436089158058167,ppo_thermostatic,22.155773964221225
574,3715200.0,22.149954301302614,4.100000000000023,341.62832814247474,-0.1578504741191864,-0.6323872804641724,25.158270969986916,0.18380635976791382,ppo_thermostatic,22.147157658287256
575,3716100.0,22.121420226456337,4.425000000000011,350.6392207767663,-0.1674257218837738,-0.6160637140274048,25.076881363987923,0.1919681429862976,ppo_thermostatic,22.149954301302614
576,3717000.0,22.10343018290132,4.75,364.07607106811935,-0.15356522798538208,-0.6187811493873596,25.194695562124252,0.1906094253063202,ppo_thermostatic,22.121420226456337
577,3717900.0,22.099898820601823,5.074999999999989,381.9739553337175,-0.13077077269554138,-0.6239224672317505,25.3884484320879,0.18803876638412476,ppo_thermostatic,22.10343018290132
578,3718800.0,22.106073809265524,5.399999999999977,401.6652636516457,-0.1059141755104065,-0.6276578903198242,25.599729508161545,0.1861710548400879,ppo_thermostatic,22.099898820601823
579,3719700.0,22.087596099273526,5.785937499999989,407.66312609325223,-0.11545713245868683,-0.6152805089950562,25.518614374101162,0.19235974550247192,ppo_thermostatic,22.106073809265524
580,3720600.0,22.080498851153095,6.212499999999977,415.50629028565874,-0.10217449069023132,-0.6210516095161438,25.631516829133034,0.1894741952419281,ppo_thermostatic,22.087596099273526
581,3721500.0,22.085626818553237,6.557812500000011,427.2388388006987,-0.07910452783107758,-0.6301314830780029,25.82761151343584,0.18493425846099854,ppo_thermostatic,22.080498851153095
582,3722400.0,22.091737343060856,6.699999999999989,442.5571954022975,-0.05447317287325859,-0.6365271806716919,26.036978030577302,0.18173640966415405,ppo_thermostatic,22.085626818553237
583,3723300.0,22.175307311737754,6.557812500000011,496.742903003707,-0.006225995719432831,-0.6231827139854431,26.44707903638482,0.18840864300727844,ppo_thermostatic,22.091737343060856
584,3724200.0,22.22270531275717,6.212499999999977,538.7395348766621,0.010508082807064056,-0.6002677083015442,26.589318703860044,0.1998661458492279,ppo_thermostatic,22.175307311737754
585,3725100.0,22.227895886440024,5.785937499999989,572.2670273926107,0.012828171253204346,-0.5768997669219971,26.609039455652237,0.21155011653900146,ppo_thermostatic,22.22270531275717
586,3726000.0,22.2100746595209,5.399999999999977,601.7639423260557,0.011548444628715515,-0.5559026598930359,26.598161779344082,0.22204867005348206,ppo_thermostatic,22.227895886440024
587,3726900.0,22.250496297199277,5.074999999999989,653.8115412798578,0.049635425209999084,-0.546712338924408,26.921901114284992,0.22664383053779602,ppo_thermostatic,22.2100746595209
588,3727800.0,22.279692497267604,4.75,699.1295310896945,0.06178422272205353,-0.5229790806770325,27.025165893137455,0.23851045966148376,ppo_thermostatic,22.250496297199277
589,3728700.0,22.284722087161413,4.425000000000011,735.7699476864117,0.062159568071365356,-0.49795764684677124,27.028356328606606,0.2510211765766144,ppo_thermostatic,22.279692497267604
590,3729600.0,22.272222048557296,4.100000000000023,766.9946468097457,0.05903749167919159,-0.47527945041656494,27.00181867927313,0.26236027479171753,ppo_thermostatic,22.284722087161413
591,3730500.0,22.3211856706248,3.7749999999999773,823.9475724398703,0.09343060851097107,-0.4638848304748535,27.294160172343254,0.26805758476257324,ppo_thermostatic,22.272222048557296
592,3731400.0,22.353605000267066,3.4499999999999886,871.6295552848162,0.0998370349407196,-0.4355961084365845,27.348614796996117,0.28220194578170776,ppo_thermostatic,22.3211856706248
593,3732300.0,22.357295377003254,3.125,908.1586308361146,0.09368789196014404,-0.40560293197631836,27.296347081661224,0.2971985340118408,ppo_thermostatic,22.353605000267066
594,3733200.0,22.339594025050815,2.8000000000000114,937.3904879512363,0.08381533622741699,-0.3784712255001068,27.212430357933044,0.3107643872499466,ppo_thermostatic,22.357295377003254
595,3734100.0,22.352917641145837,2.5474609374999773,978.5278616508181,0.09563969075679779,-0.36271679401397705,27.31293737143278,0.3186416029930115,ppo_thermostatic,22.339594025050815
596,3735000.0,22.358486732206643,2.4015625000000114,1010.7075340658663,0.09265953302383423,-0.33795949816703796,27.28760603070259,0.331020250916481,ppo_thermostatic,22.352917641145837
597,3735900.0,22.348932211526346,2.3048828125000114,1033.18868677669,0.08421066403388977,-0.3149378001689911,27.215790644288063,0.34253109991550446,ppo_thermostatic,22.358486732206643
598,3736800.0,22.32567906893479,2.1999999999999886,1049.2859741423404,0.07458552718162537,-0.2961205840110779,27.133976981043816,0.35193970799446106,ppo_thermostatic,22.348932211526346
599,3737700.0,22.26091700473421,2.073344089673924,1048.762531751767,0.08592760562896729,-0.3188357353210449,27.230384647846222,0.34058213233947754,ppo_thermostatic,22.32567906893479
600,3738600.0,22.22180618657552,1.9487092391304373,1061.530768132966,0.09003275632858276,-0.3205806612968445,27.265278428792953,0.33970966935157776,ppo_thermostatic,22.26091700473421
601,3739500.0,22.188225082471433,1.8247197690217263,1074.6813192787467,0.08595408499240875,-0.31213533878326416,27.230609722435474,0.3439323306083679,ppo_thermostatic,22.22180618657552
602,3740400.0,22.165002515096546,1.6999999999999886,1078.9756120039967,0.07566700875759125,-0.30070123076438904,27.143169574439526,0.3496493846178055,ppo_thermostatic,22.188225082471433
603,3741300.0,22.14653293976579,1.3528192934782624,1051.9608416444662,0.082463338971138,-0.32808542251586914,27.200938381254673,0.33595728874206543,ppo_thermostatic,22.165002515096546
604,3742200.0,22.138439809427382,0.8497282608695969,1028.065363286534,0.06973308324813843,-0.33014628291130066,27.092731207609177,0.33492685854434967,ppo_thermostatic,22.14653293976579
605,3743100.0,22.105354473629973,0.6217730978260647,996.3820772506249,0.04050301015377045,-0.3215998113155365,26.84427558630705,0.33920009434223175,ppo_thermostatic,22.138439809427382
606,3744000.0,22.08267344463121,1.1000000000000227,950.4357432061281,0.009929843246936798,-0.3190634548664093,26.584403667598963,0.34046827256679535,ppo_thermostatic,22.105354473629973
607,3744900.0,22.611257211667407,2.0749999999999886,596.5190230195576,-0.09782621264457703,-0.37160924077033997,25.668477192521095,0.31419537961483,ppo_thermostatic,22.08267344463121
608,3745800.0,22.457295513234385,3.0500000000000114,370.2959670637221,-0.21428076922893524,-0.46311742067337036,24.67861346155405,0.2684412896633148,ppo_thermostatic,22.611257211667407
609,3746700.0,22.481411654611577,4.024999999999977,250.2923345340093,-0.2382255345582962,-0.5943695902824402,24.475082956254482,0.2028152048587799,ppo_thermostatic,22.457295513234385
610,3747600.0,22.621280978835216,5.0,171.9928132674386,-0.2409554272890091,-0.6957919597625732,24.451878868043423,0.15210402011871338,ppo_thermostatic,22.481411654611577
611,3748500.0,22.729128928515934,5.975000000000023,49.724709365451574,-0.37443333864212036,-0.7273552417755127,23.317316621541977,0.13632237911224365,ppo_thermostatic,22.621280978835216
612,3749400.0,22.974136213106306,6.949999999999989,11.161171977136293,-0.4732014536857605,-0.7653038501739502,22.477787643671036,0.1173480749130249,ppo_thermostatic,22.729128928515934
613,3750300.0,23.25931263123499,7.925000000000011,40.95026815703528,-0.5907742381095886,-0.7538409233093262,21.478418976068497,0.12307953834533691,ppo_thermostatic,22.974136213106306
614,3751200.0,23.368310849638362,8.899999999999977,96.13431974986064,-0.7480756044387817,-0.6803860068321228,20.141357362270355,0.1598069965839386,ppo_thermostatic,23.25931263123499
615,3752100.0,22.791912006215114,9.875,237.0926214377788,-1.0,-0.47201085090637207,18.0,0.26399457454681396,ppo_thermostatic,23.368310849638362
616,3753000.0,23.19778111226549,10.850000000000023,257.24528680817605,-1.0,-0.47133368253707886,18.0,0.26433315873146057,ppo_thermostatic,22.791912006215114
617,3753900.0,23.261327460402583,11.824999999999989,336.4798862144968,-1.0,-0.32210350036621094,18.0,0.33894824981689453,ppo_thermostatic,23.19778111226549
618,3754800.0,23.352688668066264,12.800000000000011,411.284983263415,-1.0,-0.19196906685829163,18.0,0.4040154665708542,ppo_thermostatic,23.261327460402583
619,3755700.0,23.28814660813117,13.516999999999996,508.88672850834774,-1.0,-0.0029975324869155884,18.0,0.4985012337565422,ppo_thermostatic,23.352688668066264
620,3756600.0,23.28799973015316,13.862000000000023,588.7038717605678,-1.0,0.1387786716222763,18.0,0.5693893358111382,ppo_thermostatic,23.28814660813117
621,3757500.0,23.280420299775813,14.050999999999988,665.8009729709808,-1.0,0.27246105670928955,18.0,0.6362305283546448,ppo_thermostatic,23.28799973015316
622,3758400.0,23.27514963100714,14.300000000000011,740.123077399417,-1.0,0.39664939045906067,18.0,0.6983246952295303,ppo_thermostatic,23.280420299775813
623,3759300.0,23.222921013172652,14.650411290322609,826.8763499181962,-1.0,0.5465752482414246,18.0,0.7732876241207123,ppo_thermostatic,23.27514963100714
624,3760200.0,23.2215557490851,15.000096774193537,899.3595173559205,-1.0,0.6584581136703491,18.0,0.8292290568351746,ppo_thermostatic,23.222921013172652
625,3761100.0,23.237465150163814,15.349733870967725,963.0147617772425,-1.0,0.7494395971298218,18.0,0.8747197985649109,ppo_thermostatic,23.2215557490851
626,3762000.0,23.278815054972767,15.699999999999989,1020.2711215357226,-1.0,0.8221759796142578,18.0,0.9110879898071289,ppo_thermostatic,23.237465150163814
627,3762900.0,23.27439133836083,16.131703629032245,1089.9526199677666,-1.0,0.9206576347351074,18.0,0.9603288173675537,ppo_thermostatic,23.278815054972767
628,3763800.0,23.303460655878894,16.62540322580645,1138.0562772060746,-1.0,0.9788965582847595,18.0,0.9894482791423798,ppo_thermostatic,23.27439133836083
629,3764700.0,23.343375111835883,17.031401209677426,1161.2203957632175,-1.0,1.0,18.0,1.0,ppo_thermostatic,23.303460655878894
630,3765600.0,23.372275393122948,17.19999999999999,1166.5758304073622,-1.0,1.0,18.0,1.0,ppo_thermostatic,23.343375111835883
631,3766500.0,23.380813734961123,17.031401209677426,1159.617658743571,-1.0,0.9886909127235413,18.0,0.9943454563617706,ppo_thermostatic,23.372275393122948
632,3767400.0,23.34410944715711,16.62540322580645,1144.3398236639746,-1.0,0.9772955179214478,18.0,0.9886477589607239,ppo_thermostatic,23.380813734961123
633,3768300.0,23.28578072363547,16.131703629032245,1117.6171784644316,-1.0,0.9555701613426208,18.0,0.9777850806713104,ppo_thermostatic,23.34410944715711
634,3769200.0,23.212678326949344,15.699999999999989,1079.1284307062615,-1.0,0.9207376837730408,18.0,0.9603688418865204,ppo_thermostatic,23.28578072363547
635,3770100.0,23.210207051829002,15.350327620967732,1009.3645633360154,-1.0,0.8229780197143555,18.0,0.9114890098571777,ppo_thermostatic,23.212678326949344
636,3771000.0,23.17743287734811,15.001680107526909,947.7851801298405,-1.0,0.7411254048347473,18.0,0.8705627024173737,ppo_thermostatic,23.210207051829002
637,3771900.0,23.148927324582758,14.652192540322574,887.4682964001909,-1.0,0.657133936882019,18.0,0.8285669684410095,ppo_thermostatic,23.17743287734811
638,3772800.0,23.123369027095748,14.300000000000011,827.8414473995629,-1.0,0.5704654455184937,18.0,0.7852327227592468,ppo_thermostatic,23.148927324582758
639,3773700.0,23.212268740806508,13.948437500000011,745.9386277558383,-1.0,0.41927748918533325,18.0,0.7096387445926666,ppo_thermostatic,23.123369027095748
640,3774600.0,23.238610002680957,13.59166666666664,688.0305439728464,-1.0,0.3180202543735504,18.0,0.6590101271867752,ppo_thermostatic,23.212268740806508
641,3775500.0,23.245087483417763,13.214062500000011,640.3136478043602,-1.0,0.23592689633369446,18.0,0.6179634481668472,ppo_thermostatic,23.238610002680957
642,3776400.0,23.23914563948057,12.800000000000011,599.1412753792972,-1.0,0.16587714850902557,18.0,0.5829385742545128,ppo_thermostatic,23.245087483417763
643,3777300.0,23.37058465089217,12.339062500000011,534.623814144779,-1.0,0.028999194502830505,18.0,0.5144995972514153,ppo_thermostatic,23.23914563948057
644,3778200.0,23.36237148785324,11.84166666666664,501.3899427692222,-1.0,-0.028872497379779816,18.0,0.4855637513101101,ppo_thermostatic,23.37058465089217
645,3779100.0,23.334091262914058,11.323437500000011,473.28935046000964,-1.0,-0.07521560043096542,18.0,0.4623921997845173,ppo_thermostatic,23.36237148785324
646,3780000.0,23.297279541641274,10.800000000000011,448.204853012313,-1.0,-0.11561817675828934,18.0,0.44219091162085533,ppo_thermostatic,23.334091262914058
647,3780900.0,22.775897306757088,10.277176339285688,354.7152956165257,-1.0,-0.2197994589805603,18.0,0.39010027050971985,ppo_thermostatic,23.297279541641274
648,3781800.0,23.06655005871164,9.751636904761881,262.67950647255685,-1.0,-0.4468514323234558,18.0,0.2765742838382721,ppo_thermostatic,22.775897306757088
649,3782700.0,22.991452068087312,9.225279017857133,243.24241691252243,-1.0,-0.4792957901954651,18.0,0.26035210490226746,ppo_thermostatic,23.06655005871164
650,3783600.0,22.931383572208915,8.699999999999989,220.47608846186063,-1.0,-0.5213805437088013,18.0,0.23930972814559937,ppo_thermostatic,22.991452068087312
651,3784500.0,23.091699075219424,8.123158482142856,166.4129752125475,-0.9355088472366333,-0.6067818999290466,18.548174798488617,0.19660905003547668,ppo_thermostatic,22.931383572208915
652,3785400.0,22.939685805308386,7.519196428571433,162.55955994979507,-0.943193793296814,-0.6084282398223877,18.48285275697708,0.19578588008880615,ppo_thermostatic,23.091699075219424
653,3786300.0,22.91543432209278,7.005636160714289,137.3014391003548,-0.9025430083274841,-0.6391397714614868,18.828384429216385,0.1804301142692566,ppo_thermostatic,22.939685805308386
654,3787200.0,22.84847906921084,6.699999999999989,122.12534503352668,-0.8744309544563293,-0.6530613899230957,19.0673368871212,0.17346930503845215,ppo_thermostatic,22.91543432209278
655,3788100.0,22.744058867945796,6.6806361607143,115.42044752567016,-0.8660920858383179,-0.6562459468841553,19.138217270374298,0.17187702655792236,ppo_thermostatic,22.84847906921084
656,3789000.0,22.734027175313713,6.869196428571456,98.20768595606617,-0.8292776942253113,-0.6786688566207886,19.451139599084854,0.1606655716896057,ppo_thermostatic,22.744058867945796
657,3789900.0,22.720618459478146,7.148158482142833,85.56418908424925,-0.7992071509361267,-0.6950375437736511,19.706739217042923,0.15248122811317444,ppo_thermostatic,22.734027175313713
658,3790800.0,22.711984602031066,7.399999999999977,73.79391054194643,-0.769066333770752,-0.7116459012031555,19.96293616294861,0.14417704939842224,ppo_thermostatic,22.720618459478146
659,3791700.0,22.643500278640488,7.599621123120301,70.63790757085435,-0.7568148970603943,-0.7057221531867981,20.06707337498665,0.14713892340660095,ppo_thermostatic,22.711984602031066
660,3792600.0,22.630396719335806,7.799882518797006,59.27070308666414,-0.7220561504364014,-0.7196022868156433,20.36252272129059,0.14019885659217834,ppo_thermostatic,22.643500278640488
661,3793500.0,22.6190292946049,8.000202655075213,49.10365932773527,-0.6873350739479065,-0.7315900921821594,20.657651871442795,0.1342049539089203,ppo_thermostatic,22.630396719335806
662,3794400.0,22.60811228247701,8.199999999999989,39.635847220317814,-0.6517695188522339,-0.7424595952033997,20.959959089756012,0.12877020239830017,ppo_thermostatic,22.6190292946049
663,3795300.0,22.562612486613432,8.475411184210543,35.58285249407753,-0.6300998330116272,-0.7320536375045776,21.14415141940117,0.13397318124771118,ppo_thermostatic,22.60811228247701
664,3796200.0,22.55432134699521,8.793421052631572,26.690435007811246,-0.5920971035957336,-0.7386728525161743,21.467174619436264,0.13066357374191284,ppo_thermostatic,22.562612486613432
665,3797100.0,22.550973222514756,8.989720394736821,17.85536536622145,-0.5521518588066101,-0.746334433555603,21.806709200143814,0.1268327832221985,ppo_thermostatic,22.55432134699521
666,3798000.0,22.530198050113086,8.899999999999977,9.422821904372336,-0.5133287906646729,-0.7515925765037537,22.13670527935028,0.12420371174812317,ppo_thermostatic,22.550973222514756
667,3798900.0,22.589823012108297,8.405592105263167,49.188250461198955,-0.38541245460510254,-0.7502606511116028,23.22399413585663,0.12486967444419861,ppo_thermostatic,22.530198050113086
668,3799800.0,22.569834063008102,7.61907894736845,101.7546919540221,-0.32632580399513245,-0.7158100605010986,23.726230666041374,0.14209496974945068,ppo_thermostatic,22.589823012108297
669,3800700.0,22.5110794725054,6.723026315789468,148.4359631080869,-0.2941058278083801,-0.6779201030731201,24.00010046362877,0.16103994846343994,ppo_thermostatic,22.569834063008102
670,3801600.0,22.43966018737467,5.899999999999977,193.31139469128212,-0.2720712423324585,-0.6426598429679871,24.187394440174103,0.17867007851600647,ppo_thermostatic,22.5110794725054
671,3802500.0,22.497088804179725,5.174753289473699,292.8942251586612,-0.17769090831279755,-0.6199225187301636,24.98962727934122,0.1900387406349182,ppo_thermostatic,22.43966018737467
672,3803400.0,22.509440182992307,4.449999999999989,365.6710328742039,-0.14603455364704132,-0.5700454711914062,25.25870629400015,0.21497726440429688,ppo_thermostatic,22.497088804179725
673,3804300.0,22.478191702442984,3.725246710526335,420.8683458589222,-0.13665124773979187,-0.5247265696525574,25.33846439421177,0.2376367151737213,ppo_thermostatic,22.509440182992307
674,3805200.0,22.423781108759044,3.0,468.25142073862264,-0.132163867354393,-0.48813849687576294,25.37660712748766,0.25593075156211853,ppo_thermostatic,22.478191702442984
675,3806100.0,22.52782045074713,2.176973684210509,586.1035724963643,-0.0535740852355957,-0.4618194103240967,26.044620275497437,0.26909029483795166,ppo_thermostatic,22.423781108759044
676,3807000.0,22.54883671129835,1.2809210526315837,663.0957202176963,-0.041104260832071304,-0.4061376452445984,26.150613782927394,0.2969311773777008,ppo_thermostatic,22.52782045074713
677,3807900.0,22.514011406451573,0.49440789473686664,717.146613465259,-0.047430045902729034,-0.35515663027763367,26.096844609826803,0.32242168486118317,ppo_thermostatic,22.54883671129835
678,3808800.0,22.469313247168714,0.0,761.226632219843,-0.053333308547735214,-0.3151957094669342,26.04666687734425,0.3424021452665329,ppo_thermostatic,22.514011406451573
679,3809700.0,22.389816244364965,-0.0897203947368439,777.7638301898132,-0.06850489974021912,-0.29107341170310974,25.917708352208138,0.35446329414844513,ppo_thermostatic,22.469313247168714
680,3810600.0,22.369757496139016,0.1065789473684049,805.8963649653514,-0.06130240857601166,-0.2819949984550476,25.9789295271039,0.3590025007724762,ppo_thermostatic,22.389816244364965
681,3811500.0,22.38385738568678,0.42458881578949104,834.6101787284699,-0.04723889008164406,-0.277410089969635,26.098469434306026,0.3612949550151825,ppo_thermostatic,22.369757496139016
682,3812400.0,22.412179813531623,0.6999999999999886,860.4247872221287,-0.03218759223818779,-0.27439653873443604,26.226405465975404,0.362801730632782,ppo_thermostatic,22.38385738568678
683,3813300.0,22.375918098762725,0.9004111842105544,861.3992394315607,-0.03354446962475777,-0.27814823389053345,26.21487200818956,0.3609258830547333,ppo_thermostatic,22.412179813531623
684,3814200.0,22.372594813023568,1.1017543859649095,877.6377226440434,-0.022017136216163635,-0.28319334983825684,26.31285434216261,0.3584033250808716,ppo_thermostatic,22.375918098762725
685,3815100.0,22.384923593587303,1.3022203947368212,898.8282949660538,-0.009050741791725159,-0.2835270166397095,26.423068694770336,0.35823649168014526,ppo_thermostatic,22.372594813023568
686,3816000.0,22.40204112302024,1.5,921.1836140352639,0.0023590996861457825,-0.27989691495895386,26.52005234733224,0.36005154252052307,ppo_thermostatic,22.384923593587303
687,3816900.0,22.369167067685225,1.7101562500000114,922.3659737590253,0.00028023868799209595,-0.28157997131347656,26.502382028847933,0.3592100143432617,ppo_thermostatic,22.40204112302024
688,3817800.0,22.3655158775598,1.9229166666666515,935.6799013433082,0.008741885423660278,-0.2841489017009735,26.574306026101112,0.35792554914951324,ppo_thermostatic,22.369167067685225
689,3818700.0,22.376874494424783,2.0992187499999773,952.6019326771003,0.01799646019935608,-0.2826126217842102,26.652969911694527,0.3586936891078949,ppo_thermostatic,22.3655158775598
690,3819600.0,22.389367732177675,2.1999999999999886,969.5069089389099,0.02432762086391449,-0.27691763639450073,26.706784777343273,0.36154118180274963,ppo_thermostatic,22.376874494424783
691,3820500.0,22.376327348552707,2.25,978.5691094366518,0.02605709433555603,-0.27482369542121887,26.721485301852226,0.36258815228939056,ppo_thermostatic,22.389367732177675
692,3821400.0,22.365620514923876,2.3000000000000114,990.9304334053364,0.026868343353271484,-0.268713116645813,26.728380918502808,0.3656434416770935,ppo_thermostatic,22.376327348552707
693,3822300.0,22.35308741480094,2.3500000000000227,1003.1590860095296,0.02574913203716278,-0.2603505253791809,26.718867622315884,0.36982473731040955,ppo_thermostatic,22.365620514923876
694,3823200.0,22.334275795997883,2.3999999999999773,1013.8887267311552,0.022634334862232208,-0.251308411359787,26.692391846328974,0.3743457943201065,ppo_thermostatic,22.35308741480094
695,3824100.0,22.277129625994974,2.4499999999999886,1010.3262259398433,0.011900149285793304,-0.248178631067276,26.601151268929243,0.375910684466362,ppo_thermostatic,22.334275795997883
696,3825000.0,22.229309904060415,2.5,1012.712909924473,0.006494678556919098,-0.24676328897476196,26.555204767733812,0.376618355512619,ppo_thermostatic,22.277129625994974
697,3825900.0,22.18582496023231,2.5500000000000114,1016.1262990657739,0.0014217346906661987,-0.24434179067611694,26.512084744870663,0.37782910466194153,ppo_thermostatic,22.229309904060415
698,3826800.0,22.146910780047392,2.6000000000000227,1016.353982627164,-0.0051724836230278015,-0.24125906825065613,26.456033889204264,0.37937046587467194,ppo_thermostatic,22.18582496023231
699,3827700.0,22.08893052531522,2.6339978448276042,995.6654211369603,-0.020766206085681915,-0.2436986267566681,26.323487248271704,0.37815068662166595,ppo_thermostatic,22.146910780047392
700,3828600.0,22.04786229481914,2.657327586206918,974.1402020435632,-0.03360895812511444,-0.24799486994743347,26.214323855936527,0.37600256502628326,ppo_thermostatic,22.08893052531522
701,3829500.0,22.010561777202213,2.7019935344827672,948.7118815840695,-0.048230625689029694,-0.25208598375320435,26.090039681643248,0.3739570081233978,ppo_thermostatic,22.04786229481914
702,3830400.0,21.972196916714893,2.8000000000000114,919.2670664653165,-0.0645313709974289,-0.257137268781662,25.951483346521854,0.371431365609169,ppo_thermostatic,22.010561777202213
703,3831300.0,22.609591842591556,3.018318965517267,664.0028918047977,-0.11462326347827911,-0.26980581879615784,25.525702260434628,0.3650970906019211,ppo_thermostatic,21.972196916714893
704,3832200.0,22.39590990771501,3.3551724137931274,481.01399775129977,-0.21841423213481903,-0.3149455487728119,24.64347902685404,0.34252722561359406,ppo_thermostatic,22.609591842591556
705,3833100.0,22.331336917995657,3.7394396551724185,399.84108786475224,-0.2351902723312378,-0.4081754982471466,24.50088268518448,0.2959122508764267,ppo_thermostatic,22.39590990771501
706,3834000.0,22.35444382935202,4.100000000000023,351.0128354626661,-0.22849181294441223,-0.48698586225509644,24.557819589972496,0.2565070688724518,ppo_thermostatic,22.331336917995657
707,3834900.0,22.341021146675587,4.425000000000011,287.9841593234769,-0.2587963938713074,-0.5265138745307922,24.300230652093887,0.23674306273460388,ppo_thermostatic,22.35444382935202
708,3835800.0,22.372481462691667,4.75,245.07837426370756,-0.2699124813079834,-0.5690231919288635,24.20574390888214,0.21548840403556824,ppo_thermostatic,22.341021146675587
709,3836700.0,22.42801041307473,5.074999999999989,210.52556056410484,-0.279001921415329,-0.6007042527198792,24.128483667969704,0.19964787364006042,ppo_thermostatic,22.372481462691667
710,3837600.0,22.535061940658466,5.399999999999977,174.14849748198358,-0.29203298687934875,-0.6212730407714844,24.017719611525536,0.1893634796142578,ppo_thermostatic,22.42801041307473
711,3838500.0,22.591273727856617,5.785937499999989,108.23435436867113,-0.3547593355178833,-0.6111553907394409,23.484545648097992,0.19442230463027954,ppo_thermostatic,22.535061940658466
712,3839400.0,22.676138934181097,6.212499999999977,53.1367326367208,-0.39795225858688354,-0.617517352104187,23.11740580201149,0.1912413239479065,ppo_thermostatic,22.591273727856617
713,3840300.0,22.76805840104805,6.557812500000011,3.7927826286843906,-0.4363095760345459,-0.6214733719825745,22.79136860370636,0.18926331400871277,ppo_thermostatic,22.676138934181097
714,3841200.0,22.815214556859246,6.699999999999989,13.977417541348839,-0.47575443983078003,-0.6180392503738403,22.45608726143837,0.19098037481307983,ppo_thermostatic,22.76805840104805
715,3842100.0,22.89521001020472,6.557812500000011,13.368672842362024,-0.46479636430740356,-0.6215408444404602,22.54923090338707,0.1892295777797699,ppo_thermostatic,22.815214556859246
716,3843000.0,22.8347055482094,6.212499999999977,17.941979625922773,-0.4838244318962097,-0.6013520359992981,22.387492328882217,0.19932398200035095,ppo_thermostatic,22.89521001020472
717,3843900.0,22.744749782911185,5.785937499999989,17.34539196352302,-0.490975022315979,-0.5916030406951904,22.32671231031418,0.20419847965240479,ppo_thermostatic,22.8347055482094
718,3844800.0,22.68023857349465,5.399999999999977,13.042620710804181,-0.4848971962928772,-0.5893903970718384,22.378373831510544,0.2053048014640808,ppo_thermostatic,22.744749782911185
719,3845700.0,22.72946306972392,5.074999999999989,17.71386293497398,-0.427693247795105,-0.6045501828193665,22.864607393741608,0.19772490859031677,ppo_thermostatic,22.68023857349465
720,3846600.0,22.690866360217342,4.75,35.60130692466131,-0.4164072275161743,-0.5887545347213745,22.96053856611252,0.20562273263931274,ppo_thermostatic,22.72946306972392
721,3847500.0,22.632972972938603,4.425000000000011,52.93546259262664,-0.4084782004356384,-0.5779485702514648,23.027935296297073,0.21102571487426758,ppo_thermostatic,22.690866360217342
722,3848400.0,22.5718160085691,4.100000000000023,73.68997454854014,-0.39774370193481445,-0.5729367136955261,23.119178533554077,0.21353164315223694,ppo_thermostatic,22.632972972938603
723,3849300.0,22.613407272190102,3.7140625000000114,133.8130434983619,-0.33533304929733276,-0.5859719514846802,23.64966908097267,0.2070140242576599,ppo_thermostatic,22.5718160085691
724,3850200.0,22.57126706848078,3.2875000000000227,160.1198849961104,-0.32307642698287964,-0.5657787919044495,23.753850370645523,0.21711060404777527,ppo_thermostatic,22.613407272190102
725,3851100.0,22.522520966933257,2.9421874999999886,183.110318638963,-0.3131732940673828,-0.5534323453903198,23.838027000427246,0.2232838273048401,ppo_thermostatic,22.57126706848078
726,3852000.0,22.491468967045478,2.8000000000000114,203.0584565170795,-0.3020744323730469,-0.5476303100585938,23.9323673248291,0.22618484497070312,ppo_thermostatic,22.522520966933257
727,3852900.0,22.473468344532478,2.8000000000000114,221.17273049382902,-0.29058873653411865,-0.5436751246452332,24.02999573945999,0.22816243767738342,ppo_thermostatic,22.491468967045478
728,3853800.0,22.45360869636704,2.8000000000000114,234.9337848413534,-0.28086307644844055,-0.5450250506401062,24.112663850188255,0.2274874746799469,ppo_thermostatic,22.473468344532478
729,3854700.0,22.430809061338437,2.8000000000000114,246.502189987081,-0.27139002084732056,-0.5503650307655334,24.193184822797775,0.22481748461723328,ppo_thermostatic,22.45360869636704
730,3855600.0,22.406131287094865,2.8000000000000114,256.99303984011624,-0.2613113522529602,-0.5585833191871643,24.27885350584984,0.22070834040641785,ppo_thermostatic,22.430809061338437
731,3856500.0,22.396168201800265,2.8000000000000114,273.2076471416629,-0.24740548431873322,-0.5606088042259216,24.397053383290768,0.21969559788703918,ppo_thermostatic,22.406131287094865
732,3857400.0,22.374530944714138,2.8000000000000114,284.02677248672444,-0.23801849782466888,-0.5650907158851624,24.476842768490314,0.21745464205741882,ppo_thermostatic,22.396168201800265
733,3858300.0,22.34720219693787,2.8000000000000114,293.3785589357162,-0.22777105867862701,-0.5737592577934265,24.56394600123167,0.21312037110328674,ppo_thermostatic,22.374530944714138
734,3859200.0,22.31704360879064,2.8000000000000114,302.4790754966774,-0.21582630276679993,-0.5849618315696716,24.6654764264822,0.20751908421516418,ppo_thermostatic,22.34720219693787
735,3860100.0,22.305362133467895,2.8000000000000114,319.789129964752,-0.19909127056598663,-0.5880628824234009,24.807724200189114,0.20596855878829956,ppo_thermostatic,22.31704360879064
736,3861000.0,22.280575595687083,2.8000000000000114,331.2957935154863,-0.18750977516174316,-0.5931500196456909,24.906166911125183,0.20342499017715454,ppo_thermostatic,22.305362133467895
737,3861900.0,22.24868193803968,2.8000000000000114,340.9377269756442,-0.17500266432762146,-0.6021029949188232,25.012477353215218,0.19894850254058838,ppo_thermostatic,22.280575595687083
738,3862800.0,22.213924863170746,2.8000000000000114,350.31768214706904,-0.1603887379169464,-0.6132500171661377,25.136695727705956,0.19337499141693115,ppo_thermostatic,22.24868193803968
739,3863700.0,22.23575015589188,2.7275390625,384.6081039916898,-0.11480733007192612,-0.6224231719970703,25.524137694388628,0.18878841400146484,ppo_thermostatic,22.213924863170746
740,3864600.0,22.22653416213359,2.5484374999999773,407.21499630381845,-0.09734871983528137,-0.6185075044631958,25.67253588140011,0.1907462477684021,ppo_thermostatic,22.23575015589188
741,3865500.0,22.193009437757212,2.3201171874999886,423.5979772937911,-0.08677899837493896,-0.6168646216392517,25.76237851381302,0.19156768918037415,ppo_thermostatic,22.22653416213359
742,3866400.0,22.150869222726953,2.1000000000000227,437.98961574647666,-0.07472345232963562,-0.6192287802696228,25.864850655198097,0.1903856098651886,ppo_thermostatic,22.193009437757212
743,3867300.0,21.292415803212975,1.9009765624999773,585.9511010096376,-0.026247505098581314,-0.6202982068061829,26.27689620666206,0.18985089659690857,ppo_thermostatic,22.150869222726953
744,3868200.0,21.30950648768635,1.6994791666666629,704.875850211542,0.15948164463043213,-0.6518439054489136,27.855593979358673,0.1740780472755432,ppo_thermostatic,21.292415803212975
745,3869100.0,21.533958597196317,1.4982421875000114,855.3749752993524,0.21962977945804596,-0.5952816009521484,28.36685312539339,0.20235919952392578,ppo_thermostatic,21.30950648768635
746,3870000.0,21.70193765576056,1.3000000000000114,962.6825778090392,0.18563739955425262,-0.512214720249176,28.077917896211147,0.243892639875412,ppo_thermostatic,21.533958597196317
747,3870900.0,21.79373613608624,1.125,1033.0124604312764,0.14614029228687286,-0.4394724369049072,27.74219248443842,0.2802637815475464,ppo_thermostatic,21.70193765576056
748,3871800.0,21.764851766098786,0.9708333333333599,1051.2676814730537,0.0979347974061966,-0.3910491168498993,27.33244577795267,0.30447544157505035,ppo_thermostatic,21.79373613608624
749,3872700.0,21.700445339841394,0.8062499999999773,1058.7267003429965,0.0715620219707489,-0.36884233355522156,27.108277186751366,0.3155788332223892,ppo_thermostatic,21.764851766098786
750,3873600.0,21.649929301292843,0.6000000000000227,1074.911930240841,0.062041670083999634,-0.35565030574798584,27.027354195713997,0.3221748471260071,ppo_thermostatic,21.700445339841394
751,3874500.0,21.747298265140046,0.33906250000001137,1153.5851543111048,0.09708979725837708,-0.333382785320282,27.325263276696205,0.333308607339859,ppo_thermostatic,21.649929301292843
752,3875400.0,21.780336576495756,0.041666666666685614,1199.2304550001122,0.08357377350330353,-0.2887205183506012,27.21037707477808,0.3556397408246994,ppo_thermostatic,21.747298265140046
753,3876300.0,21.76025119900919,-0.27656250000001137,1225.3840482210967,0.06398196518421173,-0.25362882018089294,27.0438467040658,0.37318558990955353,ppo_thermostatic,21.780336576495756
754,3877200.0,21.729042231321955,-0.6000000000000227,1249.4092887002478,0.05145883560180664,-0.22840741276741028,26.937400102615356,0.38579629361629486,ppo_thermostatic,21.76025119900919
755,3878100.0,21.83540306900221,-0.9219866071428555,1326.9886695064606,0.08568598330020905,-0.2085706889629364,27.228330858051777,0.3957146555185318,ppo_thermostatic,21.729042231321955
756,3879000.0,21.855039986122733,-1.2461309523809518,1366.9160277089247,0.07215656340122223,-0.164771169424057,27.11333078891039,0.4176144152879715,ppo_thermostatic,21.83540306900221
757,3879900.0,21.83526960325122,-1.5722098214285438,1394.251469865169,0.05783239006996155,-0.13195878267288208,26.991575315594673,0.43402060866355896,ppo_thermostatic,21.855039986122733
758,3880800.0,21.811032002692173,-1.8999999999999773,1422.1393238280446,0.049327194690704346,-0.10681826621294022,26.919281154870987,0.4465908668935299,ppo_thermostatic,21.83526960325122
759,3881700.0,21.937533722620742,-2.2473214285714107,1512.5794348549675,0.08580352365970612,-0.08306486159563065,27.229329951107502,0.4584675692021847,ppo_thermostatic,21.811032002692173
760,3882600.0,21.94873472361826,-2.6142857142856997,1552.0964719601393,0.07163049280643463,-0.03643526881933212,27.108859188854694,0.48178236559033394,ppo_thermostatic,21.937533722620742
761,3883500.0,21.92873946397981,-2.9741071428571217,1582.1224714065443,0.05995731055736542,-0.0034789443016052246,27.009637139737606,0.4982605278491974,ppo_thermostatic,21.94873472361826
762,3884400.0,21.907104459413176,-3.3000000000000114,1612.38303217462,0.053003162145614624,0.022363536059856415,26.950526878237724,0.5111817680299282,ppo_thermostatic,21.92873946397981
763,3885300.0,21.982555970888825,-3.546875,1681.7275358935678,0.07056140899658203,0.05041998252272606,27.099771976470947,0.525209991261363,ppo_thermostatic,21.907104459413176
764,3886200.0,21.98582052945278,-3.7250000000000227,1713.4673032177084,0.061124786734580994,0.08664018660783768,27.01956068724394,0.5433200933039188,ppo_thermostatic,21.982555970888825
765,3887100.0,21.98011364073352,-3.890625,1740.509965404117,0.05563880503177643,0.11190454661846161,26.9729298427701,0.5559522733092308,ppo_thermostatic,21.98582052945278
766,3888000.0,21.971130700383867,-4.100000000000023,1767.0162298103173,0.05211535096168518,0.1328442096710205,26.942980483174324,0.5664221048355103,ppo_thermostatic,21.98011364073352
767,3888900.0,22.060600324615336,-4.350000000000023,1838.7510059711528,0.07331416010856628,0.1572638899087906,27.123170360922813,0.5786319449543953,ppo_thermostatic,21.971130700383867
768,3889800.0,22.061849071363213,-4.600000000000023,1869.6070287631626,0.06464135646820068,0.19273465871810913,27.049451529979706,0.5963673293590546,ppo_thermostatic,22.060600324615336
769,3890700.0,22.055445925590618,-4.850000000000023,1898.8542374190179,0.059811025857925415,0.21870529651641846,27.008393719792366,0.6093526482582092,ppo_thermostatic,22.061849071363213
770,3891600.0,22.047037149589187,-5.100000000000023,1927.9105820021223,0.05642588436603546,0.24145185947418213,26.9796200171113,0.6207259297370911,ppo_thermostatic,22.055445925590618
771,3892500.0,22.138841384201385,-5.361718750000023,2002.3162035518264,0.07617051899433136,0.26906412839889526,27.147449411451817,0.6345320641994476,ppo_thermostatic,22.047037149589187
772,3893400.0,22.14453450756531,-5.631250000000023,2035.2959292453243,0.06892305612564087,0.3055032789707184,27.085845977067947,0.6527516394853592,ppo_thermostatic,22.138841384201385
773,3894300.0,22.145253756817453,-5.885156250000023,2066.7973917969207,0.06508822739124298,0.33319634199142456,27.053249932825565,0.6665981709957123,ppo_thermostatic,22.14453450756531
774,3895200.0,22.14423237511528,-6.100000000000023,2097.463380886268,0.06240692734718323,0.357665479183197,27.030458882451057,0.6788327395915985,ppo_thermostatic,22.145253756817453
775,3896100.0,22.196840487551356,-6.260156250000023,2153.045645278631,0.07010188698768616,0.38851577043533325,27.095866039395332,0.6942578852176666,ppo_thermostatic,22.14423237511528
776,3897000.0,22.209042186913564,-6.381250000000023,2186.804689183953,0.0673159509897232,0.4187774956226349,27.072185583412647,0.7093887478113174,ppo_thermostatic,22.196840487551356
777,3897900.0,22.220168186084834,-6.486718750000023,2218.9911806575465,0.06680069863796234,0.44279539585113525,27.06780593842268,0.7213976979255676,ppo_thermostatic,22.209042186913564
778,3898800.0,22.229051524403076,-6.600000000000023,2249.6999259425634,0.06679998338222504,0.46414488554000854,27.067799858748913,0.7320724427700043,ppo_thermostatic,22.220168186084834
779,3899700.0,22.290487108403966,-6.725000000000023,2304.6765646623603,0.08007404208183289,0.4835047423839569,27.18062935769558,0.7417523711919785,ppo_thermostatic,22.229051524403076
780,3900600.0,22.30039188746258,-6.850000000000023,2334.4363318513288,0.07833166420459747,0.5085294842720032,27.16581914573908,0.7542647421360016,ppo_thermostatic,22.290487108403966
781,3901500.0,22.30586337625556,-6.975000000000023,2362.6027713040394,0.0777178704738617,0.5287221074104309,27.160601899027824,0.7643610537052155,ppo_thermostatic,22.30039188746258
782,3902400.0,22.306248154283253,-7.100000000000023,2388.494144155464,0.07706892490386963,0.546180784702301,27.155085861682892,0.7730903923511505,ppo_thermostatic,22.30586337625556
783,3903300.0,22.377556348253904,-7.25390625,2448.261776261451,0.09356234967708588,0.5623667240142822,27.29527997225523,0.7811833620071411,ppo_thermostatic,22.306248154283253
784,3904200.0,22.373210019534383,-7.443750000000023,2472.2211971553756,0.09005483984947205,0.5841330289840698,27.265466138720512,0.7920665144920349,ppo_thermostatic,22.377556348253904
785,3905100.0,22.35882231330436,-7.63671875,2493.1552450714594,0.08734036982059479,0.5992664098739624,27.242393143475056,0.7996332049369812,ppo_thermostatic,22.373210019534383
786,3906000.0,22.337134154194246,-7.800000000000011,2510.6074336201655,0.08450734615325928,0.6104660034179688,27.218312442302704,0.8052330017089844,ppo_thermostatic,22.35882231330436
787,3906900.0,22.358933379640575,-7.911718749999977,2547.2372679352166,0.09208972752094269,0.6196963787078857,27.282762683928013,0.8098481893539429,ppo_thermostatic,22.337134154194246
788,3907800.0,22.33605195028622,-7.993749999999977,2559.5856576925435,0.08853687345981598,0.6292323470115662,27.252563424408436,0.8146161735057831,ppo_thermostatic,22.358933379640575
789,3908700.0,22.3070807686791,-8.078906249999989,2568.737938650177,0.08585251867771149,0.6328641176223755,27.229746408760548,0.8164320588111877,ppo_thermostatic,22.33605195028622
790,3909600.0,22.269921011091014,-8.199999999999989,2575.012605950444,0.08280256390571594,0.6332709789276123,27.203821793198586,0.8166354894638062,ppo_thermostatic,22.3070807686791
791,3910500.0,22.274938562154034,-8.350000000000023,2601.7477158737106,0.09346207976341248,0.6238153576850891,27.294427677989006,0.8119076788425446,ppo_thermostatic,22.269921011091014
792,3911400.0,22.22561439022894,-8.5,2603.0912453950245,0.08820207417011261,0.6232892274856567,27.249717630445957,0.8116446137428284,ppo_thermostatic,22.274938562154034
793,3912300.0,22.17070783905922,-8.649999999999977,2602.83277363444,0.08335290849208832,0.6191999912261963,27.20849972218275,0.8095999956130981,ppo_thermostatic,22.22561439022894
794,3913200.0,22.11195498802175,-8.800000000000011,2599.783523301458,0.07835474610328674,0.6127673387527466,27.166015341877937,0.8063836693763733,ppo_thermostatic,22.17070783905922
795,3914100.0,22.101396993154196,-8.949999999999989,2616.048250925519,0.08768706023693085,0.5966030955314636,27.245340012013912,0.7983015477657318,ppo_thermostatic,22.11195498802175
796,3915000.0,22.04326287682659,-9.100000000000023,2606.3708511727173,0.08153198659420013,0.5894731283187866,27.1930218860507,0.7947365641593933,ppo_thermostatic,22.101396993154196
797,3915900.0,21.983084834646206,-9.25,2593.4833092961685,0.07584401965141296,0.5788439512252808,27.14467416703701,0.7894219756126404,ppo_thermostatic,22.04326287682659
798,3916800.0,21.92201729362324,-9.399999999999977,2577.507290513366,0.07022958993911743,0.5660645365715027,27.096951514482498,0.7830322682857513,ppo_thermostatic,21.983084834646206
799,3917700.0,22.263880175785516,-9.370588235294122,2260.275121358377,0.03922882676124573,0.5498033165931702,26.83344502747059,0.7749016582965851,ppo_thermostatic,21.92201729362324
800,3918600.0,22.0624382516354,-9.088235294117624,2091.7818958364546,-0.004727378487586975,0.49219810962677,26.45981728285551,0.746099054813385,ppo_thermostatic,22.263880175785516
801,3919500.0,22.085805552209877,-8.71176470588233,2046.662684613341,0.018450401723384857,0.4111548066139221,26.65682841464877,0.7055774033069611,ppo_thermostatic,22.0624382516354
802,3920400.0,22.111691916204563,-8.399999999999977,2003.4624363688972,0.035560011863708496,0.3503366708755493,26.802260100841522,0.6751683354377747,ppo_thermostatic,22.085805552209877
803,3921300.0,22.051644666561515,-8.173391544117635,1923.379901100595,0.027071192860603333,0.30194446444511414,26.73010513931513,0.6509722322225571,ppo_thermostatic,22.111691916204563
804,3922200.0,22.070690269596412,-7.947181372549039,1883.226755436036,0.04291190207004547,0.24715137481689453,26.864751167595387,0.6235756874084473,ppo_thermostatic,22.051644666561515
805,3923100.0,22.100853182965295,-7.72238051470589,1845.9582817015569,0.05626562237739563,0.20374652743339539,26.978257790207863,0.6018732637166977,ppo_thermostatic,22.070690269596412
806,3924000.0,22.13755312631497,-7.5,1809.470075477672,0.06761574745178223,0.16727721691131592,27.07473385334015,0.583638608455658,ppo_thermostatic,22.100853182965295
807,3924900.0,22.1027591918579,-7.276562500000011,1737.8064676092765,0.054233670234680176,0.13986292481422424,26.96098619699478,0.5699314624071121,ppo_thermostatic,22.13755312631497
808,3925800.0,22.13416738220093,-7.058333333333337,1697.8047608630652,0.0644950121641159,0.10243886709213257,27.048207603394985,0.5512194335460663,ppo_thermostatic,22.1027591918579
809,3926700.0,22.18104402057469,-6.860937499999977,1661.4322719357217,0.07279600203037262,0.07458647340536118,27.118766017258167,0.5372932367026806,ppo_thermostatic,22.13416738220093
810,3927600.0,22.241412225127817,-6.699999999999989,1622.135880292749,0.077774778008461,0.05356550216674805,27.16108561307192,0.526782751083374,ppo_thermostatic,22.18104402057469
811,3928500.0,22.29399304763683,-6.5859375,1560.6220929280832,0.06950995326042175,0.039545439183712006,27.090834602713585,0.519772719591856,ppo_thermostatic,22.241412225127817
812,3929400.0,22.398229452458395,-6.508333333333326,1491.6302315386374,0.06494252383708954,0.024086125195026398,27.05201145261526,0.5120430625975132,ppo_thermostatic,22.29399304763683
813,3930300.0,22.491365178436865,-6.451562500000023,1413.2961817204016,0.051840513944625854,0.014450736343860626,26.94064436852932,0.5072253681719303,ppo_thermostatic,22.398229452458395
814,3931200.0,22.582815594955207,-6.399999999999977,1333.0023090908244,0.036829300224781036,0.005785301327705383,26.81304905191064,0.5028926506638527,ppo_thermostatic,22.491365178436865
815,3932100.0,22.68243915849621,-6.3467187499999795,1240.3109910438213,0.013694576919078827,0.0050747692584991455,26.61640390381217,0.5025373846292496,ppo_thermostatic,22.582815594955207
816,3933000.0,22.772694603550747,-6.295416666666654,1151.3783299242475,-0.007166996598243713,-2.2076070308685303e-05,26.43908052891493,0.49998896196484566,ppo_thermostatic,22.68243915849621
817,3933900.0,22.865342474500267,-6.246406250000007,1066.9266241581877,-0.025941547006368637,-0.006069079041481018,26.279496850445867,0.4969654604792595,ppo_thermostatic,22.772694603550747
818,3934800.0,22.960381924632657,-6.199999999999989,983.4569098476316,-0.044878873974084854,-0.010965503752231598,26.11852957122028,0.4945172481238842,ppo_thermostatic,22.865342474500267
819,3935700.0,23.067946440190497,-6.144999999999982,893.0900208879893,-0.06802700459957123,-0.008452482521533966,25.921770460903645,0.495773758739233,ppo_thermostatic,22.960381924632657
820,3936600.0,23.15523182502949,-6.089999999999975,804.5487705612265,-0.09151630848646164,-0.009476177394390106,25.722111377865076,0.49526191130280495,ppo_thermostatic,23.067946440190497
821,3937500.0,23.210489853879153,-6.064999999999998,732.1353018385109,-0.1115490049123764,-0.014036141335964203,25.5518334582448,0.4929819293320179,ppo_thermostatic,23.15523182502949
822,3938400.0,23.24436409801615,-6.100000000000023,681.4601131497288,-0.12510615587234497,-0.021319575607776642,25.436597675085068,0.4893402121961117,ppo_thermostatic,23.210489853879153
823,3939300.0,23.31021476864663,-6.175000000000011,666.4949865250027,-0.12216972559690475,-0.02495676279067993,25.46155733242631,0.48752161860466003,ppo_thermostatic,23.24436409801615
824,3940200.0,23.294586957327454,-6.25,649.2873280767797,-0.1318201720714569,-0.021062344312667847,25.379528537392616,0.4894688278436661,ppo_thermostatic,23.31021476864663
825,3941100.0,23.274346522019982,-6.324999999999989,658.1983841418676,-0.12926951050758362,-0.026272639632225037,25.40120916068554,0.4868636801838875,ppo_thermostatic,23.294586957327454
826,3942000.0,23.25300221171682,-6.399999999999977,677.7721546048755,-0.12259859591722488,-0.031470492482185364,25.45791193470359,0.4842647537589073,ppo_thermostatic,23.274346522019982
827,3942900.0,23.261320221402002,-6.475000000000023,726.986040412454,-0.10018925368785858,-0.037954993546009064,25.648391343653202,0.48102250322699547,ppo_thermostatic,23.25300221171682
828,3943800.0,23.223278676602035,-6.550000000000011,760.8106364366785,-0.09227238595485687,-0.03482723981142044,25.715684719383717,0.4825863800942898,ppo_thermostatic,23.261320221402002
829,3944700.0,23.19459368783322,-6.625,799.2974645230748,-0.07948499917984009,-0.03755872696638107,25.82437750697136,0.48122063651680946,ppo_thermostatic,23.223278676602035
830,3945600.0,23.158723622485354,-6.699999999999989,837.7610009403493,-0.06727094948291779,-0.04081077128648758,25.9281969293952,0.4795946143567562,ppo_thermostatic,23.19459368783322
831,3946500.0,23.170771585577313,-6.768750000000011,914.1400736883961,-0.03235296532511711,-0.04860331863164902,26.224999794736505,0.4756983406841755,ppo_thermostatic,23.158723622485354
832,3947400.0,23.114479869367244,-6.850000000000023,966.959472260048,-0.019833050668239594,-0.043736398220062256,26.331419069319963,0.47813180088996887,ppo_thermostatic,23.170771585577313
833,3948300.0,23.06039689775764,-6.981249999999989,1025.6875857473563,-0.0010563582181930542,-0.047537416219711304,26.49102095514536,0.47623129189014435,ppo_thermostatic,23.114479869367244
834,3949200.0,23.005576959459233,-7.199999999999989,1084.5324326628809,0.018367789685726166,-0.05235818773508072,26.656126212328672,0.47382090613245964,ppo_thermostatic,23.06039689775764
835,3950100.0,23.10245113993875,-7.503593749999993,1213.819903783998,0.088949054479599,-0.06553565710783005,27.25606696307659,0.467232171446085,ppo_thermostatic,23.005576959459233
836,3951000.0,23.06923474660141,-7.851249999999993,1274.7660302568204,0.09695655107498169,-0.04232502728700638,27.324130684137344,0.4788374863564968,ppo_thermostatic,23.10245113993875
837,3951900.0,23.02551715423266,-8.223281250000014,1325.4363851907403,0.10775318741798401,-0.03476099669933319,27.415902093052864,0.4826195016503334,ppo_thermostatic,23.06923474660141
838,3952800.0,22.982750238074004,-8.600000000000023,1370.3383054613314,0.12009324133396149,-0.034085310995578766,27.520792551338673,0.4829573445022106,ppo_thermostatic,23.02551715423266
839,3953700.0,22.425588495434226,-8.973451704545482,1650.5615940603764,0.17875359952449799,-0.05319745093584061,28.019405595958233,0.4734012745320797,ppo_thermostatic,22.982750238074004
840,3954600.0,22.59899570082206,-9.348371212121208,1848.6992612842073,0.28316766023635864,-0.05813460797071457,28.90692511200905,0.4709326960146427,ppo_thermostatic,22.425588495434226
841,3955500.0,22.616238453190363,-9.72410511363637,1937.3328152666136,0.26814979314804077,0.008669264614582062,28.779273241758347,0.504334632307291,ppo_thermostatic,22.59899570082206
842,3956400.0,22.555680290099474,-10.100000000000023,1980.2361643238232,0.24402736127376556,0.054460667073726654,28.574232570827007,0.5272303335368633,ppo_thermostatic,22.616238453190363
843,3957300.0,22.610671479489156,-10.561363636363637,2072.1677572929575,0.27671438455581665,0.06438520550727844,28.85207226872444,0.5321926027536392,ppo_thermostatic,22.555680290099474
844,3958200.0,22.569530483463154,-11.087878787878765,2120.924784629633,0.26253950595855713,0.10237651318311691,28.731585800647736,0.5511882565915585,ppo_thermostatic,22.610671479489156
845,3959100.0,22.507850391444265,-11.520454545454527,2160.2463278798077,0.24989892542362213,0.13040775060653687,28.624140866100788,0.5652038753032684,ppo_thermostatic,22.569530483463154
846,3960000.0,22.46294826564906,-11.699999999999989,2196.17538121009,0.24258624017238617,0.15187199413776398,28.561983041465282,0.575935997068882,ppo_thermostatic,22.507850391444265
847,3960900.0,22.256044579966613,-11.520454545454527,2147.7249775806154,0.18485353887081146,0.17974936962127686,28.071255080401897,0.5898746848106384,ppo_thermostatic,22.46294826564906
848,3961800.0,22.239129726706437,-11.087878787878765,2165.2547563805356,0.19661255180835724,0.1668187379837036,28.171206690371037,0.5834093689918518,ppo_thermostatic,22.256044579966613
849,3962700.0,22.251826705418807,-10.561363636363637,2180.875766574959,0.20006988942623138,0.1718970537185669,28.200594060122967,0.5859485268592834,ppo_thermostatic,22.239129726706437
850,3963600.0,22.268105675275024,-10.100000000000023,2193.2256692095843,0.19978339970111847,0.1819233000278473,28.198158897459507,0.5909616500139236,ppo_thermostatic,22.251826705418807
851,3964500.0,22.145002550105175,-9.72441222570535,2147.9558875602365,0.1552160382270813,0.2079366147518158,27.81933632493019,0.6039683073759079,ppo_thermostatic,22.268105675275024
852,3965400.0,22.14393864296079,-9.349190177638434,2157.19604805879,0.16090722382068634,0.20304736495018005,27.867711402475834,0.60152368247509,ppo_thermostatic,22.145002550105175
853,3966300.0,22.152638996169344,-8.974373040752369,2167.4868880353342,0.15977589786052704,0.21230116486549377,27.85809513181448,0.6061505824327469,ppo_thermostatic,22.14393864296079
854,3967200.0,22.165115206483392,-8.600000000000023,2177.5543591208807,0.15704086422920227,0.2250293791294098,27.83484734594822,0.6125146895647049,ppo_thermostatic,22.152638996169344
855,3968100.0,22.056147648607123,-8.170797413793082,2132.5335726443186,0.11551569402217865,0.2515953779220581,27.48188339918852,0.625797688961029,ppo_thermostatic,22.165115206483392
856,3969000.0,22.072021056972517,-7.712931034482779,2139.307792159796,0.12128996849060059,0.24822869896888733,27.530964732170105,0.6241143494844437,ppo_thermostatic,22.056147648607123
857,3969900.0,22.090468096509483,-7.348599137931046,2143.0379118235965,0.12000204622745514,0.2567079961299896,27.52001739293337,0.6283539980649948,ppo_thermostatic,22.072021056972517
858,3970800.0,22.104968406973455,-7.199999999999989,2147.801284581011,0.1170901358127594,0.2680260241031647,27.495266154408455,0.6340130120515823,ppo_thermostatic,22.090468096509483
859,3971700.0,22.261164088136525,-7.348599137931046,2231.237181256961,0.1526484340429306,0.28263401985168457,27.79751168936491,0.6413170099258423,ppo_thermostatic,22.104968406973455
860,3972600.0,22.249572041887973,-7.712931034482779,2250.6128491174804,0.13510923087596893,0.32420018315315247,27.648428462445736,0.6621000915765762,ppo_thermostatic,22.261164088136525
861,3973500.0,22.22431321996902,-8.170797413793082,2277.5458218975623,0.12576571106910706,0.3520286977291107,27.56900854408741,0.6760143488645554,ppo_thermostatic,22.249572041887973
862,3974400.0,22.192298141066317,-8.600000000000023,2307.623291527866,0.11754323542118073,0.37816524505615234,27.499117501080036,0.6890826225280762,ppo_thermostatic,22.22431321996902
863,3975300.0,22.310103682807494,-8.974280711206916,2405.91657072307,0.15241457521915436,0.39060837030410767,27.795523889362812,0.6953041851520538,ppo_thermostatic,22.192298141066317
864,3976200.0,22.288066041596778,-9.348943965517265,2438.478554805045,0.1386408805847168,0.43157652020454407,27.678447484970093,0.715788260102272,ppo_thermostatic,22.310103682807494
865,3977100.0,22.26939323652425,-9.724135237068992,2475.7530521542853,0.13284070789813995,0.46003055572509766,27.62914601713419,0.7300152778625488,ppo_thermostatic,22.288066041596778
866,3978000.0,22.246209907801187,-10.100000000000023,2512.2919028582864,0.1273757815361023,0.48640167713165283,27.58269414305687,0.7432008385658264,ppo_thermostatic,22.26939323652425
867,3978900.0,22.376255680127713,-10.531171874999984,2621.6879021172776,0.16429512202739716,0.5001598596572876,27.896508537232876,0.7500799298286438,ppo_thermostatic,22.246209907801187
868,3979800.0,22.350081513795203,-11.00687499999998,2660.916146525181,0.1515883058309555,0.5424041152000427,27.788500599563122,0.7712020576000214,ppo_thermostatic,22.376255680127713
869,3980700.0,22.330008807911327,-11.429140625000002,2705.5463959968965,0.14658334851264954,0.5727407336235046,27.74595846235752,0.7863703668117523,ppo_thermostatic,22.350081513795203
870,3981600.0,22.312298157436032,-11.699999999999989,2746.2904921817667,0.14224690198898315,0.6001831889152527,27.709098666906357,0.8000915944576263,ppo_thermostatic,22.330008807911327
871,3982500.0,22.27568012097379,-11.754140624999991,2767.649476108567,0.13416320085525513,0.6206372380256653,27.64038720726967,0.8103186190128326,ppo_thermostatic,22.312298157436032
872,3983400.0,22.282958115172107,-11.656875000000014,2799.906257857726,0.1359357386827469,0.6362040042877197,27.65545377880335,0.8181020021438599,ppo_thermostatic,22.27568012097379
873,3984300.0,22.30028653795455,-11.506171875000007,2827.227058379736,0.13763774931430817,0.6519588232040405,27.66992086917162,0.8259794116020203,ppo_thermostatic,22.282958115172107
874,3985200.0,22.321200272517217,-11.399999999999977,2851.4594165455796,0.13953204452991486,0.6665555834770203,27.686022378504276,0.8332777917385101,ppo_thermostatic,22.30028653795455
875,3986100.0,22.309736521457523,-11.348828125000011,2860.125328378805,0.13773301243782043,0.6723737716674805,27.670730605721474,0.8361868858337402,ppo_thermostatic,22.321200272517217
876,3987000.0,22.317165903986393,-11.298125000000027,2880.1770922617784,0.1396273374557495,0.6808800101280212,27.68683236837387,0.8404400050640106,ppo_thermostatic,22.309736521457523
877,3987900.0,22.325471425690353,-11.248359375000007,2899.9997470611224,0.1406715363264084,0.6915186643600464,27.69570805877447,0.8457593321800232,ppo_thermostatic,22.317165903986393
878,3988800.0,22.333677357652107,-11.199999999999989,2918.5709224217007,0.14152534306049347,0.7018928527832031,27.702965416014194,0.8509464263916016,ppo_thermostatic,22.325471425690353
879,3989700.0,22.32282681887716,-11.204531250000002,2925.6069990440546,0.1413705199956894,0.703007161617279,27.70164941996336,0.8515035808086395,ppo_thermostatic,22.333677357652107
880,3990600.0,22.321609446229502,-11.251250000000027,2936.6938686443054,0.14179420471191406,0.7076522707939148,27.70525074005127,0.8538261353969574,ppo_thermostatic,22.32282681887716
881,3991500.0,22.320542759211946,-11.247343750000027,2943.0499257955285,0.14059044420719147,0.7137176394462585,27.695018775761127,0.8568588197231293,ppo_thermostatic,22.321609446229502
882,3992400.0,22.32104710792811,-11.100000000000023,2945.37331836211,0.13939346373081207,0.7180425524711609,27.684844441711903,0.8590212762355804,ppo_thermostatic,22.320542759211946
883,3993300.0,22.22073544055189,-10.850000000000023,2896.500908092394,0.11831240355968475,0.7140985131263733,27.50565543025732,0.8570492565631866,ppo_thermostatic,22.32104710792811
884,3994200.0,22.214040261313528,-10.600000000000023,2897.137690752051,0.12320154905319214,0.7005394101142883,27.547213166952133,0.8502697050571442,ppo_thermostatic,22.22073544055189
885,3995100.0,22.205544952689138,-10.350000000000023,2895.930289844693,0.12510527670383453,0.6928424835205078,27.563394851982594,0.8464212417602539,ppo_thermostatic,22.214040261313528
886,3996000.0,22.196565794684943,-10.100000000000023,2893.8202534824636,0.12653712928295135,0.6857032179832458,27.575565598905087,0.8428516089916229,ppo_thermostatic,22.205544952689138
887,3996900.0,22.07459118716207,-9.850000000000023,2834.4482178382545,0.1054685115814209,0.66935133934021,27.396482348442078,0.834675669670105,ppo_thermostatic,22.196565794684943
888,3997800.0,22.04736785088886,-9.600000000000023,2825.3647371648876,0.10949036478996277,0.6471987962722778,27.430668100714684,0.8235993981361389,ppo_thermostatic,22.07459118716207
889,3998700.0,22.021340936126478,-9.350000000000023,2815.6465075826713,0.1106303334236145,0.6320805549621582,27.440357834100723,0.8160402774810791,ppo_thermostatic,22.04736785088886
890,3999600.0,21.996866303570187,-9.100000000000023,2804.3134949570886,0.11108246445655823,0.6182335019111633,27.444200947880745,0.8091167509555817,ppo_thermostatic,22.021340936126478
891,4000500.0,21.877643778925517,-8.890625,2742.8670968643137,0.09221583604812622,0.5958495140075684,27.283834606409073,0.7979247570037842,ppo_thermostatic,21.996866303570187
892,4001400.0,21.8370137284536,-8.725000000000023,2721.659980724903,0.09404852986335754,0.5693530440330505,27.29941250383854,0.7846765220165253,ppo_thermostatic,21.877643778925517
893,4002300.0,21.803089655407177,-8.546875,2697.401420871427,0.09296730160713196,0.5497259497642517,27.29022206366062,0.7748629748821259,ppo_thermostatic,21.8370137284536
894,4003200.0,21.78861210199733,-8.300000000000011,2662.25320429672,0.09098519384860992,0.5312372446060181,27.273374147713184,0.765618622303009,ppo_thermostatic,21.803089655407177
895,4004100.0,22.14869519697328,-7.974107142857122,2297.0194660521006,0.0522589385509491,0.5063123106956482,26.944200977683067,0.7531561553478241,ppo_thermostatic,21.78861210199733
896,4005000.0,21.99280560597265,-7.6142857142857,2083.8610110296554,0.00686364620923996,0.4371688663959503,26.55834099277854,0.7185844331979752,ppo_thermostatic,22.14869519697328
897,4005900.0,22.052161190447237,-7.247321428571411,1981.772986961534,0.023446641862392426,0.34819290041923523,26.699296455830336,0.6740964502096176,ppo_thermostatic,21.99280560597265
898,4006800.0,22.170497736007746,-6.899999999999977,1861.3141480767429,0.03286372870206833,0.27973175048828125,26.77934169396758,0.6398658752441406,ppo_thermostatic,22.052161190447237
899,4007700.0,22.161660587249173,-6.568303571428544,1653.5285934194858,-0.005006343126296997,0.22031420469284058,26.457446083426476,0.6101571023464203,ppo_thermostatic,22.170497736007746
900,4008600.0,22.3048043288627,-6.235714285714266,1487.897049505269,-0.008711956441402435,0.14666759967803955,26.42594837024808,0.5733337998390198,ppo_thermostatic,22.161660587249173
901,4009500.0,22.462603179112364,-5.9102678571428555,1317.3239730616383,-0.022085435688495636,0.08759097009897232,26.312273796647787,0.5437954850494862,ppo_thermostatic,22.3048043288627
902,4010400.0,22.652956116598205,-5.600000000000023,1138.7051027530963,-0.041745953261852264,0.03626056760549545,26.145159397274256,0.5181302838027477,ppo_thermostatic,22.462603179112364
903,4011300.0,22.675877249105895,-5.300000000000011,910.79141461742,-0.10801871120929718,-0.006204523146152496,25.581840954720974,0.49689773842692375,ppo_thermostatic,22.652956116598205
904,4012200.0,22.863819464142637,-5.0,742.956836291595,-0.13077346980571747,-0.06722862273454666,25.3884255066514,0.46638568863272667,ppo_thermostatic,22.675877249105895
905,4013100.0,23.029845201073613,-4.699999999999989,584.9645254130407,-0.16452783346176147,-0.10748574882745743,25.101513415575027,0.4462571255862713,ppo_thermostatic,22.863819464142637
906,4014000.0,23.20823741903115,-4.399999999999977,438.94672942713635,-0.19873639941215515,-0.13881263136863708,24.81074060499668,0.43059368431568146,ppo_thermostatic,23.029845201073613
907,4014900.0,23.26062248948392,-4.100000000000023,242.03868238534847,-0.27787742018699646,-0.15304020047187805,24.13804192841053,0.423479899764061,ppo_thermostatic,23.20823741903115
908,4015800.0,23.444823794003412,-3.8000000000000114,114.00712333313288,-0.31112679839134216,-0.18932342529296875,23.85542221367359,0.4053382873535156,ppo_thermostatic,23.26062248948392
909,4016700.0,23.60776362305853,-3.5,19.221016026665602,-0.35352641344070435,-0.2042151689529419,23.495025485754013,0.39789241552352905,ppo_thermostatic,23.444823794003412
910,4017600.0,23.753465772300387,-3.1999999999999886,56.92574671424802,-0.39740967750549316,-0.20883238315582275,23.122017741203308,0.3955838084220886,ppo_thermostatic,23.60776362305853
911,4018500.0,23.72990512697197,-2.910602678571422,115.96898317721958,-0.4868205785751343,-0.17817068099975586,22.36202508211136,0.41091465950012207,ppo_thermostatic,23.753465772300387
912,4019400.0,23.842497685333512,-2.6366071428571445,148.14453285407586,-0.5232035517692566,-0.17761072516441345,22.05276980996132,0.4111946374177933,ppo_thermostatic,23.72990512697197
913,4020300.0,23.910463729415312,-2.3693080357143117,184.9075634108646,-0.5660256147384644,-0.16197195649147034,21.688782274723053,0.41901402175426483,ppo_thermostatic,23.842497685333512
914,4021200.0,23.985433242342822,-2.1000000000000227,217.99310968413562,-0.6012818813323975,-0.1478377878665924,21.38910400867462,0.4260811060667038,ppo_thermostatic,23.910463729415312
915,4022100.0,23.89416579752435,-1.7760044642857338,271.51132314693143,-0.6727914810180664,-0.10985156148672104,20.781272411346436,0.4450742192566395,ppo_thermostatic,23.985433242342822
916,4023000.0,24.025714746712367,-1.4258928571428555,286.0463561918083,-0.6826403141021729,-0.11875633150339127,20.69755733013153,0.44062183424830437,ppo_thermostatic,23.89416579752435
917,4023900.0,23.99706005625842,-1.1628348214285893,318.1888272674423,-0.7214433550834656,-0.09915440529584885,20.367731481790543,0.4504227973520756,ppo_thermostatic,24.025714746712367
918,4024800.0,24.059694254035946,-1.1000000000000227,328.0899275641841,-0.7311481833457947,-0.10462938994169235,20.285240441560745,0.4476853050291538,ppo_thermostatic,23.99706005625842
919,4025700.0,24.107902942344253,-1.1750000000000114,334.72525208671493,-0.7348707318305969,-0.10458949953317642,20.253598779439926,0.4477052502334118,ppo_thermostatic,24.059694254035946
920,4026600.0,24.08018539832142,-1.25,346.48692088369654,-0.7507922649383545,-0.09780218452215195,20.118265748023987,0.451098907738924,ppo_thermostatic,24.107902942344253
921,4027500.0,24.101062871482384,-1.3249999999999886,345.1375805883401,-0.7516974210739136,-0.10667795687913895,20.110571920871735,0.4466610215604305,ppo_thermostatic,24.08018539832142
922,4028400.0,24.07114228462325,-1.3999999999999773,345.40795841320477,-0.7587822675704956,-0.11196621507406235,20.050350725650787,0.4440168924629688,ppo_thermostatic,24.101062871482384
923,4029300.0,24.14775705278521,-1.4750000000000227,324.95809138587435,-0.7352945804595947,-0.13719281554222107,20.249996066093445,0.43140359222888947,ppo_thermostatic,24.07114228462325
924,4030200.0,24.059630546533356,-1.5500000000000114,323.74829494773223,-0.7450497150421143,-0.13914674520492554,20.16707742214203,0.43042662739753723,ppo_thermostatic,24.14775705278521
925,4031100.0,24.086722787969848,-1.625,299.9702127691772,-0.724534809589386,-0.1698315441608429,20.34145411849022,0.41508422791957855,ppo_thermostatic,24.059630546533356
926,4032000.0,24.01047572316179,-1.6999999999999886,286.10826333986125,-0.7218987345695496,-0.18633168935775757,20.36386075615883,0.4068341553211212,ppo_thermostatic,24.086722787969848
927,4032900.0,24.098308913370374,-1.78515625,244.79443812182495,-0.6703798174858093,-0.22963747382164001,20.80177155137062,0.38518126308918,ppo_thermostatic,24.01047572316179
928,4033800.0,23.96014873188915,-1.8937500000000114,231.27234865785476,-0.6687204837799072,-0.23776432871818542,20.81587588787079,0.3811178356409073,ppo_thermostatic,24.098308913370374
929,4034700.0,23.949849029494658,-2.0304687500000114,195.43004215668444,-0.6295392513275146,-0.2772243022918701,21.148916363716125,0.36138784885406494,ppo_thermostatic,23.96014873188915
930,4035600.0,23.832376527167867,-2.1999999999999886,169.39765676830223,-0.6083042621612549,-0.3003424108028412,21.329413771629333,0.3498287945985794,ppo_thermostatic,23.949849029494658
931,4036500.0,23.907721282683838,-2.4054687500000114,116.62297411624641,-0.520520806312561,-0.3473437428474426,22.07557314634323,0.3263281285762787,ppo_thermostatic,23.832376527167867
932,4037400.0,23.772577974092883,-2.6437500000000114,96.52051175804856,-0.49857908487319946,-0.3514331579208374,22.262077778577805,0.3242834210395813,ppo_thermostatic,23.907721282683838
933,4038300.0,23.735253844599924,-2.91015625,68.54796145688505,-0.4540937542915344,-0.37532082200050354,22.640203088521957,0.31233958899974823,ppo_thermostatic,23.772577974092883
934,4039200.0,23.673888451197854,-3.1999999999999886,49.70309702879897,-0.4254283308982849,-0.3877726197242737,22.88385918736458,0.30611369013786316,ppo_thermostatic,23.735253844599924
935,4040100.0,22.937964990879948,-3.5,104.43755865447517,-0.353779673576355,-0.4164377450942993,23.492872774600983,0.29178112745285034,ppo_thermostatic,23.673888451197854
936,4041000.0,23.120804445412432,-3.8000000000000114,319.80245930294376,-0.17050175368785858,-0.46833837032318115,25.050735093653202,0.2658308148384094,ppo_thermostatic,22.937964990879948
937,4041900.0,23.045832319270517,-4.100000000000023,390.813904748744,-0.16104522347450256,-0.39956724643707275,25.131115600466728,0.3002163767814636,ppo_thermostatic,23.120804445412432
938,4042800.0,22.948471462333885,-4.399999999999977,451.45997309852754,-0.1535094678401947,-0.3565693497657776,25.195169523358345,0.3217153251171112,ppo_thermostatic,23.045832319270517
939,4043700.0,22.95797241364545,-4.699999999999989,552.5921023651488,-0.1020188257098198,-0.3374233841896057,25.63283998146653,0.33128830790519714,ppo_thermostatic,22.948471462333885
940,4044600.0,22.894547987828503,-5.0,612.5528249672167,-0.09645839035511017,-0.2952956557273865,25.680103681981564,0.35235217213630676,ppo_thermostatic,22.95797241364545
941,4045500.0,22.821096610565007,-5.300000000000011,666.8067605761429,-0.09149753302335739,-0.2637924551963806,25.722270969301462,0.3681037724018097,ppo_thermostatic,22.894547987828503
942,4046400.0,22.751152950043377,-5.600000000000023,720.7886110450439,-0.08497610688209534,-0.23735791444778442,25.77770309150219,0.3813210427761078,ppo_thermostatic,22.821096610565007
943,4047300.0,22.641219885981172,-5.709635416666686,751.8224995110908,-0.09598108381032944,-0.20945248007774353,25.6841607876122,0.39527375996112823,ppo_thermostatic,22.751152950043377
944,4048200.0,22.596254252230153,-5.550694444444446,800.3005627649817,-0.08492960035800934,-0.19503796100616455,25.77809839695692,0.4024810194969177,ppo_thermostatic,22.641219885981172
945,4049100.0,22.57166611525122,-5.291406250000023,846.141107694437,-0.0744912177324295,-0.17820292711257935,25.86682464927435,0.4108985364437103,ppo_thermostatic,22.596254252230153
946,4050000.0,22.55193127933336,-5.100000000000023,889.2540031033366,-0.06548670679330826,-0.16094663739204407,25.94336299225688,0.41952668130397797,ppo_thermostatic,22.57166611525122
947,4050900.0,22.491799882886824,-4.997656249999977,914.51915520459,-0.07157960534095764,-0.13978326320648193,25.89157335460186,0.43010836839675903,ppo_thermostatic,22.55193127933336
948,4051800.0,22.466048714902513,-4.89513888888888,954.9163649618913,-0.06335367262363434,-0.1263759434223175,25.961493782699108,0.43681202828884125,ppo_thermostatic,22.491799882886824
949,4052700.0,22.44762191105434,-4.79505208333336,996.0687135746753,-0.05624167248606682,-0.10903870314359665,26.021945783868432,0.4454806484282017,ppo_thermostatic,22.466048714902513
950,4053600.0,22.432543167840095,-4.699999999999989,1036.7341012833022,-0.0500049851834774,-0.09029830247163773,26.074957625940442,0.45485084876418114,ppo_thermostatic,22.44762191105434
951,4054500.0,22.392118421624218,-4.610937499999977,1064.1149849555711,-0.05419137328863144,-0.06819304078817368,26.039373327046633,0.46590347960591316,ppo_thermostatic,22.432543167840095
952,4055400.0,22.37885776396888,-4.52916666666664,1101.7692987609908,-0.047709036618471146,-0.053167231380939484,26.094473188742995,0.47341638430953026,ppo_thermostatic,22.392118421624218
953,4056300.0,22.371500499682497,-4.457812499999989,1137.9099306666888,-0.04239263758063316,-0.036088280379772186,26.139662580564618,0.4819558598101139,ppo_thermostatic,22.37885776396888
954,4057200.0,22.36673691933254,-4.399999999999977,1171.7265712175033,-0.03811362013220787,-0.018580131232738495,26.176034228876233,0.49070993438363075,ppo_thermostatic,22.371500499682497
955,4058100.0,22.350179102886614,-4.357812500000023,1200.9443003738259,-0.038738641887903214,0.002238534390926361,26.170721543952823,0.5011192671954632,ppo_thermostatic,22.36673691933254
956,4059000.0,22.340517204496052,-4.3291666666666515,1234.2746155981797,-0.03498203679919243,0.018561284989118576,26.202652687206864,0.5092806424945593,ppo_thermostatic,22.350179102886614
957,4059900.0,22.33119101123947,-4.310937500000023,1267.9050520936876,-0.031192727386951447,0.03477709740400314,26.234861817210913,0.5173885487020016,ppo_thermostatic,22.340517204496052
958,4060800.0,22.322157218622465,-4.300000000000011,1301.6877798025935,-0.027421467006206512,0.05087319388985634,26.266917530447245,0.5254365969449282,ppo_thermostatic,22.33119101123947
959,4061700.0,22.314817675364907,-4.290624999999977,1335.7396271527605,-0.023223169147968292,0.06634735316038132,26.30260306224227,0.5331736765801907,ppo_thermostatic,22.322157218622465
960,4062600.0,22.307728887321275,-4.28333333333336,1369.2515344553108,-0.01944604516029358,0.08204396814107895,26.334708616137505,0.5410219840705395,ppo_thermostatic,22.314817675364907
961,4063500.0,22.301693471201133,-4.284375000000011,1402.672699008282,-0.015642739832401276,0.09757234901189804,26.36703671142459,0.548786174505949,ppo_thermostatic,22.307728887321275
962,4064400.0,22.296468586199182,-4.300000000000011,1436.0849370386213,-0.011887796223163605,0.11310689896345139,26.39895373210311,0.5565534494817257,ppo_thermostatic,22.301693471201133
963,4065300.0,22.30287562326481,-4.324999999999989,1474.337840698295,-0.005751900374889374,0.12971459329128265,26.45110884681344,0.5648572966456413,ppo_thermostatic,22.296468586199182
964,4066200.0,22.302111760286493,-4.350000000000023,1508.095128271562,-0.00263155996799469,0.14742612838745117,26.477631740272045,0.5737130641937256,ppo_thermostatic,22.30287562326481
965,4067100.0,22.302527410984055,-4.375,1541.4494733263427,0.0007384344935417175,0.1643531173467636,26.506276693195105,0.5821765586733818,ppo_thermostatic,22.302111760286493
966,4068000.0,22.30480068657039,-4.399999999999977,1574.4914410626607,0.00419221818447113,0.18111315369606018,26.535633854568005,0.5905565768480301,ppo_thermostatic,22.302527410984055
967,4068900.0,22.32079236172831,-4.425000000000011,1612.1400332433832,0.009559251368045807,0.20025424659252167,26.58125363662839,0.6001271232962608,ppo_thermostatic,22.30480068657039
968,4069800.0,22.331602452461084,-4.449999999999989,1644.2557649575301,0.012387946248054504,0.21954938769340515,26.605297543108463,0.6097746938467026,ppo_thermostatic,22.32079236172831
969,4070700.0,22.344534355370797,-4.475000000000023,1674.145814941429,0.015127211809158325,0.23789873719215393,26.628581300377846,0.618949368596077,ppo_thermostatic,22.331602452461084
970,4071600.0,22.360812021352842,-4.5,1701.3037447719148,0.0175626203417778,0.25581997632980347,26.64928227290511,0.6279099881649017,ppo_thermostatic,22.344534355370797
971,4072500.0,22.3943019435535,-4.535000000000025,1735.0364505430027,0.025035418570041656,0.2712537944316864,26.712801057845354,0.6356268972158432,ppo_thermostatic,22.360812021352842
972,4073400.0,22.407462651351636,-4.5849999999999795,1761.4452439113581,0.026406027376651764,0.2900613844394684,26.72445123270154,0.6450306922197342,ppo_thermostatic,22.3943019435535
973,4074300.0,22.41697745571713,-4.642499999999984,1787.5089540371494,0.027595266699790955,0.30801156163215637,26.734559766948223,0.6540057808160782,ppo_thermostatic,22.407462651351636
974,4075200.0,22.423532182538906,-4.699999999999989,1812.8442038272744,0.02850181609392166,0.32525697350502014,26.742265436798334,0.6626284867525101,ppo_thermostatic,22.41697745571713
975,4076100.0,22.45674422779632,-4.773124999999993,1849.8047695558673,0.03632733225822449,0.34131407737731934,26.808782324194908,0.6706570386886597,ppo_thermostatic,22.423532182538906
976,4077000.0,22.458967945722804,-4.865000000000009,1873.87616812731,0.03571800887584686,0.35994628071784973,26.8036030754447,0.6799731403589249,ppo_thermostatic,22.45674422779632
977,4077900.0,22.452861339424146,-4.949374999999975,1895.2961965036013,0.03451329469680786,0.3758297860622406,26.793363004922867,0.6879148930311203,ppo_thermostatic,22.458967945722804
978,4078800.0,22.441470558409833,-5.0,1914.2559125385576,0.033090196549892426,0.389024555683136,26.781266670674086,0.694512277841568,ppo_thermostatic,22.452861339424146
979,4079700.0,22.418543851599793,-4.999374999999986,1927.1411287541448,0.029660366475582123,0.3996780514717102,26.752113115042448,0.6998390257358551,ppo_thermostatic,22.441470558409833
980,4080600.0,22.40045930517408,-4.964999999999975,1940.5479141735505,0.028644941747188568,0.4060547947883606,26.743482004851103,0.7030273973941803,ppo_thermostatic,22.418543851599793
981,4081500.0,22.379783912275855,-4.923125000000027,1950.8841371164065,0.027483075857162476,0.40991172194480896,26.73360614478588,0.7049558609724045,ppo_thermostatic,22.40045930517408
982,4082400.0,22.353314756680845,-4.899999999999977,1958.084999100949,0.025668874382972717,0.41154560446739197,26.718185432255268,0.705772802233696,ppo_thermostatic,22.379783912275855
983,4083300.0,22.315165122535973,-4.89651785714284,1960.8469102152928,0.02447447180747986,0.4051956534385681,26.70803301036358,0.7025978267192841,ppo_thermostatic,22.353314756680845
984,4084200.0,22.27139240526924,-4.895714285714291,1962.8332900288606,0.021557286381721497,0.401006817817688,26.683236934244633,0.700503408908844,ppo_thermostatic,22.315165122535973
985,4085100.0,22.223446685854015,-4.8970535714285575,1963.2397230090762,0.017845243215560913,0.396533340215683,26.651684567332268,0.6982666701078415,ppo_thermostatic,22.27139240526924
986,4086000.0,22.173275869118754,-4.899999999999977,1960.777481933963,0.013534985482692719,0.3909870386123657,26.615047376602888,0.6954935193061829,ppo_thermostatic,22.223446685854015
987,4086900.0,22.128655052869817,-4.922321428571422,1957.70708790092,0.011891268193721771,0.38019856810569763,26.601075779646635,0.6900992840528488,ppo_thermostatic,22.173275869118754
988,4087800.0,22.073321689165255,-4.964285714285722,1948.219439236053,0.006303340196609497,0.3716643452644348,26.55357839167118,0.6858321726322174,ppo_thermostatic,22.128655052869817
989,4088700.0,22.0147424454654,-4.999107142857156,1935.7770042383038,-0.00012986361980438232,0.3622815012931824,26.498896159231663,0.6811407506465912,ppo_thermostatic,22.073321689165255
990,4089600.0,21.956585434210638,-5.0,1921.0925809096245,-0.006528474390506744,0.35144463181495667,26.444507967680693,0.6757223159074783,ppo_thermostatic,22.0147424454654
991,4090500.0,22.411098584575882,-4.921875,1648.7451725267736,-0.024302706122398376,0.33599746227264404,26.293426997959614,0.667998731136322,ppo_thermostatic,21.956585434210638
992,4091400.0,22.17829815155659,-4.774999999999977,1485.6165047429424,-0.08006411790847778,0.28397336602211,25.81945499777794,0.641986683011055,ppo_thermostatic,22.411098584575882
993,4092300.0,22.15656557216016,-4.615625000000023,1448.3387219407582,-0.06300224363803864,0.20273593068122864,25.96448092907667,0.6013679653406143,ppo_thermostatic,22.17829815155659
994,4093200.0,22.14661168807868,-4.5,1423.2224632268524,-0.046783190220594406,0.14151401817798615,26.102342883124948,0.5707570090889931,ppo_thermostatic,22.15656557216016
995,4094100.0,22.103988972296236,-4.425000000000011,1388.9660942618425,-0.03945234417915344,0.08796317130327225,26.164655074477196,0.5439815856516361,ppo_thermostatic,22.14661168807868
996,4095000.0,22.094644625157287,-4.350000000000023,1373.6895140297447,-0.023860856890678406,0.041951414197683334,26.297182716429234,0.5209757070988417,ppo_thermostatic,22.103988972296236
997,4095900.0,22.09391555920024,-4.274999999999977,1363.1321552644956,-0.009343042969703674,0.005895607173442841,26.42058413475752,0.5029478035867214,ppo_thermostatic,22.094644625157287
998,4096800.0,22.09648166565927,-4.199999999999989,1355.3020859750477,0.0038216710090637207,-0.02333078533411026,26.53248420357704,0.48833460733294487,ppo_thermostatic,22.09391555920024
999,4097700.0,22.066603139290862,-4.125,1334.0216185155712,0.007146775722503662,-0.05021936446428299,26.56074759364128,0.4748903177678585,ppo_thermostatic,22.09648166565927
1000,4098600.0,22.066605084804678,-4.050000000000011,1327.399547592709,0.02000773698091507,-0.07643575221300125,26.670065764337778,0.4617821238934994,ppo_thermostatic,22.066603139290862
1001,4099500.0,22.0811427085261,-3.9750000000000227,1323.314534214147,0.031976811587810516,-0.09574425965547562,26.77180289849639,0.4521278701722622,ppo_thermostatic,22.066605084804678
1002,4100400.0,22.11685700857032,-3.8999999999999773,1314.3347336958964,0.04125913977622986,-0.10967860370874405,26.850702688097954,0.445160698145628,ppo_thermostatic,22.0811427085261
1003,4101300.0,22.107330304394452,-3.7718750000000227,1263.7632792237785,0.023381032049655914,-0.11753148585557938,26.698738772422075,0.4412342570722103,ppo_thermostatic,22.11685700857032
1004,4102200.0,22.163975249837904,-3.5749999999999886,1224.3928861462678,0.024504579603672028,-0.1358623504638672,26.708288926631212,0.4320688247680664,ppo_thermostatic,22.107330304394452
1005,4103100.0,22.23891461678238,-3.3656250000000227,1182.050753655403,0.022549442946910858,-0.14851835370063782,26.691670265048742,0.4257408231496811,ppo_thermostatic,22.163975249837904
1006,4104000.0,22.321533475564422,-3.1999999999999886,1134.231323485722,0.016223907470703125,-0.15726357698440552,26.637903213500977,0.42136821150779724,ppo_thermostatic,22.23891461678238
1007,4104900.0,22.382298056249795,-3.0749999999999886,1057.4833070640243,-0.010877937078475952,-0.15814721584320068,26.407537534832954,0.42092639207839966,ppo_thermostatic,22.321533475564422
1008,4105800.0,22.48435993934953,-2.9499999999999886,983.3431484398211,-0.027361784130334854,-0.16748037934303284,26.267424834892154,0.4162598103284836,ppo_thermostatic,22.382298056249795
1009,4106700.0,22.56942414165013,-2.8249999999999886,909.8471291273088,-0.047938618808984756,-0.173486590385437,26.09252174012363,0.4132567048072815,ppo_thermostatic,22.48435993934953
1010,4107600.0,22.684455349431005,-2.6999999999999886,832.1247910979137,-0.0670575499534607,-0.18020552396774292,25.930010825395584,0.40989723801612854,ppo_thermostatic,22.56942414165013
1011,4108500.0,22.727661560450656,-2.5749999999999886,733.3761422769035,-0.10903739184141159,-0.17766401171684265,25.573182169348,0.4111679941415787,ppo_thermostatic,22.684455349431005
1012,4109400.0,22.825247742498448,-2.4499999999999886,654.2392070352137,-0.12894707918167114,-0.1913890838623047,25.403949826955795,0.40430545806884766,ppo_thermostatic,22.727661560450656
1013,4110300.0,22.889368213799344,-2.3249999999999886,582.234327588001,-0.15221691131591797,-0.20027682185173035,25.206156253814697,0.3998615890741348,ppo_thermostatic,22.825247742498448
1014,4111200.0,22.940347838676985,-2.1999999999999886,524.9471615730762,-0.16976436972618103,-0.2117425501346588,25.05700285732746,0.3941287249326706,ppo_thermostatic,22.889368213799344
1015,4112100.0,23.017626654732453,-2.1366071428571445,481.27536751345497,-0.17825427651405334,-0.22313284873962402,24.984838649630547,0.388433575630188,ppo_thermostatic,22.940347838676985
1016,4113000.0,23.04505200803328,-2.164285714285711,437.97574374697496,-0.19458359479904175,-0.2290135622024536,24.846039444208145,0.3854932188987732,ppo_thermostatic,23.017626654732453
1017,4113900.0,23.061248280190625,-2.234821428571422,408.3146197451609,-0.2044982612133026,-0.23930004239082336,24.761764779686928,0.3803499788045883,ppo_thermostatic,23.04505200803328
1018,4114800.0,23.06913725133188,-2.3000000000000114,388.178279774086,-0.2106919288635254,-0.25025123357772827,24.709118604660034,0.37487438321113586,ppo_thermostatic,23.061248280190625
1019,4115700.0,23.099736368379638,-2.343303571428578,387.76148011157386,-0.2055549919605255,-0.25654885172843933,24.752782568335533,0.37172557413578033,ppo_thermostatic,23.06913725133188
1020,4116600.0,23.078656112159535,-2.3857142857143003,384.33594546759804,-0.20872952044010162,-0.2603621482849121,24.725799076259136,0.36981892585754395,ppo_thermostatic,23.099736368379638
1021,4117500.0,23.064764059984554,-2.435267857142833,390.8146127268443,-0.20369534194469452,-0.27186813950538635,24.768589593470097,0.3640659302473068,ppo_thermostatic,23.078656112159535
1022,4118400.0,23.037420575335943,-2.5,401.53300897774477,-0.1977173089981079,-0.2835717797279358,24.819402873516083,0.3582141101360321,ppo_thermostatic,23.064764059984554
1023,4119300.0,23.03904306336375,-2.5749999999999886,435.7494741480969,-0.17645704746246338,-0.29194673895835876,25.00011509656906,0.3540266305208206,ppo_thermostatic,23.037420575335943
1024,4120200.0,22.995056117984745,-2.6499999999999773,459.52172582997196,-0.1676078736782074,-0.2952849566936493,25.075333073735237,0.35235752165317535,ppo_thermostatic,23.03904306336375
1025,4121100.0,22.945618359324897,-2.7250000000000227,489.40257441989036,-0.15329843759536743,-0.3053186237812042,25.196963280439377,0.3473406881093979,ppo_thermostatic,22.995056117984745
1026,4122000.0,22.850937783746417,-2.8000000000000114,531.684642272498,-0.13599863648414612,-0.31717929244041443,25.344011589884758,0.3414103537797928,ppo_thermostatic,22.945618359324897
1027,4122900.0,22.797481051426416,-2.875,607.5507813681909,-0.09547139704227448,-0.32574525475502014,25.688493125140667,0.33712737262248993,ppo_thermostatic,22.850937783746417
1028,4123800.0,22.7264193580815,-2.9499999999999886,670.9229961908399,-0.0665147453546524,-0.32824793457984924,25.934624664485455,0.3358760327100754,ppo_thermostatic,22.797481051426416
1029,4124700.0,22.677157493348204,-3.0249999999999773,725.9887096463985,-0.037693992257118225,-0.33353191614151,26.179601065814495,0.333234041929245,ppo_thermostatic,22.7264193580815
1030,4125600.0,22.63915129894616,-3.1000000000000227,770.4421037784011,-0.013364002108573914,-0.3384655714035034,26.38640598207712,0.3307672142982483,ppo_thermostatic,22.677157493348204
1031,4126500.0,21.94029265363264,-3.1750000000000114,977.4734218291671,0.021864108741283417,-0.3362545967102051,26.68584492430091,0.33187270164489746,ppo_thermostatic,22.63915129894616
1032,4127400.0,22.075770331254773,-3.25,1153.0311143756544,0.16050201654434204,-0.3570133447647095,27.864267140626907,0.32149332761764526,ppo_thermostatic,21.94029265363264
1033,4128300.0,22.167092216503022,-3.3249999999999886,1264.1639613255725,0.17112760245800018,-0.29550495743751526,27.954584620893,0.35224752128124237,ppo_thermostatic,22.075770331254773
1034,4129200.0,22.16172327416092,-3.3999999999999773,1316.5018789293956,0.14500389993190765,-0.23866969347000122,27.732533149421215,0.3806651532649994,ppo_thermostatic,22.167092216503022
1035,4130100.0,22.18627573998856,-3.4453125,1376.851401724908,0.14292578399181366,-0.1982768177986145,27.714869163930416,0.40086159110069275,ppo_thermostatic,22.16172327416092
1036,4131000.0,22.164383262155695,-3.4875000000000114,1407.5253647341262,0.1274825483560562,-0.1645209789276123,27.583601661026478,0.41773951053619385,ppo_thermostatic,22.18627573998856
1037,4131900.0,22.12967095877309,-3.6109374999999773,1429.8315313031094,0.11665156483650208,-0.14262571930885315,27.491538301110268,0.4286871403455734,ppo_thermostatic,22.164383262155695
1038,4132800.0,22.092651953876214,-3.8999999999999773,1453.1212476818819,0.10901984572410583,-0.12445298582315445,27.4266686886549,0.4377735070884228,ppo_thermostatic,22.12967095877309
1039,4133700.0,22.226241424274633,-4.300000000000011,1560.1678487621512,0.15466363728046417,-0.10270813852548599,27.814640916883945,0.448645930737257,ppo_thermostatic,22.092651953876214
1040,4134600.0,22.23500560180554,-4.699999999999989,1606.4087605917537,0.13595137000083923,-0.04896149784326553,27.655586645007133,0.47551925107836723,ppo_thermostatic,22.226241424274633
1041,4135500.0,22.19975320847709,-5.100000000000023,1635.9491702460782,0.11858803033828735,-0.012087695300579071,27.507998257875443,0.49395615234971046,ppo_thermostatic,22.23500560180554
1042,4136400.0,22.161525912837988,-5.5,1666.1623587796648,0.10814628005027771,0.015028722584247589,27.41924338042736,0.5075143612921238,ppo_thermostatic,22.19975320847709
1043,4137300.0,22.28761611896823,-5.899999999999977,1764.5959320426132,0.15105274319648743,0.02862548828125,27.783948317170143,0.514312744140625,ppo_thermostatic,22.161525912837988
1044,4138200.0,22.284403394624974,-6.300000000000011,1802.7008120095834,0.1333818882703781,0.07792025804519653,27.633746050298214,0.5389601290225983,ppo_thermostatic,22.28761611896823
1045,4139100.0,22.25326135891663,-6.699999999999989,1833.695579033151,0.12014961242675781,0.11208431422710419,27.52127170562744,0.5560421571135521,ppo_thermostatic,22.284403394624974
1046,4140000.0,22.2210247911936,-7.100000000000023,1866.0332398945925,0.11134225130081177,0.1398877650499344,27.4464091360569,0.5699438825249672,ppo_thermostatic,22.25326135891663
1047,4140900.0,22.370753063706104,-7.6015625,1977.7194020076845,0.15765409171581268,0.15467801690101624,27.840059779584408,0.5773390084505081,ppo_thermostatic,22.2210247911936
1048,4141800.0,22.340465904296195,-8.1875,2018.0624774472358,0.1369551420211792,0.20799294114112854,27.664118707180023,0.6039964705705643,ppo_thermostatic,22.370753063706104
1049,4142700.0,22.299551343833286,-8.6796875,2058.8486105222155,0.12580695748329163,0.24340522289276123,27.56935913860798,0.6217026114463806,ppo_thermostatic,22.340465904296195
1050,4143600.0,22.267273861770775,-8.899999999999977,2097.575834814103,0.1183268278837204,0.27302223443984985,27.505778037011623,0.6365111172199249,ppo_thermostatic,22.299551343833286
1051,4144500.0,22.263179966885843,-8.925000000000011,2137.0635058530515,0.11746491491794586,0.2967863380908966,27.49845177680254,0.6483931690454483,ppo_thermostatic,22.267273861770775
1052,4145400.0,22.252416269405046,-8.949999999999989,2168.768436545479,0.11403064429759979,0.31958410143852234,27.4692604765296,0.6597920507192612,ppo_thermostatic,22.263179966885843
1053,4146300.0,22.242182068473994,-8.975000000000023,2198.449566758687,0.1111481636762619,0.3402988016605377,27.444759391248226,0.6701494008302689,ppo_thermostatic,22.252416269405046
1054,4147200.0,22.233006398434384,-9.0,2226.7988727380466,0.10848839581012726,0.3600941598415375,27.42215136438608,0.6800470799207687,ppo_thermostatic,22.242182068473994
1055,4148100.0,22.23337038680137,-9.024999999999977,2257.7408656276566,0.10904097557067871,0.3770650625228882,27.42684829235077,0.6885325312614441,ppo_thermostatic,22.233006398434384
1056,4149000.0,22.226844646259906,-9.050000000000011,2284.4334710967796,0.10642479360103607,0.39650630950927734,27.404610745608807,0.6982531547546387,ppo_thermostatic,22.23337038680137
1057,4149900.0,22.222675452331828,-9.074999999999989,2311.5020414500227,0.10453678667545319,0.4152615964412689,27.388562686741352,0.7076307982206345,ppo_thermostatic,22.226844646259906
1058,4150800.0,22.219899597953315,-9.100000000000023,2338.7752456371754,0.1029362827539444,0.4339059293270111,27.374958403408527,0.7169529646635056,ppo_thermostatic,22.222675452331828
1059,4151700.0,22.246099514828302,-9.153124999999989,2379.3753018155976,0.1088719516992569,0.45122095942497253,27.425411589443684,0.7256104797124863,ppo_thermostatic,22.219899597953315
1060,4152600.0,22.244938080649888,-9.241666666666674,2408.163644767758,0.10623836517333984,0.4734116196632385,27.40302610397339,0.7367058098316193,ppo_thermostatic,22.246099514828302
1061,4153500.0,22.2450171511735,-9.334375000000023,2438.3538357230314,0.10491770505905151,0.49388477206230164,27.391800493001938,0.7469423860311508,ppo_thermostatic,22.244938080649888
1062,4154400.0,22.246407318716876,-9.399999999999977,2468.5339352210826,0.10388849675655365,0.5140727758407593,27.383052222430706,0.7570363879203796,ppo_thermostatic,22.2450171511735
1063,4155300.0,22.259709464572893,-9.431249999999977,2502.5764567331967,0.10549931228160858,0.5336469411849976,27.396744154393673,0.7668234705924988,ppo_thermostatic,22.246407318716876
1064,4156200.0,22.267896940155197,-9.449999999999989,2532.726935167327,0.10539542138576508,0.5535362362861633,27.395861081779003,0.7767681181430817,ppo_thermostatic,22.259709464572893
1065,4157100.0,22.27730928102494,-9.46875,2562.711586045766,0.10591457784175873,0.5722118020057678,27.40027391165495,0.7861059010028839,ppo_thermostatic,22.267896940155197
1066,4158000.0,22.28619683372841,-9.5,2592.247887260378,0.1065572202205658,0.5901772379875183,27.40573637187481,0.7950886189937592,ppo_thermostatic,22.27730928102494
1067,4158900.0,22.3140979480483,-9.54479166666664,2629.013106665046,0.1159292459487915,0.5967026352882385,27.485398590564728,0.7983513176441193,ppo_thermostatic,22.28619683372841
1068,4159800.0,22.318067653219202,-9.594444444444434,2654.985101112688,0.11601173877716064,0.6124074459075928,27.486099779605865,0.8062037229537964,ppo_thermostatic,22.3140979480483
1069,4160700.0,22.322335594148285,-9.646875000000023,2681.460218743748,0.11650677025318146,0.627473771572113,27.490307547152042,0.8137368857860565,ppo_thermostatic,22.318067653219202
1070,4161600.0,22.32384205246052,-9.699999999999989,2706.6074549753444,0.11673088371753693,0.6416293978691101,27.492212511599064,0.820814698934555,ppo_thermostatic,22.322335594148285
1071,4162500.0,22.35323972072223,-9.774999999999977,2743.842565012681,0.12748296558856964,0.6449557542800903,27.583605207502842,0.8224778771400452,ppo_thermostatic,22.32384205246052
1072,4163400.0,22.34545942891117,-9.872222222222206,2764.7268045687133,0.1264665722846985,0.6569026112556458,27.574965864419937,0.8284513056278229,ppo_thermostatic,22.35323972072223
1073,4164300.0,22.334097807620367,-9.958333333333314,2784.6560066978836,0.12558795511722565,0.6669401526451111,27.567497618496418,0.8334700763225555,ppo_thermostatic,22.34545942891117
1074,4165200.0,22.319582095877536,-10.0,2801.8454399394814,0.12453591823577881,0.6749424338340759,27.55855530500412,0.837471216917038,ppo_thermostatic,22.334097807620367
1075,4166100.0,22.25960254296922,-9.940625000000011,2792.2416847110608,0.1160314530134201,0.6731325387954712,27.48626735061407,0.8365662693977356,ppo_thermostatic,22.319582095877536
1076,4167000.0,22.24354730950347,-9.791666666666686,2800.7582009272087,0.11789925396442413,0.6687389612197876,27.502143658697605,0.8343694806098938,ppo_thermostatic,22.25960254296922
1077,4167900.0,22.23021568301988,-9.621874999999989,2807.02888080333,0.11916057765483856,0.6653796434402466,27.512864910066128,0.8326898217201233,ppo_thermostatic,22.24354730950347
1078,4168800.0,22.213919580367076,-9.5,2811.209862233695,0.1199704110622406,0.6611371636390686,27.519748494029045,0.8305685818195343,ppo_thermostatic,22.23021568301988
1079,4169700.0,22.13665468025289,-9.425000000000011,2784.1906463547834,0.11407162249088287,0.6386481523513794,27.469608791172504,0.8193240761756897,ppo_thermostatic,22.213919580367076
1080,4170600.0,22.097966002592216,-9.350000000000023,2779.6659241435345,0.11525702476501465,0.6227303147315979,27.479684710502625,0.811365157365799,ppo_thermostatic,22.13665468025289
1081,4171500.0,22.06757400592403,-9.274999999999977,2771.1144564620367,0.11442425847053528,0.6117166876792908,27.47260619699955,0.8058583438396454,ppo_thermostatic,22.097966002592216
1082,4172400.0,22.12082935667945,-9.199999999999989,2715.440076610879,0.11195380985736847,0.6012929677963257,27.451607383787632,0.8006464838981628,ppo_thermostatic,22.06757400592403
1083,4173300.0,22.19119625250346,-9.125,2547.7100127518497,0.09224709868431091,0.5720999240875244,27.284100338816643,0.7860499620437622,ppo_thermostatic,22.12082935667945
1084,4174200.0,22.311641567604227,-9.050000000000011,2346.91886556766,0.06891420483589172,0.5434604287147522,27.08577074110508,0.7717302143573761,ppo_thermostatic,22.19119625250346
1085,4175100.0,22.283138993214436,-8.975000000000023,2184.647931131474,0.03722269833087921,0.5125052332878113,26.816392935812473,0.7562526166439056,ppo_thermostatic,22.311641567604227
1086,4176000.0,22.301036465393793,-8.899999999999977,2053.2976633343746,0.01938863843679428,0.4772387146949768,26.66480342671275,0.7386193573474884,ppo_thermostatic,22.283138993214436
1087,4176900.0,22.55283642287992,-8.557999999999993,1545.2591960792486,-0.06894335895776749,0.43266594409942627,25.913981448858976,0.7163329720497131,ppo_thermostatic,22.301036465393793
1088,4177800.0,22.428134833420017,-7.838000000000022,1280.4490407086814,-0.1257341504096985,0.33042722940444946,25.431259721517563,0.6652136147022247,ppo_thermostatic,22.55283642287992
1089,4178700.0,22.564322838018256,-6.9739999999999895,1139.747037451991,-0.11716055124998093,0.21664530038833618,25.504135314375162,0.6083226501941681,ppo_thermostatic,22.428134833420017
1090,4179600.0,22.702427378437505,-6.199999999999989,1006.3798251284238,-0.1164691150188446,0.1285734474658966,25.51001252233982,0.5642867237329483,ppo_thermostatic,22.564322838018256
1091,4180500.0,22.54451879124605,-5.549144531250022,781.7964231625233,-0.19186443090438843,0.05686252564191818,24.8691523373127,0.5284312628209591,ppo_thermostatic,22.702427378437505
1092,4181400.0,22.696539618787824,-4.8987187500000005,670.7051024482216,-0.18752434849739075,-0.041910961270332336,24.90604303777218,0.47904451936483383,ppo_thermostatic,22.54451879124605
1093,4182300.0,22.895696607458945,-4.248933593749996,543.656505846349,-0.19776013493537903,-0.107803575694561,24.81903885304928,0.4460982121527195,ppo_thermostatic,22.696539618787824
1094,4183200.0,23.111791394257978,-3.6000000000000227,406.56657947178337,-0.22017785906791687,-0.15704986453056335,24.628488197922707,0.4214750677347183,ppo_thermostatic,22.895696607458945
1095,4184100.0,23.09340787494466,-2.9266601562500227,165.98457671633966,-0.32841408252716064,-0.18498551845550537,23.708480298519135,0.4075072407722473,ppo_thermostatic,23.111791394257978
1096,4185000.0,23.329212883773096,-2.2445312500000227,36.11594964904032,-0.3591446876525879,-0.2523851692676544,23.447270154953003,0.3738074153661728,ppo_thermostatic,23.09340787494466
1097,4185900.0,23.5648757967831,-1.6151367187500227,41.31178276999807,-0.40487873554229736,-0.28599196672439575,23.058530747890472,0.3570040166378021,ppo_thermostatic,23.329212883773096
1098,4186800.0,23.764131573831946,-1.1000000000000227,89.83629055256372,-0.4685325622558594,-0.28817203640937805,22.517473220825195,0.355913981795311,ppo_thermostatic,23.5648757967831
1099,4187700.0,23.78338809707924,-0.7398437499999773,159.50043360251502,-0.5785278081893921,-0.25918078422546387,21.582513630390167,0.37040960788726807,ppo_thermostatic,23.764131573831946
1100,4188600.0,23.900836220039537,-0.49374999999997726,208.4813800226161,-0.6425244808197021,-0.24690750241279602,21.03854191303253,0.376546248793602,ppo_thermostatic,23.78338809707924
1101,4189500.0,23.961340123341643,-0.30078125,261.8557898525528,-0.7070157527923584,-0.21627143025398254,20.490366101264954,0.39186428487300873,ppo_thermostatic,23.900836220039537
1102,4190400.0,24.01673027668619,-0.10000000000002274,310.83094385701,-0.7592892646789551,-0.18500828742980957,20.046041250228882,0.4074958562850952,ppo_thermostatic,23.961340123341643
1103,4191300.0,23.92744557372754,0.125,376.0196307481572,-0.8332217931747437,-0.13192448019981384,19.41761475801468,0.4340377599000931,ppo_thermostatic,24.01673027668619
1104,4192200.0,24.066379296673063,0.35000000000002274,404.93086430394555,-0.851518452167511,-0.12123439460992813,19.262093156576157,0.43938280269503593,ppo_thermostatic,23.92744557372754
1105,4193100.0,23.99877988753701,0.5749999999999886,460.55143042368013,-0.90420001745224,-0.07475269585847855,18.81429985165596,0.4626236520707607,ppo_thermostatic,24.066379296673063
1106,4194000.0,24.120033148437642,0.8000000000000114,484.34749614557546,-0.9157320857048035,-0.06569290906190872,18.71627727150917,0.46715354546904564,ppo_thermostatic,23.99877988753701
1107,4194900.0,23.891070637310577,1.0249999999999773,556.134334290925,-0.9890735745429993,-0.0024748966097831726,18.092874616384506,0.4987625516951084,ppo_thermostatic,24.120033148437642
1108,4195800.0,24.17106531595573,1.25,544.6007823808519,-0.9630282521247864,-0.030524566769599915,18.314259856939316,0.48473771661520004,ppo_thermostatic,23.891070637310577
1109,4196700.0,24.019293276995768,1.4750000000000227,600.2994648083321,-1.0,0.035630837082862854,18.0,0.5178154185414314,ppo_thermostatic,24.17106531595573
1110,4197600.0,24.129013625153334,1.6999999999999886,604.2553944661962,-1.0,0.025310710072517395,18.0,0.5126553550362587,ppo_thermostatic,24.019293276995768
1111,4198500.0,24.197680428630008,1.7565429687500114,609.7782118704691,-1.0,0.02375664934515953,18.0,0.5118783246725798,ppo_thermostatic,24.129013625153334
1112,4199400.0,24.202776232311976,1.5757812499999773,618.4624821930022,-1.0,0.036510489881038666,18.0,0.5182552449405193,ppo_thermostatic,24.197680428630008
1113,4200300.0,24.20043328547723,1.30712890625,621.9340671456378,-1.0,0.042240697890520096,18.0,0.52112034894526,ppo_thermostatic,24.202776232311976
1114,4201200.0,24.1916481811661,1.1000000000000227,620.8996817154759,-1.0,0.0419350191950798,18.0,0.5209675095975399,ppo_thermostatic,24.20043328547723
1115,4202100.0,24.25601539849106,0.9744559151785666,601.110723302135,-0.9924386143684387,0.011028364300727844,18.06427177786827,0.5055141821503639,ppo_thermostatic,24.1916481811661
1116,4203000.0,24.198924076431126,0.8501116071428783,596.1390040328511,-1.0,0.002186410129070282,18.0,0.5010932050645351,ppo_thermostatic,24.25601539849106
1117,4203900.0,24.21377805793969,0.7257114955357338,571.6962082298735,-0.9924640655517578,-0.029297590255737305,18.06405544281006,0.48535120487213135,ppo_thermostatic,24.198924076431126
1118,4204800.0,24.160058575364246,0.6000000000000227,551.4957033927107,-0.9916015267372131,-0.0529494509100914,18.07138702273369,0.4735252745449543,ppo_thermostatic,24.21377805793969
1119,4205700.0,24.350180978932315,0.48337053571430033,484.46347155336,-0.9268214702606201,-0.11366987973451614,18.62201750278473,0.44316506013274193,ppo_thermostatic,24.160058575364246
1120,4206600.0,24.113440633351615,0.3657738095238301,482.6686403893683,-0.9478173851966858,-0.10849510878324509,18.44355222582817,0.44575244560837746,ppo_thermostatic,24.350180978932315
1121,4207500.0,24.24537796444639,0.21529017857142208,412.7351026545434,-0.8856174349784851,-0.17806488275527954,18.972251802682877,0.41096755862236023,ppo_thermostatic,24.113440633351615
1122,4208400.0,24.024906583024176,0.0,394.051512167181,-0.8914065957069397,-0.18907779455184937,18.923043936491013,0.4054611027240753,ppo_thermostatic,24.24537796444639
1123,4209300.0,24.41416170873623,-0.34375,276.09493185329507,-0.7295619249343872,-0.2943756878376007,20.29872363805771,0.35281215608119965,ppo_thermostatic,24.024906583024176
1124,4210200.0,24.05196757592745,-0.8166666666666629,280.95257701721175,-0.7581672072410583,-0.2630729079246521,20.055578738451004,0.36846354603767395,ppo_thermostatic,24.41416170873623
1125,4211100.0,24.152610560211713,-1.3562499999999886,217.21145498770812,-0.6733273863792419,-0.3253840506076813,20.776717215776443,0.33730797469615936,ppo_thermostatic,24.05196757592745
1126,4212000.0,23.991848709616136,-1.8999999999999773,202.01131137358328,-0.6642686128616333,-0.32654276490211487,20.853716790676117,0.33672861754894257,ppo_thermostatic,24.152610560211713
1127,4212900.0,23.502482255935092,-2.4250000000000114,93.66077814797754,-0.53472900390625,-0.3806576430797577,21.954803466796875,0.30967117846012115,ppo_thermostatic,23.991848709616136
1128,4213800.0,23.675455016971114,-2.9499999999999886,21.33841197156889,-0.37111496925354004,-0.42943382263183594,23.34552276134491,0.28528308868408203,ppo_thermostatic,23.502482255935092
1129,4214700.0,23.519512106833645,-3.4750000000000227,7.955451888637327,-0.3569096326828003,-0.3860701620578766,23.466268122196198,0.3069649189710617,ppo_thermostatic,23.675455016971114
1130,4215600.0,23.401055993796092,-4.0,64.58200678698226,-0.3291569650173187,-0.36553966999053955,23.70216579735279,0.3172301650047302,ppo_thermostatic,23.519512106833645
1131,4216500.0,23.4582960960812,-4.550961538461536,215.4613989954519,-0.23447592556476593,-0.35173988342285156,24.50695463269949,0.3241300582885742,ppo_thermostatic,23.401055993796092
1132,4217400.0,23.337043541211074,-5.119230769230796,276.66544147757105,-0.22672651708126068,-0.2935405373573303,24.572824604809284,0.35322973132133484,ppo_thermostatic,23.4582960960812
1133,4218300.0,23.23321036865366,-5.6528846153846075,347.0032604343507,-0.2102571725845337,-0.25814640522003174,24.712814033031464,0.37092679738998413,ppo_thermostatic,23.337043541211074
1134,4219200.0,23.13631091498462,-6.100000000000023,414.97406242179255,-0.1956794559955597,-0.22682127356529236,24.836724624037743,0.3865893632173538,ppo_thermostatic,23.23321036865366
1135,4220100.0,23.089523561324086,-6.350240384615404,497.35715845304185,-0.17115584015846252,-0.1931191384792328,25.04517535865307,0.4034404307603836,ppo_thermostatic,23.13631091498462
1136,4221000.0,23.030349812646364,-6.405769230769238,559.8883725699261,-0.15974265336990356,-0.1588801145553589,25.14218744635582,0.42055994272232056,ppo_thermostatic,23.089523561324086
1137,4221900.0,22.984221331984543,-6.383413461538453,618.8740763390574,-0.14732447266578674,-0.13234972953796387,25.247741982340813,0.43382513523101807,ppo_thermostatic,23.030349812646364
1138,4222800.0,22.941892653719776,-6.399999999999977,674.3372149864773,-0.13621799647808075,-0.10830553621053696,25.342147029936314,0.4458472318947315,ppo_thermostatic,22.984221331984543
1139,4223700.0,22.9420291211232,-6.475000000000023,746.3903436793879,-0.11379852145910263,-0.08501239866018295,25.532712567597628,0.4574938006699085,ppo_thermostatic,22.941892653719776
1140,4224600.0,22.90392053686105,-6.550000000000011,798.4396456387044,-0.10811509191989899,-0.05350255221128464,25.58102171868086,0.4732487238943577,ppo_thermostatic,22.9420291211232
1141,4225500.0,22.870813102276315,-6.625,851.1092346701328,-0.10047797113656998,-0.02709270268678665,25.645937245339155,0.4864536486566067,ppo_thermostatic,22.90392053686105
1142,4226400.0,22.84002994151814,-6.699999999999989,902.0557101411182,-0.09355071932077408,-0.0015631914138793945,25.70481888577342,0.4992184042930603,ppo_thermostatic,22.870813102276315
1143,4227300.0,22.87669840334445,-6.789843749999989,980.1794231116428,-0.0692446380853653,0.024348706007003784,25.911420576274395,0.5121743530035019,ppo_thermostatic,22.84002994151814
1144,4228200.0,22.849750691634142,-6.90625,1027.8827224956951,-0.06799878925085068,0.05967319756746292,25.92201029136777,0.5298365987837315,ppo_thermostatic,22.87669840334445
1145,4229100.0,22.823841510126613,-7.044531249999977,1076.9955600759733,-0.06352824717760086,0.08687618374824524,25.960009898990393,0.5434380918741226,ppo_thermostatic,22.849750691634142
1146,4230000.0,22.795226844256263,-7.199999999999989,1124.7935635922063,-0.05960001051425934,0.11235443502664566,25.993399910628796,0.5561772175133228,ppo_thermostatic,22.823841510126613
1147,4230900.0,22.861287833404845,-7.369531250000023,1213.147333943444,-0.031156286597251892,0.13753727078437805,26.23517156392336,0.568768635392189,ppo_thermostatic,22.795226844256263
1148,4231800.0,22.83322551179816,-7.556249999999977,1258.0414113293689,-0.03377624973654747,0.17559298872947693,26.212901877239347,0.5877964943647385,ppo_thermostatic,22.861287833404845
1149,4232700.0,22.808884983248674,-7.764843750000011,1305.982335646785,-0.031185690313577652,0.20280346274375916,26.23492163233459,0.6014017313718796,ppo_thermostatic,22.83322551179816
1150,4233600.0,22.779539956823726,-8.0,1352.0599749425355,-0.02932792156934738,0.2280491590499878,26.250712666660547,0.6140245795249939,ppo_thermostatic,22.808884983248674
1151,4234500.0,22.851179473932973,-8.25,1442.3588507082684,0.002077914774417877,0.24149510264396667,26.517662275582552,0.6207475513219833,ppo_thermostatic,22.779539956823726
1152,4235400.0,22.82009882881789,-8.5,1484.3351908654085,-0.0017803311347961426,0.27615368366241455,26.484867185354233,0.6380768418312073,ppo_thermostatic,22.851179473932973
1153,4236300.0,22.7969750078895,-8.75,1530.811283925971,-0.0002693161368370056,0.30211928486824036,26.497710812836885,0.6510596424341202,ppo_thermostatic,22.82009882881789
1154,4237200.0,22.771179051668696,-9.0,1575.5151563287527,0.0006670951843261719,0.3268531858921051,26.505670309066772,0.6634265929460526,ppo_thermostatic,22.7969750078895
1155,4238100.0,22.848219253722505,-9.25,1664.3402297576968,0.029886901378631592,0.3411898910999298,26.75403866171837,0.6705949455499649,ppo_thermostatic,22.771179051668696
1156,4239000.0,22.82645177421483,-9.5,1705.3047777248455,0.026353910565376282,0.37484750151634216,26.7240082398057,0.6874237507581711,ppo_thermostatic,22.848219253722505
1157,4239900.0,22.811242320815154,-9.75,1749.976385570099,0.02730448544025421,0.4010124206542969,26.73208812624216,0.7005062103271484,ppo_thermostatic,22.82645177421483
1158,4240800.0,22.791597888733747,-10.0,1793.8987027628066,0.027858830988407135,0.4259020686149597,26.73680006340146,0.7129510343074799,ppo_thermostatic,22.811242320815154
1159,4241700.0,22.74289901757436,-10.103459821428544,1824.3146884899504,0.02387067675590515,0.4436131417751312,26.702900752425194,0.7218065708875656,ppo_thermostatic,22.791597888733747
1160,4242600.0,22.733061576049465,-10.000892857142844,1867.8223936065456,0.028440147638320923,0.45960378646850586,26.741741254925728,0.7298018932342529,ppo_thermostatic,22.74289901757436
1161,4243500.0,22.736135935422794,-9.822879464285734,1911.4282382296792,0.034337252378463745,0.4758167564868927,26.791866645216942,0.7379083782434464,ppo_thermostatic,22.733061576049465
1162,4244400.0,22.74447725692886,-9.699999999999989,1954.296676160248,0.04072345793247223,0.4914965033531189,26.846149392426014,0.7457482516765594,ppo_thermostatic,22.736135935422794
1163,4245300.0,22.726718357748325,-9.648604910714312,1982.7224213477564,0.046142593026161194,0.49090588092803955,26.89221204072237,0.7454529404640198,ppo_thermostatic,22.74447725692886
1164,4246200.0,22.722415075303786,-9.59806547619047,2016.957490834088,0.05123083293437958,0.49953675270080566,26.935462079942226,0.7497683763504028,ppo_thermostatic,22.726718357748325
1165,4247100.0,22.723777134795967,-9.548493303571433,2050.6731864345484,0.055336833000183105,0.5120974779129028,26.970363080501556,0.7560487389564514,ppo_thermostatic,22.722415075303786
1166,4248000.0,22.72718078441119,-9.5,2082.0228682338716,0.05866482853889465,0.5256161093711853,26.998651042580605,0.7628080546855927,ppo_thermostatic,22.723777134795967
1167,4248900.0,22.712487340136533,-9.487890624999977,2104.562274444192,0.0635521411895752,0.5230256915092468,27.04019320011139,0.7615128457546234,ppo_thermostatic,22.72718078441119
1168,4249800.0,22.69813712894728,-9.507291666666674,2131.014234442135,0.06630775332450867,0.5288942456245422,27.063615903258324,0.7644471228122711,ppo_thermostatic,22.712487340136533
1169,4250700.0,22.683382503914004,-9.498046875,2157.4727360954535,0.06790757179260254,0.5376284122467041,27.07721436023712,0.768814206123352,ppo_thermostatic,22.69813712894728
1170,4251600.0,22.671037646742832,-9.399999999999977,2181.447454097754,0.06928358972072601,0.5459674000740051,27.08891051262617,0.7729837000370026,ppo_thermostatic,22.683382503914004
1171,4252500.0,22.53881920401767,-9.173046875000011,2145.9253576047918,0.04805523157119751,0.5375853180885315,26.90846946835518,0.7687926590442657,ppo_thermostatic,22.671037646742832
1172,4253400.0,22.524816667656523,-8.85729166666664,2157.6525253314835,0.05493052303791046,0.5227521061897278,26.96690944582224,0.7613760530948639,ppo_thermostatic,22.53881920401767
1173,4254300.0,22.517414461750434,-8.512890625000011,2166.3876514381627,0.05926114320755005,0.5149311423301697,27.003719717264175,0.7574655711650848,ppo_thermostatic,22.524816667656523
1174,4255200.0,22.510184480406963,-8.199999999999989,2173.2895887972522,0.06269417703151703,0.5083969235420227,27.032900504767895,0.7541984617710114,ppo_thermostatic,22.517414461750434
1175,4256100.0,22.35593238728535,-7.923593750000009,2114.5234081998256,0.04036252200603485,0.4806995987892151,26.843081437051296,0.7403497993946075,ppo_thermostatic,22.510184480406963
1176,4257000.0,22.316523895817227,-7.648333333333312,2110.9083061581437,0.04604414105415344,0.4525396227836609,26.891375198960304,0.7262698113918304,ppo_thermostatic,22.35593238728535
1177,4257900.0,22.292602893286812,-7.3739062500000045,2104.9795675382225,0.04865974187850952,0.4354853928089142,26.91360780596733,0.7177426964044571,ppo_thermostatic,22.316523895817227
1178,4258800.0,22.353831266536417,-7.100000000000023,2057.82969381138,0.04876427352428436,0.422136515378952,26.914496324956417,0.711068257689476,ppo_thermostatic,22.292602893286812
1179,4259700.0,22.35467551554001,-6.8663281249999955,1879.7590283729232,0.01455128937959671,0.3871375024318695,26.623685959726572,0.6935687512159348,ppo_thermostatic,22.353831266536417
1180,4260600.0,22.44263753799845,-6.667291666666642,1710.6258492374445,-0.006688326597213745,0.346802681684494,26.443149223923683,0.673401340842247,ppo_thermostatic,22.35467551554001
1181,4261500.0,22.401441498821896,-6.4346093749999795,1579.656511944731,-0.03513273596763611,0.3095245957374573,26.201371744275093,0.6547622978687286,ppo_thermostatic,22.44263753799845
1182,4262400.0,22.413916975969016,-6.100000000000023,1474.9223920619847,-0.05048096179962158,0.27129673957824707,26.070911824703217,0.6356483697891235,ppo_thermostatic,22.401441498821896
1183,4263300.0,22.72195500998191,-5.543749999999989,1010.387127914692,-0.138868048787117,0.2156994342803955,25.319621585309505,0.6078497171401978,ppo_thermostatic,22.413916975969016
1184,4264200.0,22.53766672589694,-4.78333333333336,785.6424494266125,-0.2047366350889206,0.10631664097309113,24.759738601744175,0.5531583204865456,ppo_thermostatic,22.72195500998191
1185,4265100.0,22.631266944352774,-3.9562500000000114,691.0454454804197,-0.19454720616340637,-0.016353845596313477,24.846348747611046,0.49182307720184326,ppo_thermostatic,22.53766672589694
1186,4266000.0,22.755507725619566,-3.1999999999999886,602.3583885499827,-0.18920841813087463,-0.10716108232736588,24.891728445887566,0.44641945883631706,ppo_thermostatic,22.631266944352774
1187,4266900.0,22.6415531259222,-2.5249999999999773,416.2320388495921,-0.2656136751174927,-0.179325133562088,24.242283761501312,0.410337433218956,ppo_thermostatic,22.755507725619566
1188,4267800.0,22.78564648516243,-1.8500000000000227,321.11355053774554,-0.27250152826309204,-0.2729955017566681,24.183737009763718,0.36350224912166595,ppo_thermostatic,22.6415531259222
1189,4268700.0,22.958274740890488,-1.1750000000000114,228.7922491756441,-0.2887926697731018,-0.3350316286087036,24.045262306928635,0.3324841856956482,ppo_thermostatic,22.78564648516243
1190,4269600.0,23.125553005768495,-0.5,139.63595602145935,-0.3143937289714813,-0.37767860293388367,23.82765330374241,0.31116069853305817,ppo_thermostatic,22.958274740890488
1191,4270500.0,23.06945665203409,0.20781249999998863,17.710587572483497,-0.43057990074157715,-0.39365318417549133,22.840070843696594,0.30317340791225433,ppo_thermostatic,23.125553005768495
1192,4271400.0,23.228719277142545,0.9375,41.33755754990386,-0.47103697061538696,-0.4445551037788391,22.49618574976921,0.27772244811058044,ppo_thermostatic,23.06945665203409
1193,4272300.0,23.410250167928837,1.6234375000000227,71.54513128227308,-0.5230594277381897,-0.4570193886756897,22.053994864225388,0.27149030566215515,ppo_thermostatic,23.228719277142545
1194,4273200.0,23.576307223043557,2.1999999999999886,110.94639565429421,-0.5891104340553284,-0.44336873292922974,21.49256131052971,0.27831563353538513,ppo_thermostatic,23.410250167928837
1195,4274100.0,23.497540466939313,2.6234375000000227,180.62416117755444,-0.7198609113693237,-0.3899819552898407,20.38118225336075,0.30500902235507965,ppo_thermostatic,23.576307223043557
1196,4275000.0,23.600594616863816,2.9375,221.51004523784468,-0.7823379039764404,-0.3761672079563141,19.850127816200256,0.31191639602184296,ppo_thermostatic,23.497540466939313
1197,4275900.0,23.622787396455237,3.2078124999999886,274.79633577590477,-0.8527442216873169,-0.3355714976787567,19.251674115657806,0.33221425116062164,ppo_thermostatic,23.600594616863816
1198,4276800.0,23.66787282544857,3.5,323.1218343057785,-0.9071696996688843,-0.2999545931816101,18.789057552814484,0.35002270340919495,ppo_thermostatic,23.622787396455237
1199,4277700.0,23.46388427494196,3.8249999999999886,404.088397136576,-1.0,-0.2202320694923401,18.0,0.38988396525382996,ppo_thermostatic,23.66787282544857
1200,4278600.0,23.708226253396788,4.149999999999977,420.5004840867246,-1.0,-0.22237256169319153,18.0,0.38881371915340424,ppo_thermostatic,23.46388427494196
1201,4279500.0,23.758688475493045,4.475000000000023,469.10103949518094,-1.0,-0.1442698836326599,18.0,0.42786505818367004,ppo_thermostatic,23.708226253396788
1202,4280400.0,23.825164368311448,4.800000000000011,513.3016586609278,-1.0,-0.07826701551675797,18.0,0.460866492241621,ppo_thermostatic,23.758688475493045
1203,4281300.0,23.771574013517863,5.125,576.0947999199583,-1.0,0.03477763384580612,18.0,0.5173888169229031,ppo_thermostatic,23.825164368311448
1204,4282200.0,23.804573692686915,5.449999999999989,618.4157710176588,-1.0,0.09890109300613403,18.0,0.549450546503067,ppo_thermostatic,23.771574013517863
1205,4283100.0,23.8254284909882,5.774999999999977,657.3520044289666,-1.0,0.15813958644866943,18.0,0.5790697932243347,ppo_thermostatic,23.804573692686915
1206,4284000.0,23.83915547556279,6.100000000000023,689.4117273832971,-1.0,0.20662173628807068,18.0,0.6033108681440353,ppo_thermostatic,23.8254284909882
1207,4284900.0,23.880994306971957,6.234635416666663,706.0878096242906,-1.0,0.2253657877445221,18.0,0.612682893872261,ppo_thermostatic,23.83915547556279
1208,4285800.0,23.881123976100127,6.100694444444457,721.2205571415775,-1.0,0.24884966015815735,18.0,0.6244248300790787,ppo_thermostatic,23.880994306971957
1209,4286700.0,23.881301634860847,5.866406250000011,729.3515666875171,-1.0,0.26138317584991455,18.0,0.6306915879249573,ppo_thermostatic,23.881123976100127
1210,4287600.0,23.880302120263877,5.699999999999989,731.9560090428932,-1.0,0.2655692994594574,18.0,0.6327846497297287,ppo_thermostatic,23.881301634860847
1211,4288500.0,23.920466683161806,5.62451171875,718.595880409271,-1.0,0.23773106932640076,18.0,0.6188655346632004,ppo_thermostatic,23.880302120263877
1212,4289400.0,23.91681431150994,5.550086805555566,707.187062705187,-1.0,0.22068312764167786,18.0,0.6103415638208389,ppo_thermostatic,23.920466683161806
1213,4290300.0,23.906051963241737,5.475618489583326,689.5086563166038,-1.0,0.19498062133789062,18.0,0.5974903106689453,ppo_thermostatic,23.91681431150994
1214,4291200.0,23.88397005746225,5.399999999999977,665.2901466233033,-1.0,0.16062769293785095,18.0,0.5803138464689255,ppo_thermostatic,23.906051963241737
1215,4292100.0,23.905575429855787,5.348339843750011,624.2141347259649,-1.0,0.09156584739685059,18.0,0.5457829236984253,ppo_thermostatic,23.88397005746225
1216,4293000.0,23.874229136307804,5.305468749999989,587.8398669986307,-1.0,0.03771597892045975,18.0,0.5188579894602299,ppo_thermostatic,23.905575429855787
1217,4293900.0,23.83103364822267,5.209863281250023,547.7069756226646,-1.0,-0.021755635738372803,18.0,0.4891221821308136,ppo_thermostatic,23.874229136307804
1218,4294800.0,23.76019597281146,5.0,503.9862135008627,-1.0,-0.08491156250238419,18.0,0.4575442187488079,ppo_thermostatic,23.83103364822267
1219,4295700.0,23.857321871543263,4.626074218749977,427.5041996998776,-0.9934516549110413,-0.2221013307571411,18.05566093325615,0.38894933462142944,ppo_thermostatic,23.76019597281146
1220,4296600.0,23.745987112112402,4.132031250000011,390.8350033653892,-1.0,-0.27963587641716003,18.0,0.36018206179142,ppo_thermostatic,23.857321871543263
1221,4297500.0,23.766332946285388,3.5969726562499886,340.08084448619763,-0.9700972437858582,-0.3447326123714447,18.254173427820206,0.32763369381427765,ppo_thermostatic,23.745987112112402
1222,4298400.0,23.67790028353079,3.1000000000000227,314.26792064202874,-0.9587270617485046,-0.3728484809398651,18.35081997513771,0.31357575953006744,ppo_thermostatic,23.766332946285388
1223,4299300.0,23.255601450884058,2.6494140625,200.77661467485308,-0.8420592546463013,-0.45450258255004883,19.34249633550644,0.2727487087249756,ppo_thermostatic,23.67790028353079
1224,4300200.0,23.562689474721594,2.1999999999999886,108.54218917233125,-0.6608859300613403,-0.5687026977539062,20.882469594478607,0.21564865112304688,ppo_thermostatic,23.255601450884058
1225,4301100.0,23.338233089347455,1.7505859374999773,108.72619468907135,-0.6659523248672485,-0.5382491946220398,20.839405238628387,0.2308754026889801,ppo_thermostatic,23.562689474721594
1226,4302000.0,23.24892466233922,1.3000000000000114,85.61627453245836,-0.6192354559898376,-0.5500420331954956,21.23649862408638,0.2249789834022522,ppo_thermostatic,23.338233089347455
1227,4302900.0,23.29110582083854,0.8147460937499886,47.315623291490986,-0.511441707611084,-0.5666762590408325,22.152745485305786,0.21666187047958374,ppo_thermostatic,23.24892466233922
1228,4303800.0,23.171573560607726,0.29921875000002274,34.94188429344686,-0.48275190591812134,-0.5408775806427002,22.39660879969597,0.2295612096786499,ppo_thermostatic,23.29110582083854
1229,4304700.0,23.066523943598384,-0.19091796875,19.838022713655214,-0.45108675956726074,-0.525811493396759,22.665762543678284,0.23709425330162048,ppo_thermostatic,23.171573560607726
1230,4305600.0,22.970939123751066,-0.6000000000000227,4.938409507896226,-0.4215462803840637,-0.51137775182724,22.91685661673546,0.24431112408638,ppo_thermostatic,23.066523943598384
1231,4306500.0,22.917127213012975,-0.8312500000000114,61.499159255868214,-0.37706923484802246,-0.4961628317832947,23.29491150379181,0.25191858410835266,ppo_thermostatic,22.970939123751066
1232,4307400.0,22.842381880703215,-0.8999999999999773,111.88406497084732,-0.35170382261276245,-0.4721528887748718,23.51051750779152,0.2639235556125641,ppo_thermostatic,22.917127213012975
1233,4308300.0,22.77749240359134,-0.9187499999999886,163.02674272207935,-0.3266378343105316,-0.45285719633102417,23.72357840836048,0.2735714018344879,ppo_thermostatic,22.842381880703215
1234,4309200.0,22.718086165802447,-1.0,214.44442801364585,-0.30269718170166016,-0.43465209007263184,23.92707395553589,0.2826739549636841,ppo_thermostatic,22.77749240359134
1235,4310100.0,22.700399460855408,-1.1499999999999773,284.4960738148741,-0.2604042589664459,-0.42599308490753174,24.28656379878521,0.28700345754623413,ppo_thermostatic,22.718086165802447
1236,4311000.0,22.656241977106788,-1.3000000000000114,338.53543599101636,-0.23951278626918793,-0.4003143608570099,24.464141316711903,0.29984281957149506,ppo_thermostatic,22.700399460855408
1237,4311900.0,22.61303696858033,-1.4499999999999886,391.465135408138,-0.22092211246490479,-0.3757495880126953,24.62216204404831,0.31212520599365234,ppo_thermostatic,22.656241977106788
1238,4312800.0,22.573654697653012,-1.6000000000000227,444.0530478403798,-0.20362010598182678,-0.3518703579902649,24.769229099154472,0.32406482100486755,ppo_thermostatic,22.61303696858033
1239,4313700.0,22.57874656589115,-1.7781249999999886,514.7919472631922,-0.16770516335964203,-0.33823809027671814,25.074506111443043,0.33088095486164093,ppo_thermostatic,22.573654697653012
1240,4314600.0,22.552887260741954,-1.9750000000000227,569.1473726759059,-0.1531197428703308,-0.3099927008152008,25.198482185602188,0.3450036495923996,ppo_thermostatic,22.57874656589115
1241,4315500.0,22.522663554676285,-2.1343749999999773,620.0353795992175,-0.14133590459823608,-0.2838232219219208,25.298644810914993,0.3580883890390396,ppo_thermostatic,22.552887260741954
1242,4316400.0,22.497990098186563,-2.1999999999999886,668.6385245779857,-0.12994742393493652,-0.26025399565696716,25.39544689655304,0.3698730021715164,ppo_thermostatic,22.522663554676285
1243,4317300.0,22.429508357016857,-2.1343749999999773,690.7617108821742,-0.13351775705814362,-0.2459397315979004,25.36509906500578,0.3770301342010498,ppo_thermostatic,22.497990098186563
1244,4318200.0,22.411309358416986,-1.9750000000000227,728.9123663062883,-0.11975227296352386,-0.2390379011631012,25.482105679810047,0.3804810494184494,ppo_thermostatic,22.429508357016857
1245,4319100.0,22.40905691739539,-1.7781249999999886,765.9213343238505,-0.1063663586974144,-0.22937899827957153,25.595885951071978,0.38531050086021423,ppo_thermostatic,22.411309358416986
1246,4320000.0,22.409348183716133,-1.6000000000000227,800.154771136137,-0.09464459866285324,-0.21921437978744507,25.695520911365747,0.39039281010627747,ppo_thermostatic,22.40905691739539
1247,4320900.0,22.353605122608087,-1.4499999999999886,810.1127468166054,-0.10105785727500916,-0.21001991629600525,25.641008213162422,0.3949900418519974,ppo_thermostatic,22.409348183716133
1248,4321800.0,22.340770632038982,-1.3000000000000114,838.122984722066,-0.08969676494598389,-0.20871776342391968,25.737577497959137,0.39564111828804016,ppo_thermostatic,22.353605122608087
1249,4322700.0,22.337828124418877,-1.1499999999999773,868.2370366137657,-0.07815101742744446,-0.2037961483001709,25.835716351866722,0.39810192584991455,ppo_thermostatic,22.340770632038982
1250,4323600.0,22.337596676022883,-1.0,898.2440893378815,-0.06745236366987228,-0.19710612297058105,25.926654908806086,0.4014469385147095,ppo_thermostatic,22.337828124418877
1251,4324500.0,22.30570369618715,-0.8742187500000114,913.8703465993115,-0.06804850697517395,-0.18931502103805542,25.92158769071102,0.4053424894809723,ppo_thermostatic,22.337596676022883
1252,4325400.0,22.299160845942993,-0.78125,940.4137111705916,-0.05805986374616623,-0.1861673891544342,26.006491158157587,0.4069163054227829,ppo_thermostatic,22.30570369618715
1253,4326300.0,22.299496743303223,-0.6976562500000227,968.744713239397,-0.04797720909118652,-0.18042725324630737,26.092193722724915,0.4097863733768463,ppo_thermostatic,22.299160845942993
1254,4327200.0,22.30443658467135,-0.6000000000000227,996.8137704175141,-0.038580238819122314,-0.17299845814704895,26.17206797003746,0.4135007709264755,ppo_thermostatic,22.299496743303223
1255,4328100.0,22.271859689629707,-0.47734374999998863,1006.817818638888,-0.042022548615932465,-0.1655835211277008,26.142808336764574,0.4172082394361496,ppo_thermostatic,22.30443658467135
1256,4329000.0,22.26998495657199,-0.34375,1029.778701228028,-0.032990630716085434,-0.16338911652565002,26.219579638913274,0.418305441737175,ppo_thermostatic,22.271859689629707
1257,4329900.0,22.279247573136047,-0.21328125000002274,1055.6528961503302,-0.02270137518644333,-0.15892383456230164,26.30703831091523,0.4205380827188492,ppo_thermostatic,22.26998495657199
1258,4330800.0,22.291657701931342,-0.10000000000002274,1082.1779521805147,-0.013158708810806274,-0.15224045515060425,26.388150975108147,0.4238797724246979,ppo_thermostatic,22.279247573136047
1259,4331700.0,22.286112825493547,-0.012109375000022737,1100.7443602106403,-0.0042131319642066956,-0.15428757667541504,26.464188378304243,0.4228562116622925,ppo_thermostatic,22.291657701931342
1260,4332600.0,22.291902238620935,0.05937499999998863,1125.4834370836031,0.005328014492988586,-0.15050676465034485,26.545288123190403,0.4247466176748276,ppo_thermostatic,22.286112825493547
1261,4333500.0,22.302461767046793,0.12617187500001137,1151.806941675463,0.013331055641174316,-0.14229324460029602,26.61331397294998,0.428853377699852,ppo_thermostatic,22.291902238620935
1262,4334400.0,22.314978018395323,0.19999999999998863,1177.9198641689022,0.01972799003124237,-0.13145101070404053,26.66768791526556,0.43427449464797974,ppo_thermostatic,22.302461767046793
1263,4335300.0,22.30269818770006,0.31757812500001137,1191.1172912147654,0.023635052144527435,-0.13072124123573303,26.700897943228483,0.4346393793821335,ppo_thermostatic,22.314978018395323
1264,4336200.0,22.30770683003334,0.46562499999998863,1211.414326413692,0.030415743589401245,-0.12635216116905212,26.75853382050991,0.43682391941547394,ppo_thermostatic,22.30269818770006
1265,4337100.0,22.31787452992114,0.5808593749999886,1233.2398663754325,0.03643867373466492,-0.11882974952459335,26.809728726744652,0.4405851252377033,ppo_thermostatic,22.30770683003334
1266,4338000.0,22.323377136317447,0.6000000000000227,1254.8460619394773,0.04011879861354828,-0.10870356112718582,26.84100978821516,0.4456482194364071,ppo_thermostatic,22.31787452992114
1267,4338900.0,22.340335875252606,0.5500000000000114,1283.3409006410914,0.05246396362781525,-0.1057484820485115,26.94594369083643,0.44712575897574425,ppo_thermostatic,22.323377136317447
1268,4339800.0,22.34055492651686,0.5,1304.4633515098947,0.05299295485019684,-0.09220578521490097,26.950440116226673,0.4538971073925495,ppo_thermostatic,22.340335875252606
1269,4340700.0,22.32861336169526,0.44999999999998863,1320.1228374533268,0.048951610922813416,-0.07726725190877914,26.916088692843914,0.46136637404561043,ppo_thermostatic,22.34055492651686
1270,4341600.0,22.304641794463294,0.39999999999997726,1332.1750803606024,0.042966172099113464,-0.0637880340218544,26.865212462842464,0.4681059829890728,ppo_thermostatic,22.32861336169526
1271,4342500.0,22.249208899093333,0.35000000000002274,1331.3969125665546,0.0421273410320282,-0.07376334816217422,26.85808239877224,0.4631183259189129,ppo_thermostatic,22.304641794463294
1272,4343400.0,22.204254842299463,0.30000000000001137,1336.8562574290622,0.03980138897895813,-0.07493453472852707,26.838311806321144,0.46253273263573647,ppo_thermostatic,22.249208899093333
1273,4344300.0,22.167339676179324,0.25,1339.2169766932197,0.03449437767267227,-0.0717710480093956,26.793202210217714,0.4641144759953022,ppo_thermostatic,22.204254842299463
1274,4345200.0,22.22327988228068,0.19999999999998863,1308.0077020815593,0.025771602988243103,-0.06763739138841629,26.719058625400066,0.46618130430579185,ppo_thermostatic,22.167339676179324
1275,4346100.0,22.349726796842788,0.14999999999997726,1203.607613916195,0.008752144873142242,-0.08724533766508102,26.57439323142171,0.4563773311674595,ppo_thermostatic,22.22327988228068
1276,4347000.0,22.472588511377523,0.10000000000002274,1063.040779336076,-0.027927838265895844,-0.10235484689474106,26.262613374739885,0.44882257655262947,ppo_thermostatic,22.349726796842788
1277,4347900.0,22.42672391941619,0.05000000000001137,940.7367489954394,-0.07573796808719635,-0.12284208089113235,25.85622727125883,0.4385789595544338,ppo_thermostatic,22.472588511377523
1278,4348800.0,22.398956889126794,0.0,842.0222791890483,-0.10950420796871185,-0.15087518095970154,25.56921423226595,0.42456240952014923,ppo_thermostatic,22.42672391941619
1279,4349700.0,22.850709508132525,0.30638786764706083,457.54797853109886,-0.21683987975120544,-0.1968996524810791,24.656861022114754,0.40155017375946045,ppo_thermostatic,22.398956889126794
1280,4350600.0,22.67145929925408,1.1253676470588516,240.43874419023166,-0.32623258233070374,-0.28394830226898193,23.72702305018902,0.35802584886550903,ppo_thermostatic,22.850709508132525
1281,4351500.0,22.83835416113459,2.156663602941194,143.34803484149265,-0.34108537435531616,-0.407642126083374,23.600774317979813,0.296178936958313,ppo_thermostatic,22.67145929925408
1282,4352400.0,23.097215043003928,3.1000000000000227,57.44953474353508,-0.35867583751678467,-0.49649906158447266,23.45125538110733,0.25175046920776367,ppo_thermostatic,22.83835416113459
1283,4353300.0,23.163923838022356,3.899695408686739,39.13048621817986,-0.48893868923187256,-0.5168014168739319,22.344021141529083,0.24159929156303406,ppo_thermostatic,23.097215043003928
1284,4354200.0,23.35059563384482,4.6999230506156096,75.2472349137139,-0.5765575170516968,-0.5479826927185059,21.599261105060577,0.22600865364074707,ppo_thermostatic,23.163923838022356
1285,4355100.0,23.52068333202044,5.50018916723667,116.9874932998597,-0.6701309680938721,-0.5426961183547974,20.803886771202087,0.22865194082260132,ppo_thermostatic,23.35059563384482
1286,4356000.0,23.624380486060375,6.300000000000011,170.28879232288597,-0.7710925936698914,-0.5070633292198181,19.945712953805923,0.24646833539009094,ppo_thermostatic,23.52068333202044
1287,4356900.0,23.16640491432372,7.285610465116292,295.19303638620437,-0.9843180775642395,-0.37697258591651917,18.133296340703964,0.3115137070417404,ppo_thermostatic,23.624380486060375
1288,4357800.0,23.514395511288967,8.387209302325573,314.6027875460662,-1.0,-0.39255571365356445,18.0,0.3037221431732178,ppo_thermostatic,23.16640491432372
1289,4358700.0,23.634949387549284,9.220203488372078,378.9747684523675,-1.0,-0.2877294421195984,18.0,0.3561352789402008,ppo_thermostatic,23.514395511288967
1290,4359600.0,23.682625300197287,9.399999999999977,445.96944482636775,-1.0,-0.17452594637870789,18.0,0.41273702681064606,ppo_thermostatic,23.634949387549284
1291,4360500.0,23.77440028162937,9.125,495.0861903573066,-1.0,-0.10223317891359329,18.0,0.44888341054320335,ppo_thermostatic,23.682625300197287
1292,4361400.0,23.76368196581018,8.850000000000023,556.3182076752029,-1.0,0.0027167871594429016,18.0,0.5013583935797215,ppo_thermostatic,23.77440028162937
1293,4362300.0,23.752652328274166,8.574999999999989,612.7575713418549,-1.0,0.09785978496074677,18.0,0.5489298924803734,ppo_thermostatic,23.76368196581018
1294,4363200.0,23.7433958949685,8.300000000000011,666.3983802426791,-1.0,0.18643081188201904,18.0,0.5932154059410095,ppo_thermostatic,23.752652328274166
1295,4364100.0,23.8234324159053,8.024999999999977,698.0743685918911,-1.0,0.22255852818489075,18.0,0.6112792640924454,ppo_thermostatic,23.7433958949685
1296,4365000.0,23.81886261433914,7.75,742.4316732979681,-1.0,0.2925262153148651,18.0,0.6462631076574326,ppo_thermostatic,23.8234324159053
1297,4365900.0,23.81593910174206,7.475000000000023,783.1963153948292,-1.0,0.3555543124675751,18.0,0.6777771562337875,ppo_thermostatic,23.81886261433914
1298,4366800.0,23.811574965410898,7.199999999999989,820.9131566401891,-1.0,0.4133017957210541,18.0,0.706650897860527,ppo_thermostatic,23.81593910174206
1299,4367700.0,23.89760732291728,6.925000000000011,834.8261887817288,-1.0,0.4171938896179199,18.0,0.70859694480896,ppo_thermostatic,23.811574965410898
1300,4368600.0,23.90742810310263,6.649999999999977,862.4242465804571,-1.0,0.4558090567588806,18.0,0.7279045283794403,ppo_thermostatic,23.89760732291728
1301,4369500.0,23.905034454157146,6.375,886.1601686576295,-1.0,0.49076807498931885,18.0,0.7453840374946594,ppo_thermostatic,23.90742810310263
1302,4370400.0,23.897717077163065,6.100000000000023,903.9161180025183,-1.0,0.5178154110908508,18.0,0.7589077055454254,ppo_thermostatic,23.905034454157146
1303,4371300.0,23.91656133258749,5.919218750000027,909.054645801247,-1.0,0.5213508605957031,18.0,0.7606754302978516,ppo_thermostatic,23.897717077163065
1304,4372200.0,23.920068543718912,5.876250000000027,913.2988655426833,-1.0,0.5267059206962585,18.0,0.7633529603481293,ppo_thermostatic,23.91656133258749
1305,4373100.0,23.919479875910497,5.895156250000014,911.7405817579836,-1.0,0.5246045589447021,18.0,0.7623022794723511,ppo_thermostatic,23.920068543718912
1306,4374000.0,23.91584670340984,5.899999999999977,903.2270094535985,-1.0,0.5131523609161377,18.0,0.7565761804580688,ppo_thermostatic,23.919479875910497
1307,4374900.0,23.934122985057343,5.873928571428564,881.2697588890321,-1.0,0.4778707027435303,18.0,0.7389353513717651,ppo_thermostatic,23.91584670340984
1308,4375800.0,23.931457735805225,5.84964285714284,857.8030568870668,-1.0,0.44430118799209595,18.0,0.722150593996048,ppo_thermostatic,23.934122985057343
1309,4376700.0,23.925271239845358,5.8255357142857065,828.9833026819465,-1.0,0.4031687378883362,18.0,0.7015843689441681,ppo_thermostatic,23.931457735805225
1310,4377600.0,23.913951482385244,5.800000000000011,794.8820084431923,-1.0,0.3545571565628052,18.0,0.6772785782814026,ppo_thermostatic,23.925271239845358
1311,4378500.0,23.930524316094875,5.823995535714289,749.117440668578,-1.0,0.282289981842041,18.0,0.6411449909210205,ppo_thermostatic,23.913951482385244
1312,4379400.0,23.91949458260035,5.874107142857156,706.057547392737,-1.0,0.21802207827568054,18.0,0.6090110391378403,ppo_thermostatic,23.930524316094875
1313,4380300.0,23.895606915001395,5.837165178571411,660.838416717168,-1.0,0.15126286447048187,18.0,0.5756314322352409,ppo_thermostatic,23.91949458260035
1314,4381200.0,23.845428561624487,5.600000000000023,612.3795063087832,-1.0,0.08196279406547546,18.0,0.5409813970327377,ppo_thermostatic,23.895606915001395
1315,4382100.0,23.905369576546775,5.225000000000023,538.0225392867796,-1.0,-0.04899784177541733,18.0,0.47550107911229134,ppo_thermostatic,23.845428561624487
1316,4383000.0,23.85339570201222,4.850000000000023,489.3381412465428,-1.0,-0.1230267658829689,18.0,0.43848661705851555,ppo_thermostatic,23.905369576546775
1317,4383900.0,23.814486436909704,4.475000000000023,446.6133455245171,-1.0,-0.19077163934707642,18.0,0.4046141803264618,ppo_thermostatic,23.85339570201222
1318,4384800.0,23.765974936362056,4.100000000000023,412.15167485660635,-1.0,-0.24456706643104553,18.0,0.37771646678447723,ppo_thermostatic,23.814486436909704
1319,4385700.0,23.255315762341127,3.7250000000000227,311.53461862462257,-0.9645556211471558,-0.333667129278183,18.301277220249176,0.3331664353609085,ppo_thermostatic,23.765974936362056
1320,4386600.0,23.762207746968897,3.3500000000000227,181.6687324949647,-0.7786149382591248,-0.5008882284164429,19.88177302479744,0.24955588579177856,ppo_thermostatic,23.255315762341127
1321,4387500.0,23.409892057811987,2.9750000000000227,202.42569267769036,-0.8322445750236511,-0.4594265818595886,19.425921112298965,0.2702867090702057,ppo_thermostatic,23.762207746968897
1322,4388400.0,23.440772576216943,2.6000000000000227,158.43358025585155,-0.7633107304573059,-0.5080556273460388,20.0118587911129,0.2459721863269806,ppo_thermostatic,23.409892057811987
1323,4389300.0,23.460185533199194,2.2250000000000227,122.72151128339229,-0.6817992329597473,-0.5269391536712646,20.704706519842148,0.23653042316436768,ppo_thermostatic,23.440772576216943
1324,4390200.0,23.335354583734897,1.8500000000000227,110.14999047096788,-0.6558482050895691,-0.516290009021759,20.925290256738663,0.24185499548912048,ppo_thermostatic,23.460185533199194
1325,4391100.0,23.240576837380388,1.4750000000000227,92.34241162211795,-0.6202467679977417,-0.5165174007415771,21.227902472019196,0.24174129962921143,ppo_thermostatic,23.335354583734897
1326,4392000.0,23.140933115033363,1.1000000000000227,76.23236350558068,-0.5883128643035889,-0.5136913061141968,21.499340653419495,0.2431543469429016,ppo_thermostatic,23.240576837380388
1327,4392900.0,23.097899391564795,0.8192187500000045,53.5223878466301,-0.5323955416679382,-0.5087745189666748,21.974637895822525,0.2456127405166626,ppo_thermostatic,23.140933115033363
1328,4393800.0,23.017944647452737,0.6762499999999818,38.8377648419954,-0.5006744265556335,-0.495227575302124,22.244267374277115,0.252386212348938,ppo_thermostatic,23.097899391564795
1329,4394700.0,22.9507845515422,0.5951562500000023,23.679169053932686,-0.4691006541252136,-0.48664844036102295,22.512644439935684,0.2566757798194885,ppo_thermostatic,23.017944647452737
1330,4395600.0,22.88501741401194,0.5,8.689759919661451,-0.43909692764282227,-0.47863835096359253,22.76767611503601,0.26068082451820374,ppo_thermostatic,22.9507845515422
1331,4396500.0,22.85946718396707,0.37828124999998636,54.031929612891346,-0.3918956518173218,-0.4681621789932251,23.168886959552765,0.26591891050338745,ppo_thermostatic,22.88501741401194
1332,4397400.0,22.802096723169996,0.2612500000000182,105.32652395737385,-0.36495786905288696,-0.44639384746551514,23.39785811305046,0.27680307626724243,ppo_thermostatic,22.85946718396707
1333,4398300.0,22.74711886310314,0.13859374999998408,156.66583264821537,-0.34003424644470215,-0.4259042739868164,23.60970890522003,0.2870478630065918,ppo_thermostatic,22.802096723169996
1334,4399200.0,22.69634845402544,0.0,208.44144301367254,-0.31650954484939575,-0.40544354915618896,23.809668868780136,0.2972782254219055,ppo_thermostatic,22.74711886310314
1335,4400100.0,22.698230080234453,-0.14999999999997726,283.7202484953698,-0.27583128213882446,-0.37932348251342773,24.155434101819992,0.31033825874328613,ppo_thermostatic,22.69634845402544
1336,4401000.0,22.666374947105794,-0.30000000000001137,339.39964591723907,-0.25604110956192017,-0.34677019715309143,24.32365056872368,0.3266149014234543,ppo_thermostatic,22.698230080234453
1337,4401900.0,22.631350374712042,-0.44999999999998863,392.45750941512955,-0.2385648638010025,-0.31963208317756653,24.47219865769148,0.34018395841121674,ppo_thermostatic,22.666374947105794
1338,4402800.0,22.597861739434222,-0.6000000000000227,444.0933212875935,-0.22236476838588715,-0.2953363358974457,24.60989946871996,0.35233183205127716,ppo_thermostatic,22.631350374712042
1339,4403700.0,22.619361477726613,-0.75,518.5686694585896,-0.19128677248954773,-0.26528918743133545,24.874062433838844,0.3673554062843323,ppo_thermostatic,22.597861739434222
1340,4404600.0,22.602150334021417,-0.8999999999999773,570.795498255498,-0.1793282926082611,-0.23221805691719055,24.97570951282978,0.3838909715414047,ppo_thermostatic,22.619361477726613
1341,4405500.0,22.57785591419929,-1.0500000000000114,618.8623352279959,-0.16878104209899902,-0.20593208074569702,25.06536114215851,0.3970339596271515,ppo_thermostatic,22.602150334021417
1342,4406400.0,22.55255048835369,-1.1999999999999886,665.1100508415245,-0.15863503515720367,-0.18335214257240295,25.15160220116377,0.4083239287137985,ppo_thermostatic,22.57785591419929
1343,4407300.0,22.597134383726086,-1.3718749999999886,740.3493040573003,-0.12675151228904724,-0.16326621174812317,25.4226121455431,0.4183668941259384,ppo_thermostatic,22.55255048835369
