{
  "w_comfort": 0.08793762893624359,
  "w_energy": 0.6828971746071325,
  "w_safety": 0.2291651964566239
}