{
  "data_path": "data/surrogate_v2/boptest_v2_tsupply.csv",
  "model_path": "outputs/surrogate_v2/rc_node_v3_tsupply.pt",
  "target_mode": "clean",
  "inject_artifacts": true,
  "policy_filter": "mixed",
  "season_filter": null,
  "rows": 300,
  "best_stage_b_epoch": 2,
  "best_stage_c_epoch": 1,
  "baseline_rmse_c": 0.675923764705658,
  "baseline_mae_c": 0.5217543244361877,
  "baseline_bias_c": 0.049404360353946686,
  "baseline_power_mae_w": 42.28974914550781,
  "calibrated_rmse_c": 0.6722880005836487,
  "calibrated_mae_c": 0.5194500684738159,
  "calibrated_bias_c": 0.039033979177474976,
  "calibrated_power_mae_w": 42.235252380371094,
  "improvement_rmse_pct": 0.5378955899845496,
  "c_zon_prior_j_per_k": 530000.0,
  "c_zon_after_stage_b_j_per_k": 530198.3125,
  "c_zon_final_j_per_k": 530297.5,
  "czon_error_pct": 26.261309523809523,
  "power_scale_final": 1.0009994506835938,
  "power_bias_final_w": 0.0008132291259244084,
  "stage_b_epochs_ran": 2,
  "stage_c_epochs_ran": 1,
  "czon_lr": 0.001,
  "backbone_lr": 1e-05,
  "calib_lr": 0.001,
  "preprocess_summary": {
    "latency_est_steps": 2.0,
    "latency_search_rmse_c": 0.6737326143599562,
    "temp_bias_est_c": 0.4002553558349611,
    "power_scale_est": 1.033844247817973,
    "power_bias_est_w": 34.58976393532624,
    "postprocess_rmse_c": 1.343871715686832,
    "postprocess_power_mae_w": 44.93056257027151
  },
  "excitation_summary": {
    "rows_total": 300,
    "rows_train_all": 240,
    "rows_train_selected": 240,
    "rows_excitation": 12,
    "rows_context": 228,
    "rows_val": 60,
    "excitation_quantile": 0.95,
    "excitation_threshold": 2.2790852619041586,
    "excitation_mix_ratio": 0.0,
    "excitation_mode": "dt_only",
    "score_mean_train": 0.8396993549816194,
    "score_mean_excitation": 2.812144467936056
  }
}