{
  "latency_est_steps": 2.0,
  "latency_search_rmse_c": 0.6737326143599562,
  "temp_bias_est_c": 0.4002553558349611,
  "power_scale_est": 1.033844247817973,
  "power_bias_est_w": 34.58976393532624,
  "postprocess_rmse_c": 1.343871715686832,
  "postprocess_power_mae_w": 44.93056257027151
}