{
  "data_path": "data/surrogate_v2/boptest_v2_tsupply.csv",
  "model_path": "outputs/surrogate_v2/rc_node_v3_tsupply.pt",
  "target_mode": "clean",
  "inject_artifacts": true,
  "policy_filter": "mixed",
  "season_filter": null,
  "rows": 12800,
  "best_stage_b_epoch": 16,
  "best_stage_c_epoch": 8,
  "baseline_rmse_c": 0.5337545275688171,
  "baseline_mae_c": 0.3905285894870758,
  "baseline_bias_c": 0.05570060759782791,
  "baseline_power_mae_w": 46.08487319946289,
  "calibrated_rmse_c": 0.4759373664855957,
  "calibrated_mae_c": 0.34151771664619446,
  "calibrated_bias_c": -0.07336138188838959,
  "calibrated_power_mae_w": 42.869686126708984,
  "improvement_rmse_pct": 10.832163119359592,
  "c_zon_prior_j_per_k": 530000.0,
  "c_zon_after_stage_b_j_per_k": 546654.375,
  "c_zon_final_j_per_k": 554710.5,
  "czon_error_pct": 32.073928571428574,
  "power_scale_final": 1.003225326538086,
  "power_bias_final_w": -0.05224638804793358,
  "stage_b_epochs_ran": 41,
  "stage_c_epochs_ran": 8,
  "czon_lr": 0.001,
  "backbone_lr": 1e-05,
  "calib_lr": 0.001,
  "preprocess_summary": {
    "latency_est_steps": 2.0,
    "latency_search_rmse_c": 0.6624734145755472,
    "temp_bias_est_c": 0.39915284729003986,
    "power_scale_est": 1.0323975537669485,
    "power_bias_est_w": 34.78564566287227,
    "postprocess_rmse_c": 1.4427831548083847,
    "postprocess_power_mae_w": 63.76251460368121
  },
  "excitation_summary": {
    "rows_total": 12800,
    "rows_train_all": 10240,
    "rows_train_selected": 2925,
    "rows_excitation": 1024,
    "rows_context": 1901,
    "rows_val": 2560,
    "excitation_quantile": 0.9,
    "excitation_threshold": 1.4909568057211706,
    "excitation_mix_ratio": 0.35,
    "score_mean_train": 0.9169481045555654,
    "score_mean_excitation": 1.8259381899294267
  }
}