{
  "data_path": "data/surrogate_v2/boptest_v2_tsupply.csv",
  "model_path": "outputs/surrogate_v2/rc_node_v3_tsupply.pt",
  "target_mode": "clean",
  "inject_artifacts": true,
  "policy_filter": "mixed",
  "season_filter": null,
  "rows": 12800,
  "best_stage_b_epoch": 2,
  "best_stage_c_epoch": 3,
  "baseline_rmse_c": 0.5337545275688171,
  "baseline_mae_c": 0.3905285894870758,
  "baseline_bias_c": 0.05570060759782791,
  "baseline_power_mae_w": 46.08487319946289,
  "calibrated_rmse_c": 0.43804100155830383,
  "calibrated_mae_c": 0.31618568301200867,
  "calibrated_bias_c": -0.02934381552040577,
  "calibrated_power_mae_w": 41.40317916870117,
  "improvement_rmse_pct": 17.93212442552498,
  "c_zon_prior_j_per_k": 530000.0,
  "c_zon_after_stage_b_j_per_k": 551623.125,
  "c_zon_final_j_per_k": 573718.0625,
  "czon_error_pct": 36.599538690476194,
  "power_scale_final": 0.9950137734413147,
  "power_bias_final_w": -0.2770255506038666,
  "stage_b_epochs_ran": 42,
  "stage_c_epochs_ran": 15,
  "czon_lr": 0.01,
  "backbone_lr": 0.0001,
  "calib_lr": 0.01,
  "preprocess_summary": {
    "latency_est_steps": 2.0,
    "latency_search_rmse_c": 0.6624734145755472,
    "temp_bias_est_c": 0.39915284729003986,
    "power_scale_est": 1.0323975537669485,
    "power_bias_est_w": 34.78564566287227,
    "postprocess_rmse_c": 1.4427831548083847,
    "postprocess_power_mae_w": 63.76251460368121
  },
  "excitation_summary": {
    "rows_total": 12800,
    "rows_train_all": 10240,
    "rows_train_selected": 2925,
    "rows_excitation": 1024,
    "rows_context": 1901,
    "rows_val": 2560,
    "excitation_quantile": 0.9,
    "excitation_threshold": 1.4909568057211706,
    "excitation_mix_ratio": 0.35,
    "score_mean_train": 0.9169481045555654,
    "score_mean_excitation": 1.8259381899294267
  }
}