{
  "data_path": "data/surrogate_v2/boptest_v2_tsupply.csv",
  "model_path": "outputs/surrogate_v2/rc_node_v3_tsupply.pt",
  "target_mode": "clean",
  "inject_artifacts": false,
  "policy_filter": "mixed",
  "season_filter": null,
  "rows": 12800,
  "best_stage_b_epoch": 2,
  "best_stage_c_epoch": 6,
  "baseline_rmse_c": 0.5322133898735046,
  "baseline_mae_c": 0.38888633251190186,
  "baseline_bias_c": 0.039013247936964035,
  "baseline_power_mae_w": 46.44684982299805,
  "calibrated_rmse_c": 0.42985299229621887,
  "calibrated_mae_c": 0.3008396029472351,
  "calibrated_bias_c": 0.05523024499416351,
  "calibrated_power_mae_w": 40.69015121459961,
  "improvement_rmse_pct": 19.232961726426044,
  "c_zon_prior_j_per_k": 530000.0,
  "c_zon_after_stage_b_j_per_k": 545980.8125,
  "c_zon_final_j_per_k": 571433.125,
  "czon_error_pct": null,
  "power_scale_final": 0.9955503940582275,
  "power_bias_final_w": -0.4829501509666443,
  "stage_b_epochs_ran": 22,
  "stage_c_epochs_ran": 36,
  "czon_lr": 0.01,
  "backbone_lr": 0.0001,
  "calib_lr": 0.01,
  "preprocess_summary": {
    "latency_est_steps": 0.0,
    "latency_search_rmse_c": 0.5345939975180041,
    "temp_bias_est_c": -0.013166383361815193,
    "power_scale_est": 1.0687185064866684,
    "power_bias_est_w": -15.792927181334102,
    "postprocess_rmse_c": 1.5188482834934198,
    "postprocess_power_mae_w": 68.2921688725261
  },
  "excitation_summary": {
    "rows_total": 12800,
    "rows_train_all": 10240,
    "rows_train_selected": 3413,
    "rows_excitation": 2048,
    "rows_context": 1365,
    "rows_val": 2560,
    "excitation_quantile": 0.8,
    "excitation_threshold": 1.2548476308950687,
    "excitation_mix_ratio": 0.6,
    "score_mean_train": 0.9159901996194997,
    "score_mean_excitation": 1.6090074923046505
  }
}