{
  "data_path": "data/surrogate_v2/boptest_v2_tsupply.csv",
  "model_path": "outputs/surrogate_v2/rc_node_v3_tsupply.pt",
  "target_mode": "clean",
  "inject_artifacts": true,
  "policy_filter": "mixed",
  "season_filter": null,
  "rows": 12800,
  "best_stage_b_epoch": 69,
  "best_stage_c_epoch": 1,
  "baseline_rmse_c": 0.5337544679641724,
  "baseline_mae_c": 0.3905285596847534,
  "baseline_bias_c": 0.05570018291473389,
  "baseline_power_mae_w": 46.08487319946289,
  "calibrated_rmse_c": 0.5285896062850952,
  "calibrated_mae_c": 0.3822890520095825,
  "calibrated_bias_c": 0.001737200072966516,
  "calibrated_power_mae_w": 46.32326126098633,
  "improvement_rmse_pct": 0.9676474838284321,
  "c_zon_prior_j_per_k": 420000.0,
  "c_zon_after_stage_b_j_per_k": 432878.96875,
  "c_zon_final_j_per_k": 433074.75,
  "czon_error_pct": 3.1130357142857146,
  "power_scale_final": 0.9981645941734314,
  "power_bias_final_w": -0.0013418782036751509,
  "stage_b_epochs_ran": 94,
  "stage_c_epochs_ran": 7,
  "czon_lr": 0.001,
  "backbone_lr": 2e-05,
  "calib_lr": 0.001,
  "preprocess_summary": {
    "latency_est_steps": 2.0,
    "latency_search_rmse_c": 0.6624733831916397,
    "temp_bias_est_c": 0.39915380096435626,
    "power_scale_est": 1.0323976172190295,
    "power_bias_est_w": 34.78564904197568,
    "postprocess_rmse_c": 1.442783271029558,
    "postprocess_power_mae_w": 63.76250920967612
  },
  "excitation_summary": {
    "rows_total": 12800,
    "rows_train_all": 10240,
    "rows_train_selected": 512,
    "rows_excitation": 512,
    "rows_context": 0,
    "rows_val": 2560,
    "excitation_quantile": 0.95,
    "excitation_threshold": 1.4289230849528665,
    "excitation_mix_ratio": 1.0,
    "excitation_mode": "dt_only",
    "score_mean_train": 0.5654951590975683,
    "score_mean_excitation": 1.8212459673129475
  }
}