{
  "data_path": "data/surrogate_v2/boptest_v2_tsupply.csv",
  "model_path": "outputs/surrogate_v2/rc_node_v3_tsupply.pt",
  "target_mode": "clean",
  "inject_artifacts": true,
  "policy_filter": "mixed",
  "season_filter": null,
  "rows": 12800,
  "best_stage_b_epoch": 1,
  "best_stage_c_epoch": 33,
  "baseline_rmse_c": 0.5337545275688171,
  "baseline_mae_c": 0.3905285894870758,
  "baseline_bias_c": 0.05570060759782791,
  "baseline_power_mae_w": 46.08487319946289,
  "calibrated_rmse_c": 0.4221515655517578,
  "calibrated_mae_c": 0.30482593178749084,
  "calibrated_bias_c": -0.01984625682234764,
  "calibrated_power_mae_w": 38.95998764038086,
  "improvement_rmse_pct": 20.909042687730704,
  "c_zon_prior_j_per_k": 530000.0,
  "c_zon_after_stage_b_j_per_k": 543774.625,
  "c_zon_final_j_per_k": 547152.375,
  "czon_error_pct": 30.274375,
  "power_scale_final": 0.9812414646148682,
  "power_bias_final_w": -2.1061489582061768,
  "stage_b_epochs_ran": 21,
  "stage_c_epochs_ran": 63,
  "czon_lr": 0.01,
  "backbone_lr": 0.0001,
  "calib_lr": 0.01,
  "preprocess_summary": {
    "latency_est_steps": 2.0,
    "latency_search_rmse_c": 0.6624734145755472,
    "temp_bias_est_c": 0.39915284729003986,
    "power_scale_est": 1.0323975537669485,
    "power_bias_est_w": 34.78564566287227,
    "postprocess_rmse_c": 1.4427831548083847,
    "postprocess_power_mae_w": 63.76251460368121
  },
  "excitation_summary": {
    "rows_total": 12800,
    "rows_train_all": 10240,
    "rows_train_selected": 3413,
    "rows_excitation": 2048,
    "rows_context": 1365,
    "rows_val": 2560,
    "excitation_quantile": 0.8,
    "excitation_threshold": 1.2423434765434291,
    "excitation_mix_ratio": 0.6,
    "score_mean_train": 0.9169481045555654,
    "score_mean_excitation": 1.5897192284356134
  }
}