{
  "latency_est_steps": 2.0,
  "latency_search_rmse_c": 0.6798490850818516,
  "temp_bias_est_c": 0.3765453384399411,
  "power_scale_est": 1.0331831086431649,
  "power_bias_est_w": 34.414853886733006,
  "postprocess_rmse_c": 1.3446890914326863,
  "postprocess_power_mae_w": 45.0765317502634
}